,train_ML_f1_mean,train_ML_f1_std,test_ML_f1_mean,test_ML_f1_std
0.1,0.4779585690140567,0.006948716909362612,0.47208249032462446,0.005535056127781446
0.2,0.501340055091343,0.012477597688025085,0.4793005915596205,0.024740206415500426
0.3,0.5124244803148174,0.025226962936783642,0.482389523651943,0.027990400070174462
0.4,0.516588691642635,0.01608313757469915,0.458756119257553,0.009381013310877425
0.5,0.5000915227367412,0.014975896672294056,0.4688090281968661,0.02673091506963999
0.6,0.5323851301977893,0.01724692973298414,0.5026616031027796,0.0459398504395669
0.7,0.5041177582794477,0.024366302732800535,0.49932303335586586,0.03565077954791789
0.8,0.4947368407476914,0.024013010019410926,0.5312886663261209,0.048560271744295044
