,train_ML_f1_mean,train_ML_f1_std,test_ML_f1_mean,test_ML_f1_std
0.1,0.782929155345695,0.046165476293032484,0.792566149177065,0.08219416156073187
0.2,0.8021319229231942,0.02088705675096968,0.763576543066323,0.056815783453963264
0.3,0.7732134190766062,0.036229023259727045,0.7603287066156812,0.07111991427638771
0.4,0.762168674986923,0.052159275160523856,0.707605884699924,0.09394488556502098
0.5,0.7587591627338381,0.04916869120610932,0.7578424644797245,0.08731391791563564
0.6,0.710042727157868,0.06778419377055153,0.7920303282869441,0.06642644394778142
0.7,0.7353909244256098,0.0350308159870974,0.682829329260904,0.06440964809284778
0.8,0.6570228071238221,0.07856374567799967,0.6231159428670197,0.03886224183104259
0.9,0.4692924928105592,0.11816042813888784,0.35783134306354114,0.06571150158820105
