,train_ML_f1_mean,train_ML_f1_std,test_ML_f1_mean,test_ML_f1_std
0.1,0.7622522560306677,0.038047858043369596,0.7833165071828414,0.05563217996175638
0.2,0.7754766971804148,0.047456995053746655,0.7233825698111411,0.04553266473524201
0.3,0.7364186968456338,0.04291326982240128,0.7270580433935511,0.055761039599046054
0.4,0.78757141151878,0.06272352942266864,0.7067605341057354,0.10085885536520497
0.5,0.7492863522096809,0.0544838979537246,0.735244816831047,0.06906691841510759
0.6,0.7600462186326847,0.04809252871405206,0.7524649433848081,0.05833304820314322
0.7,0.7831538111569071,0.038834964299807255,0.668710158688626,0.061044404663881495
0.8,0.6598070086083394,0.07610172950107158,0.5947509859409174,0.06046107469742948
0.9,0.39643447627054185,0.0877709306600356,0.3461562577345104,0.03285662454468368
