,train_ML_rmse_mean,train_ML_rmse_std,test_ML_rmse_mean,test_ML_rmse_std
0.1,0.6268238282372132,0.00826949143404645,0.6269187494662224,0.009057736909093402
0.2,0.6343628566088044,0.006231489367980854,0.6436198537530691,0.0077685212129154375
0.3,0.6244595661081849,0.008224758858208838,0.6293152011636962,0.008861376907935868
0.4,0.6414455803326378,0.00861215694843647,0.6474103609507763,0.007887325056940517
0.5,0.6444130030806857,0.005257705516122488,0.6592994566640188,0.007101350695515183
0.6,0.9019945485467925,0.05335130812333311,1.1776790543305131,0.02310188440505525
0.7,0.8447661308156406,0.03846891099727172,1.3729923341739663,0.030723687049293607
0.8,0.8565246729326861,0.025833606209317638,1.5704375645600142,0.026057013484900634
