,train_ML_rmse_mean,train_ML_rmse_std,test_ML_rmse_mean,test_ML_rmse_std
0.1,0.7295558646363642,0.008352829489781003,0.7291835155489135,0.00909957405881195
0.2,0.7306837114966772,0.00853275153769564,0.730022471939503,0.0072605552473956145
0.3,0.730148012295405,0.008267652362088904,0.7276586092178712,0.007871434786159868
0.4,0.7301651461225002,0.008830761085168235,0.7303084982095517,0.007949458222652143
0.5,0.7318479304199257,0.008858494381501979,0.7330056395612677,0.00808501612118221
0.6,0.8063384355761553,0.011366540635071415,1.0694452843759674,0.015656989425007636
0.7,0.8340342863600702,0.009610869389763767,1.107615057641783,0.01906115551576441
0.8,1.0623834005625776,0.020253055560905793,1.4273490090530139,0.018102471690810622
