,train_ML_rmse_mean,train_ML_rmse_std,test_ML_rmse_mean,test_ML_rmse_std
0.1,0.718629774852087,0.003033565556813076,0.7713025536344098,0.006893208124592992
0.2,0.7359548112036511,0.0035531128572303485,0.7961970278705097,0.010877443712471796
0.3,0.7596575398663041,0.005229098778571056,0.8286374224371794,0.016458474052851318
0.4,0.7762559512759243,0.003770749442928541,0.8508151731582518,0.015297178933559759
0.5,0.772454526916036,0.004107450427563014,0.8445528471701087,0.017700701384576325
0.6,0.801183279193671,0.005420624177953697,0.8624674177994835,0.015032755714806653
0.7,0.8156323248297321,0.005593045567401205,0.8686239220856281,0.013126444289963056
0.8,0.8283358805403639,0.005832943329814718,0.880283521137376,0.01774772183283896
0.9,0.8566638328008225,0.0029113786458744894,0.8899851959706085,0.015791527466464516
