,train_ML_f1_mean,train_ML_f1_std,test_ML_f1_mean,test_ML_f1_std
0.1,0.848972451542541,0.01313267050791368,0.7572944996210491,0.043145328341151236
0.2,0.8340380459904105,0.02077122169607101,0.7375194197437409,0.04103249845714583
0.3,0.8593429817048168,0.01834123721254312,0.7355820760915792,0.08901652323358358
0.4,0.8254533821817451,0.02161159257604197,0.7211350879209125,0.030647029560666828
0.5,0.80299872773182,0.013463207441589527,0.7421640297308499,0.030336833694299455
0.6,0.835370921979203,0.004317105678696845,0.722439563098016,0.06566272072942808
0.7,0.8472554257440524,0.010257381428010304,0.708868634112576,0.09422942259691455
0.8,0.8907088748159915,0.023472112877315827,0.727350470099714,0.023072237789089768
