,train_ML_f1_mean,train_ML_f1_std,test_ML_f1_mean,test_ML_f1_std
0.1,0.9230354865544561,0.01558731225241397,0.7990045640238355,0.050216063862515245
0.2,0.9173957470876012,0.021561279351202466,0.7770699927211235,0.04359645329295048
0.3,0.9202980640113653,0.014250394244458588,0.7910106813821983,0.02818985251709125
0.4,0.9190104735104807,0.011519902590826026,0.8051230080815728,0.04056385292415185
0.5,0.9077420166882442,0.02660506477550843,0.7774637557097457,0.06312125555578388
0.6,0.8960178289444247,0.01849279783629537,0.7343626076502674,0.03191235054395557
0.7,0.8777641486108486,0.019323100834985136,0.7057831372603051,0.0865328469528094
0.8,0.9160816505457667,0.01563345960407279,0.7272662060275812,0.10654641197254953
