,train_ML_f1_mean,train_ML_f1_std,test_ML_f1_mean,test_ML_f1_std
0.1,0.6515921336677276,0.09309174874844454,0.4771642556226735,0.006733258822546334
0.2,0.5225453363629572,0.035905908913649295,0.4776858435681965,0.006069967429577366
0.3,0.501515410541201,0.024026182625292304,0.4776858435681965,0.006069967429577366
0.4,0.4773655293779311,0.001642527687711916,0.4776858435681965,0.006069967429577366
0.5,0.49596621556123227,0.01666582039576389,0.4776858435681965,0.006069967429577366
0.6,0.4773655293779311,0.001642527687711916,0.4776858435681965,0.006069967429577366
0.7,0.5343129184913566,0.02500189388998097,0.4776858435681965,0.006069967429577366
0.8,0.49527170758981603,0.015056965870197163,0.4776858435681965,0.006069967429577366
0.9,0.49894838690201404,0.025099736257103742,0.4771937041286887,0.0054691026203584165
