,train_ML_rmse_mean,train_ML_rmse_std,test_ML_rmse_mean,test_ML_rmse_std
0.1,0.6503702505849673,0.017796730930674985,0.6652783738444645,0.02243181461290404
0.2,0.6499883240526161,0.01892855369255842,0.6722733073249006,0.024485314344355965
0.3,0.6525425801096343,0.01716227218335669,0.6736256909611692,0.022673533909198254
0.4,0.6526538759113673,0.01619061443551115,0.6950090201371518,0.025502728297705776
0.5,0.6583527738577489,0.01926126805333848,0.7083590404209688,0.02247005999760845
0.6,0.6563607943083645,0.021691460423778588,0.7228900061554124,0.03141599900230521
0.7,0.6767200233503496,0.012324641483678758,0.7614813403896202,0.028286195480532378
0.8,0.6991209074358331,0.021408526921210973,0.8028516692160889,0.028805778893258763
0.9,0.7180108835695178,0.02016019140296393,0.8644753277367947,0.04655713767014835
