,train_ML_rmse_mean,train_ML_rmse_std,test_ML_rmse_mean,test_ML_rmse_std
0.1,0.6786227984326549,0.02196531430335282,0.6774967857982834,0.022990187240668272
0.2,0.6812972576299824,0.02385555757583177,0.6829640114826067,0.03155069238556161
0.3,0.6944187565568949,0.029803041840017773,0.6787933559699925,0.02395136411932133
0.4,0.7278154619185585,0.034863226604737334,0.700539874003255,0.03035936150960859
0.5,0.7206551598683699,0.02873929707088368,0.7144139023033091,0.017854105421725188
0.6,0.7439606820563812,0.0402935494205667,0.7243033307118546,0.03167007523448761
0.7,0.7756710532639364,0.03494854310152772,0.7689648627239578,0.03684744653826606
0.8,0.7835746378588793,0.04376757091681796,0.8111728163768509,0.027512867086776856
0.9,0.8707603716228277,0.055117578364451275,0.8882813021953497,0.07615753403658002
