,train_ML_rmse_mean,train_ML_rmse_std,test_ML_rmse_mean,test_ML_rmse_std
0.1,0.6333152187628149,0.0170053140237003,0.644171838772064,0.02224958211211285
0.2,0.6422710800362093,0.015988970160971117,0.6556199836674834,0.017248679550085046
0.3,0.6521743086849336,0.014452186281343198,0.6647965032835518,0.017361075700113627
0.4,0.6523221968720606,0.01599682348975527,0.6886120761704324,0.026548154167539237
0.5,0.6586729581433075,0.02188442810688372,0.707771890178377,0.025333326959583943
0.6,0.6754562016309941,0.027333803020828374,0.7201332406125261,0.035625843141546806
0.7,0.6809839611257925,0.028990411568897003,0.7810361230170567,0.03618416471716195
0.8,0.7061195875734991,0.03757505376208,0.8176019957210766,0.022717985567055423
0.9,0.7291663079771503,0.04114799715482291,0.874528544841161,0.051416397897552396
