,train_ML_rmse_mean,train_ML_rmse_std,test_ML_rmse_mean,test_ML_rmse_std
0.1,0.8045692250122689,0.04168627196664183,0.7556353933670772,0.0070518228446731475
0.2,0.7880146687391122,0.011455278073204627,0.7676367250924182,0.00950693292525287
0.3,0.8083765972036374,0.05699748117766248,0.7959255829213445,0.018849269996225444
0.4,0.7912821152214355,0.02588706490459764,0.8128344802213749,0.01265788211234898
0.5,0.8401269653718636,0.06515427857617677,0.8216166325008551,0.01227888144523493
0.6,0.8465808362996615,0.02892618230786136,0.8684431501731152,0.0389618557390734
0.7,0.8245601350421646,0.016230403211303347,0.9511419474491181,0.03803993828043709
0.8,0.8508027108624379,0.03530051742904045,1.1759758904958943,0.038568578539444405
0.9,0.8633177017642852,0.029287652406540472,1.376686455843101,0.06381845595553762
