,train_ML_f1_mean,train_ML_f1_std,test_ML_f1_mean,test_ML_f1_std
0.1,0.9211496487304366,0.005697191532440689,0.8318163548216357,0.019161906291615897
0.2,0.9203171921405187,0.003361165897629287,0.8339041386577881,0.02284263592433145
0.3,0.9221987200031163,0.0067580517661402365,0.8429078985722918,0.02352779071828415
0.4,0.9205037566175595,0.002029811819962228,0.8261191340390523,0.029880249498207584
0.5,0.9168491811900219,0.004730449117959519,0.8338438255843441,0.010619909714013918
0.6,0.9277943113419795,0.0033777226753366955,0.8339133994965164,0.021819896946219327
0.7,0.9255672695048519,0.005211172049936757,0.8394900027225113,0.021634560402316767
0.8,0.9267300880437463,0.0054468009667026475,0.8377570630467869,0.036894748788642504
