,train_ML_f1_mean,train_ML_f1_std,test_ML_f1_mean,test_ML_f1_std
0.1,0.9703376821469352,0.01088421950402143,0.811242498960269,0.06748881894139115
0.2,0.9703831779476857,0.006640584322483375,0.7962281136616942,0.07148595273999776
0.3,0.9649366899126548,0.012950061736979756,0.8016036109414323,0.057624968241096544
0.4,0.9568255993288137,0.006678218807068998,0.8077546479493108,0.0642989066545992
0.5,0.945996791110155,0.012787511627013706,0.7654620671271941,0.057479518798373874
0.6,0.9409109362956851,0.01634117092342754,0.8129079059443555,0.029492943421621228
0.7,0.9420124143503145,0.012424906316328053,0.7737117621665298,0.04072177070341511
0.8,0.9475730373322209,0.018551722136371875,0.7911131727836533,0.04956139297985553
