,train_ML_f1_mean,train_ML_f1_std,test_ML_f1_mean,test_ML_f1_std
0.1,0.9499993404501685,0.015939386290694996,0.8335567602196214,0.029190817741829078
0.2,0.9527356261450617,0.01644178370220548,0.8087237135376455,0.036273487342848396
0.3,0.94745979546191,0.011399898228766454,0.7973142152250479,0.034653795219318266
0.4,0.9499385411747878,0.015228690417651696,0.8202553123289835,0.03383448987157143
0.5,0.9006843319929851,0.021991834285242574,0.7363920523318948,0.06091762546120805
0.6,0.9393854666003758,0.00934672182485763,0.8047939152990622,0.04576544570665798
0.7,0.9445198731442556,0.013344327382959542,0.7720391872448149,0.05003495992034053
0.8,0.9366158204343826,0.005110916493502328,0.7629483043160258,0.06577851654683294
