,train_ML_f1_mean,train_ML_f1_std,test_ML_f1_mean,test_ML_f1_std
0.1,0.8690639877612067,0.012149147907841685,0.7603198014622288,0.059928506779719705
0.2,0.8648584710762088,0.022937471112456705,0.7555768230909564,0.05867980197161749
0.3,0.8650600561586994,0.011204334264308972,0.7623218909287021,0.06382698822528657
0.4,0.8510808415304449,0.017556783537656044,0.7641152951211635,0.06034371067244683
0.5,0.8007504572999377,0.02959884436704334,0.6964523809523809,0.06629062310778303
0.6,0.8394905498904798,0.01734079241968604,0.7598045129088172,0.06064880000012203
0.7,0.8405867083697229,0.007748351413440433,0.7316032207331984,0.09222996865922548
0.8,0.838068349203394,0.014988697890954262,0.7434014166584767,0.03373591943982551
