,train_ML_f1_mean,train_ML_f1_std,test_ML_f1_mean,test_ML_f1_std
0.1,0.9703588851022833,0.006738430338220599,0.7913916071528554,0.05693935312614174
0.2,0.9704370446976393,0.012932499682753014,0.8026052894473945,0.05831136697875716
0.3,0.9704262372688455,0.00666357407778205,0.789898559449643,0.05059160623037113
0.4,0.9581227333626575,0.008771014342150957,0.8015810612471913,0.05334589638960575
0.5,0.9392090974632868,0.012759638345888296,0.7358679191186766,0.07674215485330504
0.6,0.9650028126055521,0.007742443352772287,0.7954701859829096,0.04462708360194327
0.7,0.9300062507633065,0.01577693471964881,0.7749471487130694,0.07478470903556142
0.8,0.9433989539197739,0.012646371574981346,0.8079733030432799,0.03302803230971289
