,train_ML_f1_mean,train_ML_f1_std,test_ML_f1_mean,test_ML_f1_std
0.1,0.8744785498812402,0.015597031261106028,0.749962453414861,0.04383324591358461
0.2,0.8570813474764952,0.01947769827133551,0.7472712804617381,0.058896882799595554
0.3,0.8582054070909615,0.012872431921417862,0.7498911226646083,0.08061027931181358
0.4,0.8417341001257093,0.017754131390941282,0.7695856171685451,0.05475796754077524
0.5,0.8126175572107194,0.020283354646364028,0.6991307261071641,0.0828857435977414
0.6,0.858155755361957,0.005084023437030352,0.7746861493812955,0.06307582079569983
0.7,0.8440590026104877,0.028474604813269896,0.7570480869971679,0.08734492033687821
0.8,0.8609396713890929,0.010350280715213687,0.782513171092798,0.004094508688889852
