,train_ML_rmse_mean,train_ML_rmse_std,test_ML_rmse_mean,test_ML_rmse_std
0.1,12.21800270163983,0.16368623927289808,12.349071070574015,0.5280454057759194
0.2,13.62471803160723,0.13177114789422562,13.868472581305559,0.6103300489368212
0.3,14.300578538779325,0.14887710812212568,14.533459667693933,0.6820572539435862
0.4,14.411719067571081,0.12140416999615293,14.73419184527844,0.4372654219479434
0.5,15.566332406756127,0.17923762315119,15.885846942477944,0.5021483758773343
0.6,15.692922376095732,0.12701604487763743,15.902281389708866,0.5620445200767903
0.7,15.650489627159496,0.1138636802163154,15.902252753758068,0.43877178273822803
0.8,16.167426203488525,0.07936581036256897,16.336559721631772,0.6011162713953103
0.9,16.1461438443029,0.16113616692317895,16.290431451805585,0.665101074359938
