,train_ML_rmse_mean,train_ML_rmse_std,test_ML_rmse_mean,test_ML_rmse_std
0.1,13.764466596213612,0.20342329112878588,13.744190260287752,0.6068950624803119
0.2,15.227701890908786,0.18953733389595315,15.264058907383276,0.6453059744641503
0.3,15.509121561060681,0.18351541464214574,15.400404518665065,0.6037886771296017
0.4,15.385067931981055,0.05576336517360237,15.446570270651819,0.4396185865104804
0.5,16.948343194004174,0.13606058944050187,16.92805302783173,0.8007054676024915
0.6,16.75692275295787,0.10953134809483872,16.77619725085903,0.7590211511605605
0.7,16.222212340997043,0.1111006172312767,16.2955613360564,0.707316727197202
0.8,17.075205735642193,0.093147399607198,17.13309409235524,0.9157941621317909
0.9,16.46473747674928,0.1142193682425247,16.46394063311277,0.5847714599855753
