,train_ML_rmse_mean,train_ML_rmse_std,test_ML_rmse_mean,test_ML_rmse_std
0.1,12.319162743424398,0.1724910428585107,12.346587036008454,0.6435249180778733
0.2,13.788312963630451,0.2114113964414273,13.89143335843949,0.9049317260442927
0.3,14.265710339053664,0.1296005597800041,14.31172622408132,0.6566393934428065
0.4,13.981428056960137,0.17332113664983959,14.12795765347127,0.5783846643141892
0.5,15.725965933894514,0.12653114344819333,15.825882957223243,0.5070565372097714
0.6,15.686922881421376,0.15898912162737078,15.744359434797596,0.7706049219160462
0.7,15.497563387620605,0.12757243160265816,15.662376387069154,0.5344336138748289
0.8,16.167379632053162,0.09970157118272255,16.274074407723,0.674231773095386
0.9,16.001593829462347,0.12660068939298422,16.061325294110787,0.6032046760315017
