,train_ML_f1_mean,train_ML_f1_std,test_ML_f1_mean,test_ML_f1_std
0.1,0.7751281025787032,0.0956910864752683,0.7897989849249295,0.08894883314948851
0.2,0.7178665704982126,0.10544320259900704,0.6383858886714379,0.08707021746048539
0.3,0.6667346273741681,0.07538612747152729,0.6321228342323387,0.08937232405376737
0.4,0.605371418811582,0.05300294549929716,0.505132574817281,0.05688740653518255
0.5,0.6680805289752483,0.04759709415726197,0.5357050525082817,0.07953473252336705
0.6,0.5021367830952009,0.05446904635243218,0.5056391176623634,0.05663403718890715
0.7,0.619216389631984,0.08606535448138057,0.476115915494543,0.007969984595721982
0.8,0.5041638430443421,0.06352094131547766,0.4771841713273939,0.0058955496106883635
0.9,0.4771841713273939,0.0058955496106883635,0.4776858435681965,0.006069967429577366
