,train_rmse_mean,train_rmse_std,train_mae_mean,train_mae_std,test_rmse_mean,test_rmse_std,test_mae_mean,test_mae_std
0.3,0.14059289,0.0025040288,0.087253265,0.0028302514,0.1384072,0.0070273564,0.08547418,0.0068220655
0.5,0.13533987,0.0016238648,0.08489098,0.002305952,0.13511074,0.005561236,0.0844638,0.0056687263
0.7,0.13553603,0.0011426155,0.08500405,0.0013576442,0.13542816,0.0040128743,0.08508551,0.0046724076
