,train_ML_rmse_mean,train_ML_rmse_std,test_ML_rmse_mean,test_ML_rmse_std
0.1,1.9495103584751222e+18,3.8990207169502444e+18,1.5840271922083608e+31,3.1680543844167216e+31
0.2,0.7641154728513919,0.0034450418126615798,0.7625724613757228,0.01111978757829536
0.3,6.98450791338289e+31,1.396901582676578e+32,1.3925860229883223e+31,2.785172045976645e+31
0.4,0.7718443523446943,0.021947303310220736,0.7725637206679059,0.01694650281085974
0.5,0.7785059728051716,0.004381861710203031,0.7770816276343285,0.013836856295113161
0.6,0.8042301296895245,0.005907422661855625,0.8045633427274114,0.014401907852287921
0.7,0.7555474129332491,0.0038654990147852057,0.7550053738050844,0.01227654363891641
0.8,0.8345763094224911,0.0038159371689661242,0.8361974995794892,0.017272124096741365
