,train_ML_rmse_mean,train_ML_rmse_std,test_ML_rmse_mean,test_ML_rmse_std
0.1,45499965731656.95,90999204775862.62,7.196831671103704e+31,1.4393663342207408e+32
0.2,0.7324027088234081,0.0029830837271744948,0.7373474530120281,0.010407774723540566
0.3,3.1485975702683046e+31,6.297195140536608e+31,3.0038434070225656e+31,6.007686814045131e+31
0.4,6.711063176424925,11.927638149749669,4.436212673803858,7.359139760084934
0.5,0.743297217361629,0.003346258836133931,0.7471764477683126,0.010454992824134255
0.6,0.7709787741079271,0.004537778042391373,0.7758878262691131,0.015526264364384083
0.7,0.734624375022638,0.0022292469779628447,0.7403545420371416,0.01047594311842554
0.8,0.8080913418160444,0.007840895304492064,0.81432672732456,0.015849624962877625
