,train_ML_rmse_mean,train_ML_rmse_std,test_ML_rmse_mean,test_ML_rmse_std
0.1,0.8269646734922818,0.07673312663835123,0.8336508909353798,0.07605989492878165
0.2,0.6913476372981429,0.007917418604140481,0.7183644162834584,0.009351167814712373
0.3,0.8037355532261807,0.08384558323730724,0.8113044433112687,0.0752266707785722
0.4,0.7462486273661256,0.07280558239020847,0.7616154536742974,0.05623425189849864
0.5,0.7069478399495033,0.0036597538031740992,0.7309942933484133,0.011922873869712743
0.6,0.7063804103579102,0.0030650971405664887,0.7328800300596825,0.014038344082899805
0.7,0.6986407247806198,0.003370302306834494,0.7186669513975906,0.011912562015519709
0.8,0.7467861717949843,0.004991348136557806,0.7720778937027144,0.018666484351022413
