,train_rmse_mean,train_rmse_std,train_mae_mean,train_mae_std,test_rmse_mean,test_rmse_std,test_mae_mean,test_mae_std
0.1,0.20803003,0.006197064,0.16173533,0.0063094324,0.25109228,0.028877715,0.22566995,0.02427444
0.2,0.28549376,0.010811968,0.21962638,0.010237434,0.27414688,0.02173792,0.25185266,0.017768813
0.3,0.19584724,0.0039525195,0.1645364,0.0032374559,0.25299853,0.016308935,0.23327065,0.014169528
0.4,0.24752705,0.011346557,0.21802504,0.012245328,0.3195689,0.0077737668,0.30169857,0.01046463
0.5,0.2710299,0.004083393,0.2237417,0.0035091015,0.3247614,0.006372238,0.30211526,0.009657278
0.6,0.31556743,0.004193247,0.28398493,0.0031588592,0.31982738,0.008654087,0.28977156,0.00791781
0.7,0.32294863,0.0031505122,0.28449187,0.0035007014,0.3344222,0.021328388,0.30236346,0.019156355
0.8,0.3567386,0.0015924597,0.32072297,0.0017825457,0.37164873,0.01319861,0.3383376,0.01412174
