,train_ML_f1_mean,train_ML_f1_std,test_ML_f1_mean,test_ML_f1_std
0.1,0.9405676385539217,0.003506211460473229,0.9362233373183969,0.014681942058642289
0.2,0.907118443122838,0.00796288984812925,0.9021758494788139,0.02255833799219229
0.3,0.914310780223475,0.0059002883755279985,0.9030759671946097,0.02194037937006836
0.4,0.9012595327511692,0.015920463816887387,0.8270056020051195,0.04412236071448996
0.5,0.8703867859557374,0.007206283873139199,0.8527943183526577,0.03702755739711354
0.6,0.8812842193891326,0.010156783427847756,0.8743034978233716,0.007780309757102394
0.7,0.8743285254728195,0.004496596535451951,0.8992986968094868,0.022898716382835728
0.8,0.797408130119431,0.0061939913601579905,0.7839621211644637,0.01692731312130334
