,train_ML_f1_mean,train_ML_f1_std,test_ML_f1_mean,test_ML_f1_std
0.1,0.7613015209284407,0.05581079335974732,0.7636476707316573,0.05464679955288183
0.2,0.7851412045004124,0.05016201640464057,0.7797402605537774,0.09228862494712141
0.3,0.7476099658470867,0.05622260447024535,0.7664770996586467,0.053209970503986764
0.4,0.7140468917394585,0.05509810641023171,0.6778046663668504,0.07145560533611311
0.5,0.6646158374115536,0.05063934625731961,0.6432851994025952,0.012957868166820895
0.6,0.6368516341138332,0.1175275326291952,0.575467070823252,0.08569839267298344
0.7,0.5854014903237624,0.12875208626965765,0.5595741989400136,0.0584814075630669
0.8,0.6060174743053466,0.08961013745394521,0.44261330732344273,0.037585043557048364
0.9,0.5188958211509542,0.14629911625623604,0.40629140861654883,0.0691480537910906
