,train_ML_f1_mean,train_ML_f1_std,test_ML_f1_mean,test_ML_f1_std
0.1,0.8011314487074358,0.045718300295059744,0.8000129715245994,0.041532117823924006
0.2,0.770613274756513,0.0797853945734314,0.8142074583605817,0.047257737700821464
0.3,0.771643479008707,0.07798763858054786,0.8244378233727602,0.0531342325819993
0.4,0.6922336212816089,0.06525562499203146,0.7320801025663004,0.05581153952798568
0.5,0.7087403662640784,0.04687261443984183,0.6446124239169352,0.04262133363370926
0.6,0.6486807454933238,0.10089826104356005,0.5639960813387164,0.14001891246467793
0.7,0.6243048663410284,0.09675360165725111,0.502238149522954,0.11411691995727126
0.8,0.46250294922653923,0.09334015119989535,0.3827842954308448,0.045139119947232596
0.9,0.43042306698853194,0.0859469553556161,0.3381663630843959,0.05861109823278228
