,train_rmse_mean,train_rmse_std,train_mae_mean,train_mae_std,test_rmse_mean,test_rmse_std,test_mae_mean,test_mae_std
0.3,0.17865013,0.0058517973,0.13093367,0.005815469,0.17649959,0.015495706,0.12569319,0.00938434
0.5,0.16919029,0.0009942116,0.12477112,0.0007261547,0.17156279,0.004590022,0.124378204,0.0034953894
0.7,0.23150954,0.026136162,0.14578477,0.012569726,0.20877829,0.029915487,0.1350074,0.014823346
