,train_ML_rmse_mean,train_ML_rmse_std,test_ML_rmse_mean,test_ML_rmse_std
0.1,0.7229969820148547,0.013004085927316646,0.7433607812569798,0.011230995083335884
0.2,0.7373372637495967,0.01380650370372363,0.8946224779431329,0.01752839972705407
0.3,0.7589893445018354,0.020980829349548605,0.8671492554128062,0.011434540548896482
0.4,0.7615302985106988,0.01274732502514081,0.8518559432152907,0.020758505048173875
0.5,0.7686611553783188,0.02065993022519662,0.9658238231897558,0.0035530199679533556
0.6,0.8323000573351184,0.024568359571047724,0.9786830963520717,0.018425995548203844
0.7,0.7452039566987642,0.00883573204024937,0.9970383047491802,0.01574288701172959
0.8,0.8371419915097846,0.01971218066263623,0.9931925400635503,0.025217226825511876
