,train_ML_rmse_mean,train_ML_rmse_std,test_ML_rmse_mean,test_ML_rmse_std
0.1,0.7707960118278359,0.012516619523366928,0.9453761472231006,0.02417829838711404
0.2,0.7740232459699725,0.014059395235977039,1.040791040804037,0.023429580420559832
0.3,0.7960089066046591,0.017199141075694282,1.2223182646170714,0.018320047615811467
0.4,0.7895055675422953,0.01403198119620879,1.2959285144882,0.02717488996146542
0.5,0.7938187698591039,0.016985070297932562,1.176781247547608,0.017503894153117844
0.6,0.8175543805814934,0.01635396169580316,1.1738864385527463,0.027300374814417525
0.7,0.7591510221812734,0.011344792341067058,1.080749191295298,0.02820365200589278
0.8,0.8242882992565643,0.01504209823812201,1.4621222414410298,0.03921664292549697
