,train_ML_rmse_mean,train_ML_rmse_std,test_ML_rmse_mean,test_ML_rmse_std
0.1,0.7464188298664439,0.010367828290285019,0.8190080509993303,0.0153153026043461
0.2,0.7551264140104058,0.013293780640738778,0.9164462376792301,0.014781847408208643
0.3,0.7732061142366357,0.018917971519622965,0.9773754319231045,0.026044621663253203
0.4,0.7732466831514515,0.017530021431611167,0.9455072395583354,0.035924811516324345
0.5,0.7764288450620489,0.021379503025925835,1.0582020530770506,0.012845271599030084
0.6,0.8640002160087377,0.017359815594119726,1.0431333758527388,0.037788935668914864
0.7,0.754799283126767,0.009894357204962678,1.0338027319549912,0.03763287761169413
0.8,0.8512979468730393,0.03665131421923608,1.12390259957005,0.03916100968716658
