,train_ML_rmse_mean,train_ML_rmse_std,test_ML_rmse_mean,test_ML_rmse_std
0.1,0.7446683557606238,0.009840650441912938,0.7623798682753131,0.011825526446962442
0.2,0.736575812251433,0.010206093169017189,0.7554543359458823,0.011808383740562171
0.3,0.7622152933563532,0.013991745221516137,0.8054120023878021,0.011957906779191892
0.4,0.7562836852122697,0.012917971534195345,0.8003113595869837,0.01372402380605411
0.5,0.7510803360719633,0.014248073331155534,0.7890582597399718,0.016985999020130295
0.6,0.7787128027373293,0.014484184195600646,0.850737193581196,0.02051648745635354
0.7,0.7414660892650138,0.01159017684422745,0.7547087402956287,0.011981151300539979
0.8,0.8374349410281392,0.0245018113457233,1.0139594109090475,0.025720290121944874
