,train_ML_f1_mean,train_ML_f1_std,test_ML_f1_mean,test_ML_f1_std
0.1,0.451694568569617,0.018766482152990264,0.5878181696273385,0.1109804902730865
0.2,0.6436657772778632,0.0877985444473827,0.5120439906221688,0.11344041073951944
0.3,0.5864858579420142,0.12821385372550362,0.45231111469543955,0.048407183647423205
0.4,0.4114617577954144,0.015767047463935705,0.4710563173739336,0.14277599968840424
0.5,0.40346828931082995,0.005632600080787137,0.40727476133503,0.015652338935802396
0.6,0.40607479486144304,0.01011301645644756,0.41491674633731535,0.023042095313364853
0.7,0.4008036453233223,0.003973494083328929,0.41621851475615596,0.021951985663776333
0.8,0.4183564490557492,0.01578587927801699,0.4988123227619428,0.04099290191852286
