,train_ML_f1_mean,train_ML_f1_std,test_ML_f1_mean,test_ML_f1_std
0.1,0.6342251486738234,0.10249418537033424,0.4047666525077093,0.018177590286779927
0.2,0.6951648590715388,0.0958042888366922,0.7364338083553974,0.052237640161563466
0.3,0.6214516486385501,0.1423658461059531,0.627042782901985,0.1518595694460807
0.4,0.4599171579648453,0.08924086694006832,0.41831900089291124,0.033943068422117674
0.5,0.44425204822232994,0.05802552081252639,0.39842406976903394,0.007541615391697323
0.6,0.48604539837192035,0.08396189641627133,0.39842406976903394,0.007541615391697323
0.7,0.40574088126751995,0.01009448456317152,0.39842406976903394,0.007541615391697323
0.8,0.7099169534500984,0.05454440803866685,0.39842406976903394,0.007541615391697323
