,train_ML_rmse_mean,train_ML_rmse_std,test_ML_rmse_mean,test_ML_rmse_std
0.1,0.675037014063479,0.002514442200325845,0.6857473212030877,0.012516789416908074
0.2,0.7268171792551643,0.007395035057500417,0.7337800162271664,0.008650777871906852
0.3,0.810226406960181,0.010861069336751846,0.8338069192634864,0.025842397250082645
0.4,0.8352771513447366,0.005064944539639239,0.8731875448057927,0.06360410039432401
0.5,0.8976784201140777,0.006909364484698812,0.9076277072668544,0.007995140924153729
0.6,0.9821210158335797,0.0031157441706966163,0.9866948617193142,0.004535001360735245
0.7,1.0208939285932328,0.003442840262254137,1.028584755514309,0.010097906776314673
0.8,1.0021239695218158,0.007463907298025601,1.0417002646125486,0.052065224413309096
0.9,1.1140155677085457,0.00729698307988864,1.1194098779082446,0.007786182372798303
