,train_ML_rmse_mean,train_ML_rmse_std,test_ML_rmse_mean,test_ML_rmse_std
0.1,14.39949937566109,0.2909544728320657,14.38821451112091,0.472340023675999
0.2,15.250465199470941,0.39912370448204787,15.249066574693625,0.9437320915348248
0.3,15.930928647782869,0.2762188722929722,15.930707314981195,0.5456642589720728
0.4,15.853418140436608,0.13361164307913204,15.855164015686437,0.603455000143808
0.5,16.531591102289,0.15628350361855722,16.536418169581715,0.4196529086565072
0.6,16.438483060903998,0.17012052795014893,16.404953665138315,0.45091005807206497
0.7,16.38503850619943,0.21255128419505145,16.386284221685116,0.5565092375470245
0.8,16.66807897615852,0.0869538906260249,16.6154698212063,0.6032985873646164
0.9,16.739132122249774,0.1347436172667894,16.663254472728084,0.5681562682567753
