,train_ML_rmse_mean,train_ML_rmse_std,test_ML_rmse_mean,test_ML_rmse_std
0.1,0.6505709636893633,0.01911762941859711,0.663149246761773,0.0181615538629092
0.2,0.6523407286854499,0.018525363983982673,0.6712340665471961,0.027515462452170323
0.3,0.6610901967662965,0.01965063836234173,0.713619487166068,0.029360540394896398
0.4,0.6559739607897419,0.015881213285479426,0.7137758466857222,0.030531377859930153
0.5,0.6593361383127896,0.02056468952406063,0.7538253847044432,0.03338827614086448
0.6,0.6596129982223766,0.02355937487916236,0.7525081561652874,0.017851915371878753
0.7,0.6835591306176647,0.023458984549547885,0.7891383814850449,0.03323943495540744
0.8,0.6846752125993767,0.02388823427075286,0.7873934854249228,0.02601937204818891
0.9,0.7216721443632876,0.03085047774896542,0.8262832575621697,0.03336725238180489
