,train_ML_f1_mean,train_ML_f1_std,test_ML_f1_mean,test_ML_f1_std
0.1,0.9183055389062688,0.003176731594388928,0.834329280738627,0.03579471277112771
0.2,0.9143845450917363,0.005813472079563636,0.8135841361836942,0.030545838615176717
0.3,0.910486989910277,0.006687833083002766,0.7947718789111259,0.036529892536848574
0.4,0.9187607294814704,0.004268496326101136,0.7797586433180417,0.03792464512234392
0.5,0.9304255106332541,0.009350206412322844,0.7781455782545674,0.04212697556493608
0.6,0.9345765341643123,0.004419381279460741,0.7595649437004123,0.046015421462240524
0.7,0.939837263742262,0.0046611988574644546,0.7048598562821347,0.05105793724441688
0.8,0.9538426613385234,0.0029829451528623064,0.6436972855704268,0.03128013105841057
0.9,0.9315414670914091,0.005280261864867492,0.5914686179875408,0.031429414026440346
