,train_ML_f1_mean,train_ML_f1_std,test_ML_f1_mean,test_ML_f1_std
0.1,0.8373375311235488,0.006764149458572234,0.8243298614876885,0.03394591955832842
0.2,0.8179312066969701,0.004381593835385567,0.8062450465506178,0.03571974791067651
0.3,0.805573985912654,0.00990104842499551,0.8008598997154814,0.038194453912862025
0.4,0.7832359244484828,0.011236198892374044,0.76742310373277,0.03820285073514475
0.5,0.7742738292313114,0.01643519409938999,0.7575992976095689,0.04277965738093869
0.6,0.7410833148092575,0.0065540972652867405,0.7177971460886029,0.03536868658196237
0.7,0.6601778890092019,0.018109934723150287,0.65615108716492,0.04226310790644127
0.8,0.4417193553395883,0.019769341506765025,0.42478174190677676,0.027142706544428345
0.9,0.3972315819715694,0.0016907381296862522,0.39842406976903394,0.007541615391697323
