,train_ML_f1_mean,train_ML_f1_std,test_ML_f1_mean,test_ML_f1_std
0.1,0.8532633820463815,0.006537877986665885,0.8355605061558384,0.0324787979496425
0.2,0.8361793577564185,0.009393172240572368,0.8214135066565292,0.02804577354565745
0.3,0.831122198653054,0.013602292649082371,0.8032989977358781,0.04340608923001224
0.4,0.804900191173283,0.009603827676886213,0.7817963848062406,0.03208878767731221
0.5,0.8070735805337472,0.005846613514720569,0.7872147964605374,0.03458182852056208
0.6,0.7822970412779842,0.010099741631110196,0.7505876382765365,0.03191585415622721
0.7,0.7318079242910891,0.011410573688969245,0.7223335883550004,0.0367249663559384
0.8,0.6949549274304868,0.021361451997586486,0.6569512026812669,0.03813803797822738
0.9,0.5408135274971883,0.021290672004596535,0.5066118995862305,0.019009059210097698
