,train_rmse_mean,train_rmse_std,train_mae_mean,train_mae_std,test_rmse_mean,test_rmse_std,test_mae_mean,test_mae_std
0.1,0.13728909,0.0029151372,0.0788047,0.0013504386,0.13644874,0.011712028,0.07852724,0.004793349
0.2,0.13256377,0.0027850938,0.074870795,0.0012878473,0.13356054,0.008350665,0.07559631,0.0031234904
0.3,0.13766749,0.0006310223,0.07600223,0.0006410562,0.13806458,0.002540404,0.07631837,0.0013072834
0.4,0.13318866,0.0010892425,0.07494865,0.0008064317,0.1351787,0.0039466945,0.075856484,0.0019408532
0.5,0.12610154,0.0013729458,0.07446614,0.00093630585,0.12726174,0.0036827482,0.07505441,0.0012786185
0.6,0.1223792,0.00065641565,0.07483803,0.00074287306,0.123456,0.0012190366,0.075262204,0.0009608491
0.7,0.12921385,0.0015743605,0.07608236,0.00082690746,0.12981999,0.004460024,0.07643695,0.0017854283
0.8,0.1291435,0.0013757955,0.07611575,0.0011466126,0.13027148,0.0034622154,0.07652123,0.0014623823
0.9,0.12943263,0.0017712801,0.07458633,0.0010861172,0.13045582,0.003958999,0.07508523,0.0016799883
