,train_ML_rmse_mean,train_ML_rmse_std,test_ML_rmse_mean,test_ML_rmse_std
0.1,0.7597962167013966,0.0033975449245423482,0.758894660941867,0.010967732458511778
0.2,0.7590242138584086,0.0032525415447751086,0.7595524057900699,0.009045630239987333
0.3,0.7588847101718663,0.0027921348178259375,0.7582436818130238,0.008279632873270406
0.4,0.7600876032655011,0.0032851061438164,0.760458965883465,0.009634110883025385
0.5,0.7731330484226642,0.003577284120738803,0.7738135762637001,0.01381139236457682
0.6,0.777142225357965,0.006303009802696221,0.786766037732423,0.009993690733062272
0.7,0.7547535534641416,0.0039629635300166615,0.753262869374765,0.012225607113058888
0.8,0.8343155151673661,0.003542046879872792,0.8293882788836268,0.017033808321540382
