,train_ML_rmse_mean,train_ML_rmse_std,test_ML_rmse_mean,test_ML_rmse_std
0.1,0.6908795677996629,0.0041227296994731065,0.7163346925656999,0.013111639282935862
0.2,0.6855928099135367,0.004070503368837724,0.7145564282155147,0.010220491067692294
0.3,0.7020739892406044,0.004772381384135713,0.7280581814563694,0.014356911103391174
0.4,0.7088534535400941,0.004637549781297972,0.7338374628957053,0.01270679268485265
0.5,0.7075718977224563,0.004287464375132826,0.7367576372769087,0.01168449262499684
0.6,0.7042771373290831,0.005709742462282143,0.7424331649002978,0.009540850146289043
0.7,0.6953162823909446,0.0036709894409314154,0.7199898628482198,0.01349674876549352
0.8,0.7632151151593539,0.006496815563379793,0.7933511382815601,0.014302949370698276
