,train_ML_rmse_mean,train_ML_rmse_std,test_ML_rmse_mean,test_ML_rmse_std
0.1,0.7882974372497716,0.014413287663969324,0.9551018685581786,0.016884445374103427
0.2,0.7994621483880003,0.014110223792606902,1.1055879341230612,0.016024487253615344
0.3,0.810453235699154,0.011782058798039546,1.231658707320182,0.02064580673251238
0.4,0.826438485469432,0.015997817444400448,1.341489729926136,0.014902225721252504
0.5,0.8395669197590255,0.015460108397572357,1.4182483122265914,0.018338769443931306
0.6,0.8438427863213267,0.014053012313839515,1.431485379426093,0.027621330546531722
0.7,0.85819315119486,0.012932547404086246,1.5076966516131214,0.04274694738523139
0.8,0.8696552097366353,0.011432118348289408,1.5332636515522458,0.029197618438091072
0.9,0.8759295911650333,0.013333414323983148,1.5093710019581104,0.04071552576258078
