,train_ML_rmse_mean,train_ML_rmse_std,test_ML_rmse_mean,test_ML_rmse_std
0.1,9.078959154231672,0.8336427833316509,10.16957061223904,0.8732453899574787
0.2,9.02199519811092,0.7304395273565767,10.17269951355921,1.4953658492134465
0.3,9.139990724337833,0.5749865815226715,10.167268116355382,1.3752353286270027
0.4,9.117438364194776,0.7744537267199475,11.701925107049762,1.0268301246860274
0.5,9.353679437909781,0.798474434480541,12.125795694542983,1.8537790299774863
0.6,9.265866618096416,0.8865116855249416,12.923882436991565,1.1426272574520473
0.7,9.713055933039877,0.7875644803435611,13.96008624121912,1.6765150885114686
0.8,9.846584732080206,1.1718930693419147,14.111666145713722,1.4982090728379722
0.9,9.922400356401804,1.095763273947807,14.411393680975479,1.7425449907723594
