,train_ML_rmse_mean,train_ML_rmse_std,test_ML_rmse_mean,test_ML_rmse_std
0.1,15.053924942805548,1.6056992375507575,143052919.97716218,17659836.38089941
0.2,15.122304090959986,1.6275521435061484,137823901.59598953,13893795.48249474
0.3,16.08191168900834,1.6668523822863688,130099044.31169975,16774050.24427932
0.4,15.030296763172904,1.5943807066158764,117632030.17346159,12915095.894892115
0.5,15.126506905242056,1.599362692246447,110110598.72104299,13626608.323213717
0.6,15.04711762111852,1.5693119142106804,93604632.24307661,22148836.972607642
0.7,15.066994722264369,1.508446811706514,79600787.09760265,17944644.46682989
0.8,15.08000491453377,1.4847988602814755,59676992.324975945,13115930.85360147
0.9,15.102499541541466,1.4491088577360345,52216142.00435756,9048210.885697274
