,train_ML_rmse_mean,train_ML_rmse_std,test_ML_rmse_mean,test_ML_rmse_std
0.1,0.6551828302347933,0.007568773449760262,0.6644073805751273,0.02576335656292878
0.2,0.6755502240903769,0.010527537162859426,0.6814546834206601,0.02567852079816211
0.3,0.6560155591509493,0.008136175795664242,0.6634212672119512,0.02388786942831183
0.4,0.6688723155312968,0.011917052852096327,0.6745844041312795,0.02091914431046315
0.5,0.6850609103946377,0.00784976619358633,0.6911216015181696,0.018950327436055167
0.6,0.7002343344254349,0.006481886329683477,0.7073589818083116,0.02500951596058373
0.7,0.7064259806899219,0.009205908077741553,0.7125987039531108,0.03022928892268725
0.8,0.688963097716219,0.010101335432573242,0.697798894065017,0.024958979793035296
