,train_ML_rmse_mean,train_ML_rmse_std,test_ML_rmse_mean,test_ML_rmse_std
0.1,0.5837455013829626,0.004995882048136835,0.634132516087367,0.01946855891154606
0.2,0.5879975022269416,0.0055548692512888765,0.6450338848500264,0.021008103148482334
0.3,0.5863355795749281,0.005847467657020038,0.6354807201872864,0.019846454206218028
0.4,0.5860969168224877,0.0047575971345632725,0.6393098886145887,0.020483369009636408
0.5,0.599832759957547,0.007508730535097655,0.6492145688438538,0.020407232290223207
0.6,0.6228132729993259,0.005022984146546675,0.6740043601925034,0.026788432593003564
0.7,0.618666846660737,0.004610114753840449,0.6716642302699896,0.02555007309911437
0.8,0.6217386738352151,0.005193258951462391,0.6663587500649587,0.013161763257919576
