,train_ML_rmse_mean,train_ML_rmse_std,test_ML_rmse_mean,test_ML_rmse_std
0.1,0.6624086162947906,0.007952568073249006,0.6639651090710033,0.020642544066648227
0.2,0.6621011968169686,0.0034086383232036083,0.6647209370645305,0.01956059145969884
0.3,0.6613538005305466,0.007875980273794185,0.6643007257391925,0.023359846936205485
0.4,0.6589271761043898,0.005249895199659731,0.6592960040190029,0.01852065114422794
0.5,0.6787847970321099,0.005676222910845831,0.6792715258520177,0.01800681951295186
0.6,0.6762603644689138,0.005969488683675619,0.6807311656574535,0.01757651542101905
0.7,0.6805848309732395,0.00851059725678666,0.6828773245008479,0.01939246043302441
0.8,0.6806751904696032,0.008027251429736919,0.6846142562193864,0.01674165502718922
