,train_ML_rmse_mean,train_ML_rmse_std,test_ML_rmse_mean,test_ML_rmse_std
0.1,0.6425890634033786,0.010667120620812931,0.6697531065163342,0.0157376760587321
0.2,0.6436944830018468,0.0053631152073182736,0.6692053604297323,0.017179008210850995
0.3,0.6428603750781134,0.0076946330908729274,0.6638973544564977,0.017214950874840533
0.4,0.6440432368200526,0.008274275419077576,0.6615643857618985,0.015055665231635105
0.5,0.659781309803557,0.005778636889941101,0.6736252182875807,0.015957295116729508
0.6,0.6685487859267207,0.005832974688179817,0.6849777798224712,0.023531402540301935
0.7,0.6735667564876235,0.00807315129563804,0.6901438599181572,0.018643087550707517
0.8,0.6700005742630623,0.00699654147580519,0.6914962472551599,0.015117007166751597
