,train_ML_rmse_mean,train_ML_rmse_std,test_ML_rmse_mean,test_ML_rmse_std
0.1,15.479254745975462,0.30198742983836185,15.115328084742028,1.4139608001477366
0.2,15.490029383101808,0.32151427528205057,15.093513179558808,1.491866726829018
0.3,15.533312960247173,0.30650439109710076,15.118749854521875,1.5072565875841228
0.4,15.491693669613479,0.322380771684236,15.090604412913539,1.521802883951266
0.5,15.474709557228223,0.29335499725252034,15.088944317023484,1.4884855365217506
0.6,15.446598278299746,0.3034639394278666,15.091476867462797,1.4365529596031532
0.7,15.47170217025231,0.33245983679391145,15.068996030099209,1.535349725133504
0.8,15.46876331557804,0.3254915209297847,15.087257361173496,1.5127522019282327
