,train_ML_rmse_mean,train_ML_rmse_std,test_ML_rmse_mean,test_ML_rmse_std
0.1,1.8905295401470217,0.2719985807312251,0.9808297903459042,0.04122214609171869
0.2,1.7486636231104633,0.38352581299318017,0.9635518458582638,0.03365081552296987
0.3,1.803363243258357,0.22115874722634973,0.9786769201638087,0.027236336346380733
0.4,1.9945139272976853,0.43198996463376405,0.9853965759544805,0.03370431954144775
0.5,1.8539806977585673,0.3617406312179438,0.9838320249872001,0.05687516412856816
0.6,2.460440767458459,0.5720311535268536,1.1573172950919033,0.017766736580419152
0.7,2.0510148430772284,0.5167720739702524,1.153358571518115,0.03402204555182655
0.8,3.0781559525411675,0.789215708111715,1.605206095881653,0.1091467371674186
