,train_ML_rmse_mean,train_ML_rmse_std,test_ML_rmse_mean,test_ML_rmse_std
0.1,1.7310187771349863,0.3273706584284335,1.0066714379656854,0.08656188726616798
0.2,1.7059922336459123,0.3068648768541336,0.9808144926558459,0.06319448825803094
0.3,1.749002674779933,0.1941332106063102,0.9759196657642022,0.037031364560525165
0.4,2.02845238316765,0.34421515106463907,0.9999828906133429,0.06277878518709144
0.5,1.807876586393976,0.25751209631827415,0.988864379771002,0.08729448761468603
0.6,2.6193175946167786,0.776495854425123,1.4015874321108632,0.059731365026521835
0.7,2.3511350095753345,0.5930061990036385,1.2721861385322983,0.03256781146502894
0.8,2.9367299880576154,0.7565808583663094,1.6247533626283381,0.18885679434656513
