,train_rmse_mean,train_rmse_std,train_mae_mean,train_mae_std,test_rmse_mean,test_rmse_std,test_mae_mean,test_mae_std
0.1,0.11018722,0.0022257643,0.072644465,0.0010301538,0.114903346,0.0068258834,0.07487001,0.003212576
0.2,0.119321845,0.0006860283,0.079053715,0.000671527,0.12062335,0.0046850406,0.079593204,0.0018878888
0.3,0.14232409,0.002501652,0.09843503,0.0012805444,0.14314505,0.0035926597,0.098901145,0.002024803
0.4,0.1560122,0.0017070846,0.11013675,0.0013871955,0.15699379,0.0022631222,0.110700026,0.0030911274
0.5,0.15380524,0.00048423588,0.111762464,0.00041491925,0.15452647,0.0025323648,0.11264701,0.0017135896
0.6,0.15839219,0.0010241343,0.11404691,0.00082673307,0.15899098,0.0033237268,0.11461812,0.0029455987
0.7,0.15709944,0.0014030581,0.11286533,0.0010495962,0.15638217,0.004639623,0.112268254,0.0029692894
0.8,0.15006216,0.0013427641,0.10772703,0.0009187024,0.14974225,0.0016111999,0.1076204,0.0016661404
0.9,0.1506257,0.0011856598,0.11041708,0.001032402,0.14987248,0.0022737377,0.11006367,0.0016979388
