,train_ML_rmse_mean,train_ML_rmse_std,test_ML_rmse_mean,test_ML_rmse_std
0.1,0.6757333811639634,0.009425048243418468,0.6796542257841458,0.020236082862426688
0.2,0.6929366752106458,0.003196560136627374,0.6999179470943501,0.03753013191569615
0.3,0.7174699654588093,0.00858837607421424,0.7254395471786634,0.030445796045920234
0.4,0.7321979522747055,0.009477115684334132,0.7387143535977829,0.043064874791649936
0.5,0.7730955948109755,0.01280626665040374,0.7871754246746601,0.034635731844555095
0.6,0.7618978952007999,0.009104929746294767,0.7661754191614,0.031058412645305823
0.7,0.801008546248036,0.009651443646423737,0.8031673035085805,0.04221265098418421
0.8,0.8134820843453573,0.014932489279371394,0.822406638290692,0.023088673500935693
0.9,0.8132776265140583,0.01224905001728445,0.8263976720255106,0.03149448956437875
