,random,zero,mean,knn,mice,XGB,missforest,mf,hyper,gain,notmiwae,miwae,tabcsdi,ot
0.3,0.37382 ± 0.007,0.57223 ± 0.013,0.20138 ± 0.007,0.19542 ± 0.015,0.15555 ± 0.009,0.15411 ± 0.010,0.15969 ± 0.014,0.23625 ± 0.013,0.17926 ± 0.071,0.24372 ± 0.101,0.14244 ± 0.014,0.14182 ± 0.014,0.22726 ± 0.009,0.25174 ± 0.055
0.5,0.37685 ± 0.010,0.57453 ± 0.008,0.20196 ± 0.006,0.20068 ± 0.005,0.17732 ± 0.006,0.17407 ± 0.006,0.18254 ± 0.011,0.23013 ± 0.011,0.20521 ± 0.050,0.29056 ± 0.093,0.16920 ± 0.008,0.16798 ± 0.013,0.23171 ± 0.007,0.25108 ± 0.041
0.7,0.37806 ± 0.008,0.57463 ± 0.005,0.20079 ± 0.005,0.20426 ± 0.008,0.21627 ± 0.047,0.20029 ± 0.023,0.20728 ± 0.013,0.22361 ± 0.010,0.22586 ± 0.037,0.31577 ± 0.053,0.18954 ± 0.006,0.19206 ± 0.014,0.23551 ± 0.006,0.24783 ± 0.031
