,train_ML_f1_mean,train_ML_f1_std,test_ML_f1_mean,test_ML_f1_std
0.1,0.857039988940435,0.015795470329760725,0.7194834395656218,0.05289374424219537
0.2,0.8910878132015098,0.0156347968104464,0.6685078032221053,0.07544098441359966
0.3,0.8559311191213202,0.01626277317398568,0.6407792124491778,0.08059557058526623
0.4,0.8330340052744205,0.024273020911629136,0.6063871906250423,0.05005604591740954
0.5,0.8366427140463573,0.011509866048408474,0.6029794090038887,0.03588397004340886
0.6,0.81811110171778,0.026458065845679942,0.5351562534321156,0.016296992713785218
0.7,0.809050306131339,0.014868213952680858,0.5500462426876542,0.022879133661900315
0.8,0.8396297327148933,0.009721231166338157,0.5866051639516688,0.058532374060892414
0.9,0.7604320356682251,0.02563847992285431,0.5285482963509844,0.06816160232797426
