,train_ML_f1_mean,train_ML_f1_std,test_ML_f1_mean,test_ML_f1_std
0.1,0.9635612644620493,0.00819473135441024,0.7363646573863749,0.07015753825079211
0.2,0.9622997841774588,0.009129468453671363,0.71863053700263,0.08409637124146303
0.3,0.9703218999190867,0.008109592801678576,0.6671105668104046,0.06364005495419114
0.4,0.9824510239976855,0.007027807050017371,0.6618274635883611,0.04910007461032264
0.5,0.9783962974684333,0.005156906049072658,0.6030297844897126,0.040970389575192216
0.6,0.9784322924165894,0.002578393927325504,0.6053936961230564,0.0666512385634968
0.7,0.9825235508654441,0.01177769791239832,0.6014207212052629,0.03125813318213293
0.8,0.983840897654473,0.0068655589333031725,0.5551985861459545,0.043683045215730916
0.9,0.9217600284113263,0.018952121667931053,0.5504072611395132,0.04937233224149304
