,train_rmse_mean,train_rmse_std,train_mae_mean,train_mae_std,test_rmse_mean,test_rmse_std,test_mae_mean,test_mae_std
0.1,0.7073844,0.0042933524,0.65995455,0.00526835,0.70599014,0.017054075,0.6576493,0.022380214
0.2,0.70435184,0.0010610996,0.6561375,0.0018656049,0.70287895,0.0040441267,0.65407336,0.0067849783
0.3,0.7015258,0.0032305478,0.65251654,0.0040256386,0.70062953,0.012253762,0.6510909,0.014798298
0.4,0.6986683,0.003054587,0.6487459,0.0035020958,0.6990091,0.011543553,0.64871454,0.013098391
0.5,0.7007805,0.002629997,0.65170705,0.002917528,0.6997796,0.010456604,0.6501814,0.011873363
0.6,0.7018336,0.0025128282,0.6527748,0.0027486207,0.70242906,0.009250793,0.65296954,0.010049878
0.7,0.7012762,0.0026890736,0.6519165,0.0029606486,0.70138574,0.009969251,0.65182596,0.010885059
0.8,0.70269203,0.003312116,0.65296614,0.0036811242,0.7020408,0.012285767,0.65200055,0.013651688
0.9,0.701353,0.0027754297,0.65177006,0.003117837,0.7007183,0.010381153,0.6506192,0.011728792
