,train_ML_f1_mean,train_ML_f1_std,test_ML_f1_mean,test_ML_f1_std
0.1,0.8104155652772951,0.0056152002208817746,0.8071936303235125,0.02938540165736747
0.2,0.8262455956936797,0.007582493434665435,0.8176193137609878,0.03081637545100953
0.3,0.8317853400070749,0.007922323841732217,0.819309710265307,0.033117289932649445
0.4,0.8206655801032298,0.008644614331265692,0.8142707718747522,0.036496725618190236
0.5,0.8046192191396806,0.006077793297843549,0.8024315459853636,0.027252502649432096
0.6,0.8218822054034925,0.008646550860071297,0.8151786006198716,0.0328824768684081
0.7,0.7938270241228368,0.00485254020633006,0.7918879699436457,0.02164999917332773
0.8,0.8154492726889224,0.005793425551796337,0.801967957909347,0.0346908968077746
