,train_ML_rmse_mean,train_ML_rmse_std,test_ML_rmse_mean,test_ML_rmse_std
0.1,11.468432596501975,0.4845961972952749,12.958183427282009,0.7813862423868503
0.2,10.729700301299932,0.6486456346343833,10.622033521534082,0.8253011643464578
0.3,11.257932595091008,0.558514861446383,16.095586338968634,1.1649509098473116
0.4,14.75866575555924,1.146623106151551,19.9230517642966,0.992804359181332
0.5,10.74163337975309,0.6673418274338783,12.67551313571127,0.6553685996347406
0.6,12.935176292943833,0.3368155855322128,18.325947198804137,0.917047372462148
0.7,12.712011585453906,0.6232278659684443,27.47839028110393,0.5893017307006762
0.8,12.538234104672345,0.6944143086895175,19.98611313894767,0.9625105238828437
