,train_rmse_mean,train_rmse_std,train_mae_mean,train_mae_std,test_rmse_mean,test_rmse_std,test_mae_mean,test_mae_std
0.3,0.16766499,0.0012432337,0.12928466,0.00079757493,0.16683312,0.005589009,0.12829931,0.0024391937
0.5,0.16630602,0.0019022983,0.12825319,0.0011480987,0.17416939,0.011634398,0.13438591,0.0092646815
0.7,0.16767083,0.00097381254,0.12944977,0.0006784396,0.17587903,0.011864578,0.13533986,0.007803838
