,train_ML_rmse_mean,train_ML_rmse_std,test_ML_rmse_mean,test_ML_rmse_std
0.1,0.7295143114443181,0.008390857067337413,0.7293668353968943,0.008627779930852633
0.2,0.7315196843550389,0.00825426881683009,0.7304948706262261,0.007467225006711855
0.3,0.730219429542603,0.008328672305750934,0.7270356558559997,0.00821559716948
0.4,0.7302327089712757,0.00885378057211281,0.7299880738453529,0.008046302391630457
0.5,0.7334374017017773,0.00885358733505728,0.7325064862040502,0.007585692811680962
0.6,0.8537531813504504,0.008461741324208173,1.0434563032150406,0.024422571381037463
0.7,0.8517725927680855,0.02180357793165893,1.0435857590040647,0.02413071005045072
0.8,1.0149205621030595,0.0554532504031685,1.5622416677020476,0.10599666519272853
