,train_ML_rmse_mean,train_ML_rmse_std,test_ML_rmse_mean,test_ML_rmse_std
0.1,0.6753882048694628,0.0070030001193509776,0.6753285750970374,0.007035831318460349
0.2,0.6794615684263571,0.006171125951956971,0.6807348869394739,0.005758840252840766
0.3,0.6762902986576271,0.006938575009120142,0.6760710493861868,0.006488058815077581
0.4,0.678657594309835,0.007024517053178759,0.6771850921537619,0.0066827929836874925
0.5,0.6816477767377899,0.005870418158603002,0.6803877694463598,0.006686687614945344
0.6,1.0120395980339434,0.05447405657223841,1.0404188115345714,0.021832400886731756
0.7,1.1938878710734246,0.0623853887581557,1.0674952206489687,0.016661088360507798
0.8,1.2264707077751371,0.0995877996774531,1.547256588563763,0.044768177174495404
