,train_ML_f1_mean,train_ML_f1_std,test_ML_f1_mean,test_ML_f1_std
0.1,0.7952580648207459,0.041679219227201476,0.7739891433003766,0.06570574127889914
0.2,0.7693744872354558,0.03176489302832074,0.7672743964741476,0.06010620954250503
0.3,0.7718894710006639,0.04085491537215941,0.7554427638690824,0.03206913959222597
0.4,0.7597319572818115,0.04042263042348834,0.7497771648676658,0.05440465477487052
0.5,0.7552780570634472,0.03533335165792117,0.7369370147407829,0.0379587162283149
0.6,0.7492647227456739,0.03702087724858977,0.7312000032457511,0.06400614726844488
0.7,0.7351114055727137,0.02634878140084728,0.6836188828419371,0.0453123852256748
0.8,0.7176563905299272,0.0442075865153561,0.6401251035772971,0.04001595715621605
0.9,0.7193603233723961,0.048806331937451604,0.4443260001064454,0.025324031794046062
