,train_ML_f1_mean,train_ML_f1_std,test_ML_f1_mean,test_ML_f1_std
0.1,0.8145861585062159,0.02462555764325338,0.7900076462429169,0.055201961128517336
0.2,0.790425372227148,0.026570662991392546,0.7921186996788566,0.040414968650757555
0.3,0.7825922885568303,0.038838419362240924,0.7757040362623606,0.039882737687077785
0.4,0.7643166867866016,0.03552836113741621,0.7598973853540233,0.04087316188010828
0.5,0.7622019842234016,0.034018809357557696,0.7449823450712595,0.03933463596191134
0.6,0.7704497962185081,0.030472857493431777,0.7486376945061628,0.05325804702219403
0.7,0.7472012125220602,0.03342567251822571,0.7052700467051816,0.04393359940900899
0.8,0.70841562024912,0.05472299492328861,0.6901961416692817,0.02774933598789241
0.9,0.40139138482631254,0.009191967921965055,0.5131870984768165,0.06636659034592422
