,train_rmse_mean,train_rmse_std,train_mae_mean,train_mae_std,test_rmse_mean,test_rmse_std,test_mae_mean,test_mae_std
0.3,0.1606268,0.003520349,0.1271548,0.0028295363,0.15555456,0.008858287,0.123377964,0.0076676593
0.5,0.17794415,0.0033141547,0.14140879,0.0036417712,0.17732486,0.006265366,0.14116935,0.0073880777
0.7,0.1926132,0.003953275,0.15338005,0.0048091924,0.21627383,0.047261536,0.15901592,0.013146973
