,train_rmse_mean,train_rmse_std,train_mae_mean,train_mae_std,test_rmse_mean,test_rmse_std,test_mae_mean,test_mae_std
0.1,0.2033962,0.0029809752,0.16240601,0.001994023,0.23688436,0.010244614,0.19087075,0.006224367
0.2,0.22171216,0.0028961655,0.17808002,0.002300412,0.24826925,0.012007232,0.19985095,0.011785248
0.3,0.23878253,0.007348678,0.18560523,0.0057680146,0.25366843,0.005416412,0.19706659,0.0040822425
0.4,0.2217929,0.0028596101,0.17889349,0.0025649995,0.23157659,0.009251702,0.18712959,0.0077359155
0.5,0.23825066,0.0030674944,0.18216355,0.0019305027,0.23977828,0.010972939,0.18252437,0.0071187927
0.6,0.22285731,0.0017126801,0.17552674,0.0013437369,0.22661662,0.0054700673,0.1778288,0.004626841
0.7,0.23751852,0.0022597222,0.19312713,0.0019497345,0.23677644,0.009069345,0.1925306,0.007232731
0.8,0.2188644,0.0019294702,0.17501505,0.0014796028,0.21765296,0.006166881,0.17389107,0.0045897877
0.9,0.23995712,0.002642978,0.18812525,0.0019817227,0.235866,0.011356858,0.18524572,0.008831193
