,train_ML_rmse_mean,train_ML_rmse_std,test_ML_rmse_mean,test_ML_rmse_std
0.1,13.111170407201808,0.37376132956334823,16.164927547984377,0.8343338681140982
0.2,11.685450655364134,0.48185288257417136,10.839255057371265,0.8529893237058307
0.3,12.470530083304988,0.3199569513169374,18.770790130318503,1.1482736248184284
0.4,15.015031317940924,0.5223253231573636,25.953893445633213,1.495492690436719
0.5,11.872552575725255,0.5839166636112144,15.437223561779357,0.8294761276084248
0.6,16.299338083183162,0.6083569037574035,22.382209903307462,0.7064478998216727
0.7,18.757459475428423,1.5370447183458273,34.265308444760876,0.5857402483865664
0.8,24.04131676734451,1.0755606845993086,24.864080416536176,1.308543462944604
