,train_rmse_mean,train_rmse_std,train_mae_mean,train_mae_std,test_rmse_mean,test_rmse_std,test_mae_mean,test_mae_std
0.3,0.14570501,0.00053089473,0.11243775,0.0007413474,0.14692643,0.00091108127,0.113948524,0.00055676943
0.5,0.14568727,0.000765724,0.11264578,0.00069070834,0.14670865,0.0032418733,0.11323996,0.0021539943
0.7,0.14593358,0.00027375415,0.11278453,0.00041009538,0.14654773,0.0012064363,0.113721296,0.00085786794
