,train_ML_rmse_mean,train_ML_rmse_std,test_ML_rmse_mean,test_ML_rmse_std
0.1,14.12943799020944,0.3408191815930115,13.81682491366262,1.6886233640049575
0.2,15.334652360126142,0.5250871951695087,14.960657529242724,2.318444218104569
0.3,14.003198976875627,0.4947013899863718,13.650993790615015,1.511173563966506
0.4,16.884189638560134,0.40126939571077447,16.436210135891265,1.7522620436381102
0.5,13.92804078604766,0.35757445777597424,13.573883106629378,1.597036841140587
0.6,13.603432180430303,0.4364523217975507,13.180240189179045,1.5006846023963314
0.7,17.207657002908547,0.3675307437564994,16.76730150609932,1.7433640033984716
0.8,13.64240158414851,0.5183288485060978,13.319312376692977,1.4335114320000661
