,train_ML_rmse_mean,train_ML_rmse_std,test_ML_rmse_mean,test_ML_rmse_std
0.1,11.93809491447048,0.2516787893193291,11.96067516246928,1.1943224933636336
0.2,13.329471365321035,0.8048619333122945,13.199541466586442,2.138127164218099
0.3,11.965478974336671,0.2718683541512447,11.962100708662561,1.1799361754671875
0.4,15.13089984903301,0.381261384833151,15.144431308986038,1.4669636575445577
0.5,11.97220971922496,0.2626487094997926,11.956847721408067,1.1482632945156788
0.6,11.985262133303957,0.2691931485129231,11.882290583103636,1.1444539380066554
0.7,15.410969669453774,0.29527955752270146,15.281162507428089,1.337631670431801
0.8,11.970125372603473,0.27401220453482894,11.945278546853682,1.185657802002903
