,train_ML_rmse_mean,train_ML_rmse_std,test_ML_rmse_mean,test_ML_rmse_std
0.1,12.686642163899538,0.2910338437784444,12.467715032769519,1.4532758706416868
0.2,13.694174455415133,0.6562223672392151,13.450794739298294,2.217198616449875
0.3,12.732250502629077,0.2885840222793439,12.545126870347335,1.4316068131064346
0.4,15.314880491738913,0.3902950329185709,15.046170777439418,1.6210534685539773
0.5,12.730898642250398,0.2488601373604642,12.543968799190692,1.4143742082201494
0.6,12.997550777297345,0.2807549433385598,12.753294885616274,1.4279121179723238
0.7,15.471687901116761,0.32781351417250637,15.116981064052828,1.60771269617598
0.8,12.821177648085603,0.2863617751553348,12.6337061382021,1.4058482245397204
