,train_ML_f1_mean,train_ML_f1_std,test_ML_f1_mean,test_ML_f1_std
0.1,0.8106519371160136,0.03652342178182689,0.7201707133661098,0.04815706913129681
0.2,0.772654073426236,0.030119108906327286,0.6704711178742846,0.11103392243926032
0.3,0.7107764438037603,0.05203352865627165,0.610919660570495,0.054178154774242586
0.4,0.7606571017430408,0.04616159412840069,0.7198430372376029,0.04463777261316456
0.5,0.7055927734416031,0.03969779135283483,0.5711118567318458,0.06318832613753837
0.6,0.7378950210987612,0.052192597287902626,0.6056996014985213,0.12064783366218755
0.7,0.6072459079753878,0.05147088899401291,0.5003725771244952,0.04728107433398308
0.8,0.7012597492136711,0.0440970904817079,0.5774647933157373,0.03953785185331118
