,train_ML_rmse_mean,train_ML_rmse_std,test_ML_rmse_mean,test_ML_rmse_std
0.1,14.293709357096807,0.15980093288471736,14.167335697231033,0.6652366798956038
0.2,13.932010069207701,0.09427542124222274,13.826407143573618,0.6546302076707646
0.3,15.083183962503984,0.1273495333033674,14.941404657509542,0.7354928056210038
0.4,16.627250012635482,0.14274587864290053,16.5232203127972,0.762687529161929
0.5,14.973179362408604,0.10784778792509937,14.84258406602304,0.5471684175098748
0.6,16.387861440677256,0.14901812167312115,16.384625145398125,0.699077261935954
0.7,16.917735266321486,0.18194102517171978,16.87677371860891,0.7594994922362368
0.8,15.25010595113552,0.23305459700268708,15.152007251895833,0.5461711931633622
