,train_ML_rmse_mean,train_ML_rmse_std,test_ML_rmse_mean,test_ML_rmse_std
0.1,6.133632991846611,0.144604676368806,7.641347704756347,0.6932310477248501
0.2,5.839855146946781,0.0988569759213913,7.203437949948253,0.48167319601044395
0.3,7.846530518694694,0.14208860412908478,10.195618426011729,0.5127396958444854
0.4,8.18008172928388,0.1466011093315825,10.94967252322283,0.3064360716807283
0.5,6.623203118834977,0.09234867517479127,8.1194739636343,0.5091660697762385
0.6,6.784154033698973,0.012237679218940534,8.34064566611749,0.3481914045858693
0.7,6.653799687769978,0.09747127636581007,8.45904911149382,0.3774447857180749
0.8,6.352457761920521,0.09878570487104832,7.919556246089078,0.4441238999358449
