,train_ML_rmse_mean,train_ML_rmse_std,test_ML_rmse_mean,test_ML_rmse_std
0.1,12.156494805570686,1.4474840248649286,11.755883149677553,1.3460196556893842
0.2,13.024742769511514,1.538526764043782,12.867617229751351,1.2738504386490994
0.3,12.145899632398784,1.4937412313421652,11.783018558842306,1.3277960804992992
0.4,13.795158973242517,1.5730015252235752,14.200049728672216,1.2542028014533582
0.5,12.281231434566138,1.5062046622481062,11.743087991228647,1.3287111240985736
0.6,12.622842618373816,1.5483998227696463,11.752052356453877,1.3281579761134767
0.7,14.606515335443067,1.6785988124297397,15.040168643893784,1.188935835114126
0.8,12.932319441739896,1.5910205237626383,11.79939791576235,1.2728790358946782
