,train_ML_rmse_mean,train_ML_rmse_std,test_ML_rmse_mean,test_ML_rmse_std
0.1,9.006454372888019,0.7214855103381238,8.960523952139775,0.8111860460130808
0.2,11.238854032795143,0.7476837581398209,10.74275403224731,0.7889935986732499
0.3,8.992475676594172,0.7731399769815702,8.984363733975403,0.7730782666737669
0.4,20.03824519008965,1.1246837202650024,14.817873181337584,0.6582624055528588
0.5,9.035093165792215,0.6746379732105994,8.957029486508217,0.8035292518854349
0.6,8.959306136465102,0.7908068047809265,9.022916904477848,0.8502711297396455
0.7,26.867017326205126,1.4142309453164696,17.407434268650412,0.8201836350569243
0.8,8.942756282761788,0.8234440345480583,8.997484795661096,0.8131433867713038
