,train_ML_f1_mean,train_ML_f1_std,test_ML_f1_mean,test_ML_f1_std
0.1,0.5989894966761138,0.08104659354666387,0.5362793844563715,0.10104036912158855
0.2,0.7782899114725332,0.04196465229179095,0.6981610221486434,0.15091017175020296
0.3,0.6905405412317311,0.13970628844970318,0.4832228756604116,0.0861260103219486
0.4,0.7218204831803371,0.08312794619303264,0.4428225993672087,0.0820703184543686
0.5,0.606815440234257,0.05377109033334912,0.46714862064845714,0.12296560517224944
0.6,0.5829564493745096,0.11372669335100039,0.39842406976903394,0.007541615391697323
0.7,0.4776828758285971,0.05644455371842487,0.40114912219601984,0.0035416231177875053
0.8,0.45708296256708686,0.04355105178481386,0.39842406976903394,0.007541615391697323
