,train_rmse_mean,train_rmse_std,train_mae_mean,train_mae_std,test_rmse_mean,test_rmse_std,test_mae_mean,test_mae_std
0.3,0.42734987,0.00034320747,0.349176,0.00032005776,0.42808056,0.00050159777,0.35098308,0.000535792
0.5,0.40348777,0.0002339998,0.32923368,0.0003794325,0.40108767,0.00063450355,0.32784408,0.000849319
0.7,0.44236222,0.00023569283,0.36145225,0.00027901883,0.44519696,0.0007946761,0.3649533,0.00053803547
