,train_rmse_mean,train_rmse_std,train_mae_mean,train_mae_std,test_rmse_mean,test_rmse_std,test_mae_mean,test_mae_std
0.3,0.5902331,0.010889393,0.5142455,0.010858656,0.5774086,0.04919626,0.5029588,0.045596723
0.5,0.5906055,0.007341026,0.5117811,0.0077972156,0.5848664,0.029404117,0.50647146,0.031257894
0.7,0.58846223,0.004609805,0.50813687,0.0055025984,0.58397543,0.01777404,0.50343215,0.020291062
