,train_ML_rmse_mean,train_ML_rmse_std,test_ML_rmse_mean,test_ML_rmse_std
0.1,0.871302362322195,0.027917425035560217,0.7734691540623799,0.014413965277997213
0.2,0.9114968838785469,0.05759863021192349,0.7860073662179038,0.0206653282453297
0.3,0.8776055076880495,0.04280594889454607,0.8177713317344336,0.02267670089996529
0.4,0.8883423786763558,0.02851917294751352,0.8117316481473384,0.020574459366438494
0.5,0.9462072451518442,0.081272127100103,0.8047077858186444,0.022471016630165163
0.6,1.0041884001060917,0.08022583473091667,0.848541243445202,0.01189572859968422
0.7,0.9390051426049395,0.04955411276420206,0.8689116425009622,0.04429626290006265
0.8,0.9715726830115197,0.007565464932644498,0.8940379067916702,0.022029673739324806
