,train_ML_rmse_mean,train_ML_rmse_std,test_ML_rmse_mean,test_ML_rmse_std
0.1,0.9102943164324765,0.03499047129094877,0.7906194858326198,0.01991142297352286
0.2,0.9093688119576697,0.034868895398385766,0.8023878064359614,0.02095460508618973
0.3,0.8990234214174517,0.021439340413064497,0.8347536859998804,0.027756035983218852
0.4,0.8917132857734738,0.03193881068300458,0.8285554203242345,0.02397900800067736
0.5,0.9131269923895342,0.023469271836957243,0.7928437525940316,0.01614579244643597
0.6,1.165591176237982,0.0320425541454633,0.9105360997030564,0.04659105569401042
0.7,0.9352955788641155,0.016263029178511444,0.8206376124129499,0.01177430096434181
0.8,1.309960354771321,0.16004897515384697,1.0590725533502774,0.03916376815522097
