,train_ML_rmse_mean,train_ML_rmse_std,test_ML_rmse_mean,test_ML_rmse_std
0.1,0.8378678298623796,0.023813488871318265,0.7911208972800198,0.014537437936187034
0.2,0.8904058740327159,0.043894262021481244,0.814868637714226,0.017626593296802967
0.3,0.8472647103516987,0.022158569930669027,0.818599082017171,0.02059149848943785
0.4,0.8362274311610308,0.03205112683113215,0.8127514367276538,0.014216524199940234
0.5,0.8358086259791635,0.03532653139067402,0.8018161274138695,0.016961313520400357
0.6,1.1104716214350512,0.05573534807811651,0.8844753701224455,0.03226906567777466
0.7,0.91691660110818,0.033990885514430136,0.8274811182294645,0.0158974759855415
0.8,1.1315786909876582,0.17043376825199166,1.0161773588441003,0.03899018868542922
