,train_ML_f1_mean,train_ML_f1_std,test_ML_f1_mean,test_ML_f1_std
0.1,0.4441680233051869,0.04272492778713892,0.40436931074928817,0.07218149328617102
0.2,0.35315569558638193,0.03471144928694187,0.28081335072487157,0.022975596290368952
0.3,0.40449735920548946,0.018158927428259933,0.3177236142326877,0.06189922251879589
0.4,0.2855297616521612,0.029742406407191543,0.2229370984206709,0.019862715251069668
0.5,0.2528666598928736,0.02273379894603307,0.17939597890605094,0.028645057384270273
0.6,0.23364090391941716,0.0186436894859041,0.1728879292764065,0.028362693980890974
0.7,0.22100672745995248,0.029398846749557984,0.1300948170667962,0.028810431054291638
0.8,0.2208907735573386,0.029711401647157538,0.15057790657045958,0.04448236029978735
0.9,0.1087129425881109,0.002828848347912221,0.09845426563606836,0.012848535244299185
