,train_ML_f1_mean,train_ML_f1_std,test_ML_f1_mean,test_ML_f1_std
0.1,0.312783996036876,0.03483923692278983,0.2658629876286226,0.03386088916752033
0.2,0.24955336741651224,0.03222556735725941,0.19277126581134488,0.026457522842552626
0.3,0.22396592069679339,0.023961334369008727,0.17972232186709658,0.03214934268197117
0.4,0.18086039297706527,0.014525319324670724,0.17481098420687077,0.029285391663769214
0.5,0.1320116305678488,0.007578188945723294,0.1297078093586345,0.008310185447613885
0.6,0.1670515234406385,0.013264601190327237,0.1547203875602385,0.04194000931135851
0.7,0.1124773967308564,0.006743258548653642,0.10364231906191686,0.014032745109012632
0.8,0.09869448140374554,0.006892655974136656,0.08338278450657785,0.01387442777633771
0.9,0.08717122843790712,0.0026641703817437455,0.08836784021125546,0.011401930276575465
