,train_ML_rmse_mean,train_ML_rmse_std,test_ML_rmse_mean,test_ML_rmse_std
0.1,0.7562342547419951,0.01115528068353029,0.759130539626588,0.011384525282349768
0.2,0.7562779181764225,0.011562644534060614,0.7608002435722225,0.010329198616744412
0.3,0.7626364192488573,0.01089453418815963,0.766601097705929,0.010997468592872033
0.4,0.765576182213656,0.01246245641605851,0.7689123620394069,0.010968449784861528
0.5,0.769484504422522,0.014681310985095957,0.7848658997123156,0.010956299048007689
0.6,0.7837546568440571,0.013550697175692206,0.8315588050064682,0.013463006340632161
0.7,0.7613272422090918,0.012831924683479743,0.757950593416698,0.011741206067802478
0.8,0.8508566574334531,0.03148209996517146,1.0462468040432396,0.15068093882136682
