,train_ML_f1_mean,train_ML_f1_std,test_ML_f1_mean,test_ML_f1_std
0.1,0.8114858310601644,0.03858092650011639,0.7972799800796271,0.04299872283010036
0.2,0.8013304262166706,0.035274444036743124,0.7888319930014617,0.041392455573140044
0.3,0.7959659754744134,0.033938435940357364,0.7412461181535027,0.035493964936575674
0.4,0.7959681806604868,0.033910379419438544,0.698811062219157,0.05621029935078087
0.5,0.7988450708792656,0.029991785882636665,0.6525667261428196,0.05864618565816629
0.6,0.777499390346542,0.03358788713067305,0.5905430177078715,0.02574295068828829
0.7,0.7784054672587792,0.03481670627416659,0.4813988367541529,0.03193567855592269
0.8,0.7528181286667578,0.04533316855899361,0.43930049070404625,0.01170113678312385
0.9,0.7446204906933926,0.043078084245584285,0.4148196672951051,0.010720533195499704
