,train_ML_f1_mean,train_ML_f1_std,test_ML_f1_mean,test_ML_f1_std
0.1,0.853956788649973,0.024280098882251404,0.8217474086442402,0.03877857965181953
0.2,0.8368765548394913,0.013882596679367828,0.8119415459882537,0.03536616357666479
0.3,0.827643979142635,0.02422316869084655,0.7715410042645936,0.03350169811189124
0.4,0.8263652118217951,0.01844298274649263,0.72903989619556,0.0527460570271982
0.5,0.8186138155134287,0.026360342011998293,0.6913767535270384,0.05096443473453974
0.6,0.8173769511144876,0.020974222221010128,0.6264760328077955,0.022507323163206496
0.7,0.8111391770216724,0.023583435767446412,0.4982550947804431,0.0472564241866897
0.8,0.7960376570732883,0.024445497245866737,0.4295824952905633,0.020903233258347375
0.9,0.7924227714376878,0.03074046562624046,0.4046169589782921,0.016163984645663414
