,train_ML_rmse_mean,train_ML_rmse_std,test_ML_rmse_mean,test_ML_rmse_std
0.1,15.188428398185085,0.11206510071288098,15.114472583983959,0.39484545994644077
0.2,15.209937248504314,0.19691241458604766,15.218872240353482,0.8387431313129629
0.3,16.57555186307014,0.17940332310042115,16.597115965410882,0.741134009663007
0.4,16.836863420079105,0.16007940873133755,16.829647424624287,0.6981920401235974
0.5,16.62940427629898,0.07811891873177951,16.670948862039275,0.42538124815640094
0.6,16.777268450407963,0.1401975819840506,16.776538825061152,0.477824071499108
0.7,17.35862256864458,0.18603258695215316,17.365005484611995,0.5099465403166441
0.8,16.408006471048054,0.05473548827274854,16.40880623071822,0.28398645441259757
0.9,16.731649465356945,0.11970849818647422,16.766344881420785,0.7082888935714284
