,train_ML_rmse_mean,train_ML_rmse_std,test_ML_rmse_mean,test_ML_rmse_std
0.1,14.260937608417475,0.12959712696103856,14.262134241835842,0.4698255184286918
0.2,14.744009071783712,0.1811133938974096,14.82075071466696,0.7342439195938951
0.3,15.78067824258845,0.20418293458882772,15.768953771619746,0.7366532696214114
0.4,16.176069484743884,0.12909454879830437,16.340037316446846,0.6752014252406581
0.5,15.95534434851152,0.08206357041489665,16.12517672993148,0.3947091131335365
0.6,16.24167306839896,0.11626736738110756,16.34597867823817,0.4967048218051578
0.7,16.1516687041428,0.15500264281512877,16.21503577668961,0.6933691866221465
0.8,16.042544070156517,0.057500076910645875,16.12432621865281,0.45563131936141565
0.9,16.30810197413364,0.1376570641850125,16.443526837589832,0.6702744996539081
