,train_ML_rmse_mean,train_ML_rmse_std,test_ML_rmse_mean,test_ML_rmse_std
0.1,10.109495140909889,1.1657707168430163,12.454432207406093,1.708204345809961
0.2,10.531741948385932,0.7600357118498497,13.356836244150141,2.371715391973853
0.3,11.787556358684517,0.7788441949071674,13.51252770216361,2.4432469941497397
0.4,11.794092230625324,0.9242783280049278,16.505687642486702,1.3593404775732836
0.5,12.273431224988133,1.100129954533561,17.782705258626308,2.7745295643505874
0.6,13.61113168799584,1.0380202300607384,19.162481934504513,1.102159075690279
0.7,13.265995901062956,0.9611426617825941,21.30416290702512,2.015542119582501
0.8,13.213075849323328,1.7873163095185576,21.940333967065747,1.3796441873465173
0.9,14.418062692272892,0.8759700299446949,22.371612397449447,1.7609395649559472
