,train_ML_rmse_mean,train_ML_rmse_std,test_ML_rmse_mean,test_ML_rmse_std
0.1,12.385150085396992,0.29468192823374606,12.06664203621656,1.4316630551007696
0.2,13.591125653426351,0.35673451630305797,13.39900128046198,1.4584248142793144
0.3,12.351314844633734,0.2842339101813478,12.053230044044762,1.4618935087945284
0.4,14.040708756776379,0.2764241507269718,13.646426071125365,1.4999007313315433
0.5,12.445204317285294,0.3197481696479184,12.15353184404493,1.4060185365274254
0.6,12.397676735876903,0.33601295833865913,12.083261690375721,1.3114258308077538
0.7,14.172796666447088,0.2818875313007307,13.81399583859727,1.5641015678465906
0.8,12.346082894153122,0.30458261226961536,11.997570703650203,1.4215359509318242
