,train_ML_rmse_mean,train_ML_rmse_std,test_ML_rmse_mean,test_ML_rmse_std
0.1,12.275292353913434,0.31631361324806845,11.97453134403525,1.7344582105806776
0.2,13.321371089844183,0.4753110458910886,13.182446114597719,1.6403771733969403
0.3,12.152876096853763,0.39451719243635747,11.747206199338994,1.7600314626343276
0.4,14.236202967544108,0.42514056845827314,13.95511503038369,1.8899479005955147
0.5,12.149336138348794,0.45981921163890926,11.85111235167047,1.7354135486860245
0.6,12.28970682822857,0.3297683649260076,11.97003003291459,1.6218029571389234
0.7,14.633413886049208,0.3472608811521956,14.382776349005457,1.773784042369534
0.8,12.91065495495999,0.281212985639052,12.623108888226517,1.7040452557631078
