,train_ML_rmse_mean,train_ML_rmse_std,test_ML_rmse_mean,test_ML_rmse_std
0.1,8.982824769393915,0.17777931593916738,8.973978500940456,0.7688603751883142
0.2,10.337984658545455,0.4071534524594417,10.425750954057852,1.2277439643937818
0.3,8.951545877301841,0.16930877149685297,8.968180723959595,0.7192655310111392
0.4,11.687252081291096,0.3278374600479063,11.323561320023678,1.4904690107214857
0.5,8.977751345680286,0.19663538458472754,8.93149471681204,0.726643828805952
0.6,8.958702797212634,0.17992336478755777,8.93384503284715,0.7678858949208027
0.7,12.326660838750055,0.26173898830079295,12.313409427542165,1.2373439167764255
0.8,8.950783333526747,0.17375803067199985,8.901938312894385,0.7592550217609512
