,train_rmse_mean,train_rmse_std,train_mae_mean,train_mae_std,test_rmse_mean,test_rmse_std,test_mae_mean,test_mae_std
0.3,0.43052727,0.0037841713,0.3501696,0.0025040533,0.43289605,0.00885939,0.35480982,0.010073932
0.5,0.42799997,0.0011125633,0.34808794,0.0007707475,0.4312325,0.006993763,0.35071912,0.007165699
0.7,0.42581016,0.0011523175,0.34653324,0.00059132394,0.42874384,0.005251777,0.34783572,0.0044453405
