,train_ML_rmse_mean,train_ML_rmse_std,test_ML_rmse_mean,test_ML_rmse_std
0.1,11.088995965440153,0.1685022210497071,11.218431592918275,0.5038835270079197
0.2,11.875384888179477,0.12330469701295173,12.080391343804498,0.5689090120911204
0.3,12.675457468074134,0.16630950469144726,12.961643227670118,0.6231386610835056
0.4,13.483051158288777,0.16007586331285276,13.729146218515197,0.5782066827636321
0.5,14.166074334466003,0.13349169348853338,14.443858249610804,0.31678209603721386
0.6,14.782391863636201,0.24403832790871857,15.04143046677522,0.466514891633248
0.7,15.230364163070721,0.11338724907822345,15.474553790352868,0.34892695697294746
0.8,15.920582061416706,0.07583390183824976,16.14890860764762,0.4411406558510135
0.9,16.141584818321597,0.09762734482506995,16.31343138756701,0.5471448687159098
