,train_ML_rmse_mean,train_ML_rmse_std,test_ML_rmse_mean,test_ML_rmse_std
0.1,6.643128987742534,0.16179492372019186,8.450474105338861,0.45513604165651556
0.2,7.788626787451404,0.13766906846942412,10.019191298710172,0.7598865484575816
0.3,8.694657482278533,0.14436174742191646,11.60468111238373,0.5135994231653453
0.4,9.115306495653204,0.1118128270537822,12.17095925860568,0.642680949765515
0.5,10.056371776457999,0.12325413409061226,13.712775131012691,0.15150087374302898
0.6,10.885012971831992,0.21313686832683648,14.432274031523434,0.6492048755874773
0.7,11.435157020937087,0.14011423566215928,14.896550354042807,0.28108539976170255
0.8,12.900587674250506,0.18129323151598553,15.711894739496895,0.43448482325020676
0.9,14.319940482970406,0.04447400649897663,16.140595613538018,0.4156892305486662
