,train_ML_rmse_mean,train_ML_rmse_std,test_ML_rmse_mean,test_ML_rmse_std
0.1,10.948987359231802,0.23507021376680384,11.012807443805045,0.8357676682246689
0.2,11.806951930610117,0.2427638929780473,11.851718175805129,0.8465657418090612
0.3,12.748020042998032,0.18762643641856624,12.978865768355622,0.7959139304858848
0.4,13.295213807394287,0.18848107211268894,13.366829246019027,0.773984983720795
0.5,14.046938540671855,0.19536345376804884,14.158893767065427,0.2601702119426338
0.6,14.679043254312,0.2505958581128366,14.776211947115119,0.8497023429538325
0.7,15.02661877216588,0.10055585253478688,15.294652002961652,0.3402479768294206
0.8,16.07027400420018,0.1368840750506161,16.08331870701266,0.4174687905362341
0.9,16.103706026670825,0.12566152434588773,16.134559143546685,0.6537718088549073
