,train_rmse_mean,train_rmse_std,train_mae_mean,train_mae_std,test_rmse_mean,test_rmse_std,test_mae_mean,test_mae_std
0.3,0.12167911,0.002021232,0.07074262,0.0012177874,0.13340567,0.009632123,0.07984752,0.0071599097
0.5,0.12518175,0.0013781976,0.07467436,0.0009463994,0.13384071,0.009737779,0.08133759,0.0065949997
0.7,0.12872232,0.0014308854,0.078313395,0.00093996094,0.13675293,0.008189655,0.084707774,0.0051134923
