,train_ML_f1_mean,train_ML_f1_std,test_ML_f1_mean,test_ML_f1_std
0.1,0.7894324240755604,0.0490717443722653,0.5644585189922922,0.06860724350974846
0.2,0.7878130866077173,0.030270865311545363,0.7909102213981736,0.0217557989266106
0.3,0.7857760458303986,0.025318478287421314,0.7448003965736708,0.04376065190996685
0.4,0.7840599078597887,0.0468579768442234,0.561327984034101,0.06868891572900789
0.5,0.7815145710150313,0.04722346663209604,0.43737299524751283,0.02269600619579581
0.6,0.7415711909597361,0.05411639803864267,0.41249122199665217,0.018321798602392254
0.7,0.7467972643382933,0.07208518404323998,0.490038905358939,0.06836397967952694
0.8,0.7013272097780957,0.132534407384789,0.40114912219601984,0.0035416231177875053
