,train_ML_f1_mean,train_ML_f1_std,test_ML_f1_mean,test_ML_f1_std
0.1,0.5630443416355543,0.07755856899438635,0.4047666525077093,0.018177590286779927
0.2,0.6852557853031896,0.05399608601679399,0.7623482796459894,0.03023436934031285
0.3,0.8118614567776605,0.02841514270638588,0.5671301871415808,0.05880236769803797
0.4,0.5344122876332692,0.0946681571865422,0.47475055457229187,0.034946856878574455
0.5,0.39842406976903394,0.007541615391697323,0.39842406976903394,0.007541615391697323
0.6,0.5595364974180393,0.14053074330674992,0.39842406976903394,0.007541615391697323
0.7,0.40381376618352743,0.00516134449586225,0.39842406976903394,0.007541615391697323
0.8,0.41803362967626906,0.016343985980897417,0.39842406976903394,0.007541615391697323
