,train_ML_f1_mean,train_ML_f1_std,test_ML_f1_mean,test_ML_f1_std
0.1,0.7575427481413852,0.06248965931824925,0.7926704882123927,0.05678029505824032
0.2,0.7532006590970005,0.07791259489585901,0.7668442550357444,0.0667358173288139
0.3,0.7670317500368073,0.06707249425807049,0.7561654170299047,0.05110578825626234
0.4,0.7010978145664846,0.04022366401955719,0.7365489125326883,0.06337783045830542
0.5,0.6524499424164738,0.034973419649418504,0.5370331124503102,0.06992112614647872
0.6,0.7462571018051001,0.0664635860405485,0.59252031643336,0.08293136876847536
0.7,0.7170595689034597,0.08584584531280978,0.611900466061885,0.07130524405502199
0.8,0.674513100873782,0.09330789797162238,0.6951397559172026,0.03840943572027058
