,train_ML_rmse_mean,train_ML_rmse_std,test_ML_rmse_mean,test_ML_rmse_std
0.1,0.6618017029657157,0.01842986081759527,0.6876175702729637,0.026633846327779143
0.2,0.6904096152975663,0.03281393746177143,0.7002143760454662,0.030747461457346525
0.3,0.6940290627617436,0.03202002600514163,0.7041982769951116,0.031748538315385884
0.4,0.7089025774632809,0.024879374781560055,0.7179690966373706,0.032189920441322024
0.5,0.7164788717130289,0.03395612307758991,0.7331126378213615,0.025495613819406474
0.6,0.7435621016819397,0.02931522785893967,0.7358172503586953,0.014805459738010727
0.7,0.756132377765929,0.030222179410778607,0.7730065954899727,0.031834682553444585
0.8,0.9080980868325084,0.06979617763032209,0.7842239784045684,0.026849364573755516
0.9,0.9859306370855171,0.0391975940197822,0.7985428856817276,0.0280770422924916
