,train_ML_rmse_mean,train_ML_rmse_std,test_ML_rmse_mean,test_ML_rmse_std
0.1,0.6383650692348841,0.01876338018705967,0.6566804265272432,0.031210745881834326
0.2,0.6535655604740513,0.013893218701818673,0.6808625496383512,0.025213353565827615
0.3,0.6659342182513147,0.011918198797896039,0.6935580703408741,0.027796860028273043
0.4,0.6847555955038229,0.00960279727255186,0.7032780462441048,0.03661720378620361
0.5,0.6765791138472808,0.012839507230000734,0.7304128341542924,0.03559729118728891
0.6,0.7178859768515992,0.016491531265905822,0.7451673814155223,0.023459012671360482
0.7,0.6931589067525339,0.03007979011088388,0.7781111234606388,0.03363697868302171
0.8,0.722681658492789,0.026273981676018177,0.7901406490522087,0.020589602649691816
0.9,0.774652613760357,0.059683942137362625,0.7990448827277955,0.02549324456126785
