,train_ML_rmse_mean,train_ML_rmse_std,test_ML_rmse_mean,test_ML_rmse_std
0.1,1.1539925249850238,0.006072553049827675,37622277.45209931,735000.0044410108
0.2,1.1540111423232573,0.006013958873248277,35441018.03710798,567292.2710640454
0.3,1.1539775415510196,0.0060205532762412865,33168162.453963436,753574.7987513036
0.4,1.1540000600109823,0.006011989990131105,30971204.863017745,628752.4712551794
0.5,1.1540064009226914,0.0059932998811053646,27895423.137172323,552451.7039239367
0.6,1.1540105056479437,0.005978659412932098,25150876.418979686,464098.20194640587
0.7,1.1540035510522588,0.0060047685961675465,21787073.906824637,543911.333990846
0.8,1.154010895209431,0.006055400408576107,17718623.01402486,440530.7313748494
0.9,1.1540244023264639,0.005960824279987771,12643764.358387573,490112.541808439
