,train_ML_rmse_mean,train_ML_rmse_std,test_ML_rmse_mean,test_ML_rmse_std
0.1,1.1652261291453414,0.006610124142307665,1.3983347064244984,0.08417285106678814
0.2,1.2142967222554315,0.012797573116681895,1.3983347064244984,0.08417285106678814
0.3,1.160247236715385,0.005977670576915104,1.3983137216964312,0.08416100798374433
0.4,1.2076306051122745,0.013539886255890586,1.3982013649522365,0.0839764097096746
0.5,1.17994940073385,0.00816862261107761,1.3983612725722014,0.08474313810210497
0.6,1.178754069996126,0.010739061552747087,1.3973425727768503,0.08216400558492122
0.7,1.1867479064902817,0.008578739446003498,1.3944650224259851,0.08298934591066177
0.8,1.2135132744786605,0.012231319706387779,1.3578407664015528,0.06650140366979326
0.9,1.18673984297968,0.01037047548546607,1.35766903845751,0.04687784529260842
