,train_ML_rmse_mean,train_ML_rmse_std,test_ML_rmse_mean,test_ML_rmse_std
0.1,0.8878041006223946,0.00420165713541553,0.8859548451429475,0.014323389054893608
0.2,0.8879223170601092,0.004322780304520849,0.8868678195336568,0.014444361652562226
0.3,0.8883638696580274,0.00414227325219793,0.8858314513371177,0.014900551606263324
0.4,0.8875024211773862,0.00401931915914786,0.8865172674649433,0.01467040420591797
0.5,0.8878684539292812,0.004305849368326256,0.8844236018587361,0.014948020679310734
0.6,0.8877828198207307,0.004180393441669085,0.8854939498131313,0.014736403539722541
0.7,0.887358172553974,0.004629109487793106,0.8866822300755726,0.013700641755575317
0.8,0.88760253930572,0.00406912320879714,0.886991921621072,0.014338662544449068
0.9,0.8872328195452199,0.005331215833663435,0.8870326451122423,0.015536480359336729
