,train_ML_rmse_mean,train_ML_rmse_std,test_ML_rmse_mean,test_ML_rmse_std
0.1,0.7878309681842618,0.003917651644244038,0.9141650421599342,0.02355882767793396
0.2,0.7861700627665911,0.005420146739061691,0.9091748687772124,0.025981036250654548
0.3,0.7934364363321647,0.006063243354798621,0.9053192166837155,0.01984332311262109
0.4,0.796768694978754,0.00584175416200757,0.9066919802566545,0.011587945815611188
0.5,0.7877203701355435,0.006006532696239388,0.8975360490323204,0.019173074811501115
0.6,0.7984585721791932,0.006780987362498526,0.9078584253132254,0.017539687935779525
0.7,0.8130814124288129,0.005514403244506799,0.9033465064790906,0.014481277389776765
0.8,0.8164494909357888,0.004804594301741729,0.9013112771754773,0.016648616918840165
0.9,0.8435520562248715,0.0038327092762596967,0.8924285022282177,0.013660466287148532
