,train_rmse_mean,train_rmse_std,train_mae_mean,train_mae_std,test_rmse_mean,test_rmse_std,test_mae_mean,test_mae_std
0.1,0.110615775,0.002735071,0.07984688,0.0017221709,0.11127858,0.010715412,0.08026695,0.007485993
0.2,0.12876979,0.0025521887,0.09501445,0.0014699188,0.18119122,0.016827978,0.12869957,0.009748143
0.3,0.1344963,0.0026166593,0.0992639,0.0023133627,0.54816043,0.6423381,0.17769922,0.082776815
0.4,0.1451501,0.0010871162,0.10840281,0.0011664627,0.9787577,0.7571028,0.24018121,0.072488286
0.5,0.15734076,0.002039382,0.118042335,0.0014457862,0.44433612,0.2723379,0.20702446,0.057968225
0.6,0.17164592,0.002872693,0.1297602,0.0021415595,0.6908926,0.29490826,0.22841081,0.05805412
0.7,0.18848258,0.00236661,0.14237458,0.0012519165,0.6130182,0.5980067,0.20638752,0.057186086
0.8,0.22054198,0.0022296752,0.16755717,0.0018729825,0.25389305,0.023339681,0.19087164,0.014797382
0.9,0.24752894,0.0043267836,0.1895458,0.0040399283,0.27753675,0.018322952,0.20980375,0.0130037535
