,train_rmse_mean,train_rmse_std,train_mae_mean,train_mae_std,test_rmse_mean,test_rmse_std,test_mae_mean,test_mae_std
0.1,0.12066406,0.0021309617,0.08797375,0.0014058716,0.123906925,0.0070288014,0.09078198,0.0050505614
0.2,0.12631235,0.0019195469,0.092819706,0.0014327156,0.12668386,0.0055384487,0.0930522,0.0037631814
0.3,0.13138883,0.00037573412,0.09605207,0.0008598646,0.13375166,0.007812612,0.09817709,0.005055486
0.4,0.14186439,0.0011896935,0.10314655,0.0007703033,0.1420061,0.009525825,0.10344261,0.0073291436
0.5,0.15150575,0.003101505,0.1100896,0.0021058482,0.15580523,0.007434962,0.11295215,0.0064779767
0.6,0.16722348,0.0021732007,0.121608794,0.0012282722,0.16944689,0.008249763,0.12314743,0.0059919143
0.7,0.18878952,0.004037221,0.13719323,0.003147787,0.18610276,0.010698645,0.13542762,0.0076561514
0.8,0.22634272,0.0039088298,0.16849425,0.0031351645,0.22579527,0.009720695,0.16735497,0.007699912
0.9,0.2407281,0.003650782,0.18389651,0.0035543074,0.23841171,0.009781403,0.18096268,0.0084076775
