,train_ML_f1_mean,train_ML_f1_std,test_ML_f1_mean,test_ML_f1_std
0.1,0.9729295864451764,0.015716921943683213,0.8286587631720629,0.05313292107037984
0.2,0.9649642691047638,0.010623722123378948,0.7880359347979683,0.057959643118559036
0.3,0.955530078755006,0.005465663502885125,0.772401952456744,0.03436377960058448
0.4,0.9392776739592801,0.007642859749185368,0.751197717985908,0.07926033744820211
0.5,0.9246614663281703,0.02158167174051242,0.7859609642186408,0.01468612415249301
0.6,0.9204851137364922,0.017350922612583527,0.7264959483904899,0.05697853270589115
0.7,0.899066360244398,0.021679284949435322,0.7229769503068605,0.09273697710343322
0.8,0.8601256848204839,0.02045945659832327,0.5964233664097548,0.07536556681444977
0.9,0.782052775978993,0.031377820722588906,0.6303916328826649,0.03087115620265799
