,train_ML_f1_mean,train_ML_f1_std,test_ML_f1_mean,test_ML_f1_std
0.1,0.9473430803924264,0.011946591058419623,0.8219986501416493,0.018763566518149755
0.2,0.9389807880233356,0.011917556330827575,0.8116798783491852,0.024908155394153343
0.3,0.9352733839602336,0.00563127674317497,0.8003578705584999,0.034127790305766605
0.4,0.9187598148779699,0.003314399344045853,0.7513796768738932,0.07554475573071158
0.5,0.9027786766115623,0.02263716369505016,0.7976800702683796,0.04866477318934274
0.6,0.8890859986730764,0.010227632989795569,0.7451548131167423,0.06083999722189448
0.7,0.8614807599851012,0.011630903291709776,0.7404729374651909,0.0815042299479075
0.8,0.7332616248484157,0.02341379690785765,0.6087756574059751,0.09129692044815824
0.9,0.6034046569251601,0.023368674628025818,0.5074039125126081,0.047278349333723435
