,train_ML_f1_mean,train_ML_f1_std,test_ML_f1_mean,test_ML_f1_std
0.1,0.9655445516219503,0.002242134590933743,0.9653956717416061,0.008852677260192374
0.2,0.9526780867195169,0.002125939566215818,0.9563958495574736,0.004754713495048491
0.3,0.967292102315459,0.003564930916592579,0.9697258022117087,0.010297846511061852
0.4,0.9751504734596097,0.004162335562902571,0.9741968305026244,0.008988632788250843
0.5,0.9647235919733372,0.003074599483368284,0.963166298568806,0.010612387922776334
0.6,0.9231306854222627,0.006804307423806913,0.9233003919273817,0.025419911163200064
0.7,0.9272263726481327,0.0038560124227724206,0.9247228263814383,0.014455981200138565
0.8,0.897504714014698,0.003608361032411497,0.8925422353521689,0.012265412305899248
