,train_rmse_mean,train_rmse_std,train_mae_mean,train_mae_std,test_rmse_mean,test_rmse_std,test_mae_mean,test_mae_std
0.3,0.31869945,0.0009940034,0.26451668,0.001852073,0.31907734,0.004935163,0.26369065,0.0065586735
0.5,0.31894422,0.000707986,0.26397842,0.0006550988,0.3194669,0.0035866054,0.2639365,0.0027575663
0.7,0.32003364,0.00091220316,0.26536185,0.0008072399,0.320338,0.0033494744,0.26529914,0.0025642442
