,train_ML_rmse_mean,train_ML_rmse_std,test_ML_rmse_mean,test_ML_rmse_std
0.1,9.176492474703806e+29,1.8352984949401858e+30,1.6677452942326133e+32,3.3281628138370444e+32
0.2,2.1131963410591042e+30,4.2263926821182083e+30,2.658978225604304e+32,5.317956451208608e+32
0.3,2.012894575925205e+23,4.02578915185041e+23,13.993239306827693,24.112157732330136
0.4,0.720958101610752,0.04206480959545665,0.7954814777223924,0.17362262430343436
0.5,4.0940452062283317e+21,8.188090412456663e+21,1.196105688171703e+25,2.3922113763434057e+25
0.6,0.7121067905961299,0.005994118978057538,0.7173203359458447,0.020572259632764153
0.7,0.7539273728594537,0.006619592536861616,0.7556483434209168,0.024781663689897336
0.8,0.7686072409183036,0.004822352227288468,0.7744957928835238,0.026429350038425704
0.9,0.7846604040525851,0.007619029968290503,0.7898915633729161,0.031758732020979195
