,random,zero,mean,knn,mice,XGB,missforest,mf,hyper,gain,notmiwae,miwae,tabcsdi,ot
0.1,0.74936 ± 0.061,0.78791 ± 0.039,0.79781 ± 0.041,0.80001 ± 0.042,0.81405 ± 0.022,0.82645 ± 0.028,0.82390 ± 0.034,0.79956 ± 0.041,0.80939 ± 0.034,0.80001 ± 0.042,0.81950 ± 0.045,0.78649 ± 0.039,0.34616 ± 0.033,0.80224 ± 0.027
0.2,0.75073 ± 0.053,0.67365 ± 0.073,0.80418 ± 0.046,0.82664 ± 0.043,0.80522 ± 0.019,0.81874 ± 0.029,0.82869 ± 0.045,0.79894 ± 0.030,0.81432 ± 0.057,0.81421 ± 0.047,0.77055 ± 0.072,0.77618 ± 0.066,0.34616 ± 0.033,0.80888 ± 0.043
0.3,0.64461 ± 0.037,0.63143 ± 0.089,0.76242 ± 0.046,0.80477 ± 0.054,0.82041 ± 0.017,0.80720 ± 0.086,0.82097 ± 0.047,0.78748 ± 0.053,0.80619 ± 0.073,0.82444 ± 0.053,0.75895 ± 0.060,0.78866 ± 0.042,0.34616 ± 0.033,0.78233 ± 0.056
0.4,0.55873 ± 0.118,0.51452 ± 0.143,0.77506 ± 0.065,0.78716 ± 0.070,0.74611 ± 0.038,0.73696 ± 0.077,0.77506 ± 0.076,0.76684 ± 0.085,0.76780 ± 0.071,0.73208 ± 0.056,0.71074 ± 0.099,0.72787 ± 0.110,0.34616 ± 0.033,0.76949 ± 0.063
0.5,0.55592 ± 0.075,0.43092 ± 0.071,0.71590 ± 0.055,0.76392 ± 0.061,0.74495 ± 0.044,0.70667 ± 0.075,0.81466 ± 0.052,0.72459 ± 0.044,0.75766 ± 0.053,0.64461 ± 0.043,0.74406 ± 0.085,0.72869 ± 0.071,0.34616 ± 0.033,0.71287 ± 0.087
0.6,0.52294 ± 0.076,0.36234 ± 0.072,0.71161 ± 0.062,0.77674 ± 0.043,0.73471 ± 0.021,0.69624 ± 0.058,0.77906 ± 0.047,0.73109 ± 0.081,0.76134 ± 0.044,0.56400 ± 0.140,0.78815 ± 0.082,0.74611 ± 0.061,0.34616 ± 0.033,0.65536 ± 0.066
0.7,0.47252 ± 0.032,0.33817 ± 0.059,0.68196 ± 0.064,0.65883 ± 0.049,0.72425 ± 0.090,0.67076 ± 0.059,0.69400 ± 0.037,0.66241 ± 0.069,0.66320 ± 0.099,0.50224 ± 0.114,0.66558 ± 0.068,0.71722 ± 0.073,0.34616 ± 0.033,0.62748 ± 0.059
0.8,0.38609 ± 0.063,0.32490 ± 0.043,0.63402 ± 0.087,0.63988 ± 0.024,0.64999 ± 0.074,0.57356 ± 0.051,0.61769 ± 0.100,0.58782 ± 0.142,0.54422 ± 0.137,0.38278 ± 0.045,0.61353 ± 0.035,0.63310 ± 0.103,0.34616 ± 0.033,0.54295 ± 0.132
0.9,0.36914 ± 0.054,0.31590 ± 0.040,0.60873 ± 0.086,0.58068 ± 0.084,0.59730 ± 0.045,0.50663 ± 0.103,0.58139 ± 0.050,0.57389 ± 0.090,0.48567 ± 0.039,0.33817 ± 0.059,0.34616 ± 0.033,0.58545 ± 0.126,0.35486 ± 0.037,0.46506 ± 0.069
