,random,zero,mean,knn,mice,XGB,missforest,mf,hyper,gain,notmiwae,miwae,tabcsdi,ot
0.1,0.75213,0.74142,0.79702,0.81390,0.79470,0.80977,0.81070,0.78244,0.83351,0.76365,0.79257,0.80569,0.46440,0.77279
0.2,0.71473,0.67036,0.78163,0.79629,0.77806,0.79035,0.82662,0.78167,0.77167,0.77974,0.76358,0.77605,0.44790,0.75451
0.3,0.63501,0.65876,0.76623,0.79348,0.76809,0.74032,0.78592,0.74993,0.77132,0.76648,0.76033,0.75453,0.42528,0.73029
0.4,0.61111,0.65661,0.73207,0.79420,0.72854,0.72696,0.75306,0.75717,0.75371,0.67780,0.70761,0.72032,0.50191,0.70597
0.5,0.51252,0.63798,0.64308,0.74087,0.70831,0.64637,0.75621,0.66815,0.71415,0.64329,0.75784,0.74921,0.46078,0.59331
0.6,0.57388,0.50638,0.69640,0.74983,0.69239,0.64345,0.74970,0.66728,0.66053,0.57547,0.79203,0.72246,0.47758,0.62988
0.7,0.52412,0.48117,0.64555,0.64870,0.69834,0.63893,0.70646,0.68211,0.67884,0.55957,0.68283,0.73315,0.45952,0.61693
0.8,0.43167,0.42902,0.57160,0.60671,0.63549,0.49277,0.55350,0.56956,0.57545,0.44261,0.62312,0.62721,0.51166,0.54918
0.9,0.38674,0.38987,0.44042,0.57288,0.57226,0.52963,0.48844,0.48453,0.38972,0.40629,0.35783,0.60666,0.49054,0.43398
