,random,zero,mean,knn,mice,XGB,missforest,mf,hyper,gain,notmiwae,miwae,tabcsdi,ot
0.1,0.75213 ± 0.071,0.74142 ± 0.062,0.79702 ± 0.059,0.81390 ± 0.052,0.79470 ± 0.055,0.80977 ± 0.065,0.81070 ± 0.062,0.78244 ± 0.065,0.83351 ± 0.050,0.76365 ± 0.055,0.79257 ± 0.082,0.80569 ± 0.033,0.46440 ± 0.060,0.77279 ± 0.069
0.2,0.71473 ± 0.044,0.67036 ± 0.071,0.78163 ± 0.088,0.79629 ± 0.079,0.77806 ± 0.067,0.79035 ± 0.070,0.82662 ± 0.074,0.78167 ± 0.080,0.77167 ± 0.087,0.77974 ± 0.092,0.76358 ± 0.057,0.77605 ± 0.059,0.44790 ± 0.039,0.75451 ± 0.095
0.3,0.63501 ± 0.102,0.65876 ± 0.048,0.76623 ± 0.077,0.79348 ± 0.045,0.76809 ± 0.046,0.74032 ± 0.038,0.78592 ± 0.056,0.74993 ± 0.056,0.77132 ± 0.065,0.76648 ± 0.053,0.76033 ± 0.071,0.75453 ± 0.047,0.42528 ± 0.062,0.73029 ± 0.098
0.4,0.61111 ± 0.055,0.65661 ± 0.099,0.73207 ± 0.048,0.79420 ± 0.071,0.72854 ± 0.038,0.72696 ± 0.076,0.75306 ± 0.059,0.75717 ± 0.047,0.75371 ± 0.063,0.67780 ± 0.071,0.70761 ± 0.094,0.72032 ± 0.081,0.50191 ± 0.062,0.70597 ± 0.049
0.5,0.51252 ± 0.073,0.63798 ± 0.028,0.64308 ± 0.054,0.74087 ± 0.095,0.70831 ± 0.070,0.64637 ± 0.092,0.75621 ± 0.074,0.66815 ± 0.068,0.71415 ± 0.049,0.64329 ± 0.013,0.75784 ± 0.087,0.74921 ± 0.053,0.46078 ± 0.096,0.59331 ± 0.082
0.6,0.57388 ± 0.079,0.50638 ± 0.078,0.69640 ± 0.050,0.74983 ± 0.046,0.69239 ± 0.084,0.64345 ± 0.072,0.74970 ± 0.056,0.66728 ± 0.090,0.66053 ± 0.144,0.57547 ± 0.086,0.79203 ± 0.066,0.72246 ± 0.060,0.47758 ± 0.069,0.62988 ± 0.061
0.7,0.52412 ± 0.091,0.48117 ± 0.068,0.64555 ± 0.038,0.64870 ± 0.071,0.69834 ± 0.072,0.63893 ± 0.049,0.70646 ± 0.056,0.68211 ± 0.065,0.67884 ± 0.020,0.55957 ± 0.058,0.68283 ± 0.064,0.73315 ± 0.035,0.45952 ± 0.054,0.61693 ± 0.085
0.8,0.43167 ± 0.077,0.42902 ± 0.061,0.57160 ± 0.084,0.60671 ± 0.048,0.63549 ± 0.074,0.49277 ± 0.076,0.55350 ± 0.109,0.56956 ± 0.086,0.57545 ± 0.108,0.44261 ± 0.038,0.62312 ± 0.039,0.62721 ± 0.112,0.51166 ± 0.041,0.54918 ± 0.056
0.9,0.38674 ± 0.040,0.38987 ± 0.094,0.44042 ± 0.026,0.57288 ± 0.122,0.57226 ± 0.070,0.52963 ± 0.088,0.48844 ± 0.037,0.48453 ± 0.090,0.38972 ± 0.049,0.40629 ± 0.069,0.35783 ± 0.066,0.60666 ± 0.052,0.49054 ± 0.062,0.43398 ± 0.104
