,random,zero,mean,knn,mice,XGB,missforest,mf,hyper,gain,notmiwae,miwae,tabcsdi,ot
0.1,0.71846 ± 0.078,0.70260 ± 0.075,0.76665 ± 0.060,0.74782 ± 0.071,0.74842 ± 0.068,0.75440 ± 0.067,0.77397 ± 0.060,0.76844 ± 0.076,0.76276 ± 0.087,0.73815 ± 0.059,0.78332 ± 0.056,0.72367 ± 0.073,0.35499 ± 0.039,0.74917 ± 0.067
0.2,0.70644 ± 0.043,0.63625 ± 0.068,0.74596 ± 0.057,0.73991 ± 0.081,0.76180 ± 0.063,0.76582 ± 0.048,0.77853 ± 0.064,0.75765 ± 0.068,0.74221 ± 0.045,0.76044 ± 0.054,0.72338 ± 0.046,0.74450 ± 0.078,0.36715 ± 0.048,0.75967 ± 0.044
0.3,0.61304 ± 0.071,0.57502 ± 0.104,0.74272 ± 0.089,0.74311 ± 0.059,0.75492 ± 0.046,0.72413 ± 0.040,0.75480 ± 0.054,0.74998 ± 0.071,0.76051 ± 0.077,0.76440 ± 0.063,0.72706 ± 0.056,0.75561 ± 0.050,0.38051 ± 0.041,0.76316 ± 0.085
0.4,0.57879 ± 0.028,0.52653 ± 0.131,0.70360 ± 0.075,0.75958 ± 0.057,0.71301 ± 0.080,0.71353 ± 0.096,0.71463 ± 0.088,0.75842 ± 0.090,0.75898 ± 0.080,0.69360 ± 0.098,0.70676 ± 0.101,0.72545 ± 0.062,0.43001 ± 0.060,0.70336 ± 0.059
0.5,0.51785 ± 0.070,0.45240 ± 0.069,0.66078 ± 0.048,0.70803 ± 0.081,0.68814 ± 0.088,0.63934 ± 0.067,0.72651 ± 0.055,0.69133 ± 0.066,0.73469 ± 0.032,0.64076 ± 0.050,0.73524 ± 0.069,0.71105 ± 0.040,0.41790 ± 0.042,0.62285 ± 0.076
0.6,0.56245 ± 0.090,0.37087 ± 0.071,0.73053 ± 0.067,0.73800 ± 0.081,0.70374 ± 0.056,0.67114 ± 0.065,0.74606 ± 0.026,0.67733 ± 0.096,0.71454 ± 0.075,0.52659 ± 0.131,0.75246 ± 0.058,0.71480 ± 0.080,0.52430 ± 0.063,0.64764 ± 0.080
0.7,0.47318 ± 0.046,0.35233 ± 0.068,0.66152 ± 0.085,0.65871 ± 0.026,0.72283 ± 0.089,0.65268 ± 0.042,0.67987 ± 0.051,0.67638 ± 0.089,0.63927 ± 0.096,0.44846 ± 0.106,0.66871 ± 0.061,0.70234 ± 0.067,0.45060 ± 0.086,0.66201 ± 0.095
0.8,0.41816 ± 0.071,0.32490 ± 0.043,0.57833 ± 0.101,0.62445 ± 0.019,0.64148 ± 0.082,0.55092 ± 0.069,0.60082 ± 0.104,0.57544 ± 0.117,0.56213 ± 0.140,0.36523 ± 0.065,0.59475 ± 0.060,0.63944 ± 0.104,0.50075 ± 0.035,0.58182 ± 0.121
0.9,0.35500 ± 0.038,0.32490 ± 0.043,0.52526 ± 0.062,0.58147 ± 0.101,0.57434 ± 0.056,0.52188 ± 0.104,0.52172 ± 0.058,0.57624 ± 0.067,0.42204 ± 0.072,0.35652 ± 0.074,0.34616 ± 0.033,0.62730 ± 0.043,0.44187 ± 0.031,0.46247 ± 0.121
