,random,zero,mean,knn,mice,XGB,missforest,mf,hyper,gain,notmiwae,miwae,tabcsdi,ot
0.1,0.74936,0.78791,0.79781,0.80001,0.81405,0.82645,0.82390,0.79956,0.80939,0.80001,0.81950,0.78649,0.34616,0.80224
0.2,0.75073,0.67365,0.80418,0.82664,0.80522,0.81874,0.82869,0.79894,0.81432,0.81421,0.77055,0.77618,0.34616,0.80888
0.3,0.64461,0.63143,0.76242,0.80477,0.82041,0.80720,0.82097,0.78748,0.80619,0.82444,0.75895,0.78866,0.34616,0.78233
0.4,0.55873,0.51452,0.77506,0.78716,0.74611,0.73696,0.77506,0.76684,0.76780,0.73208,0.71074,0.72787,0.34616,0.76949
0.5,0.55592,0.43092,0.71590,0.76392,0.74495,0.70667,0.81466,0.72459,0.75766,0.64461,0.74406,0.72869,0.34616,0.71287
0.6,0.52294,0.36234,0.71161,0.77674,0.73471,0.69624,0.77906,0.73109,0.76134,0.56400,0.78815,0.74611,0.34616,0.65536
0.7,0.47252,0.33817,0.68196,0.65883,0.72425,0.67076,0.69400,0.66241,0.66320,0.50224,0.66558,0.71722,0.34616,0.62748
0.8,0.38609,0.32490,0.63402,0.63988,0.64999,0.57356,0.61769,0.58782,0.54422,0.38278,0.61353,0.63310,0.34616,0.54295
0.9,0.36914,0.31590,0.60873,0.58068,0.59730,0.50663,0.58139,0.57389,0.48567,0.33817,0.34616,0.58545,0.35486,0.46506
