,train_ML_f1_mean,train_ML_f1_std,test_ML_f1_mean,test_ML_f1_std
0.1,0.5174595128240229,0.054445664802995716,0.4910891883630798,0.060638059524113164
0.2,0.4498749580711598,0.0553072135147455,0.39774645159468663,0.03719624882143105
0.3,0.44090666919332744,0.07631000053060133,0.35833374677052526,0.013472214321092059
0.4,0.3764645371389466,0.0333734969259069,0.314032120568568,0.042390747641130176
0.5,0.275456355585096,0.028985676333980918,0.258299734160426,0.0243790763342701
0.6,0.25128191930478067,0.020010246087038202,0.25567481489084215,0.022642201607891363
0.7,0.2075783493282765,0.06719083099406788,0.19031034572438799,0.060697132429021895
0.8,0.17919289068427524,0.06216747210417433,0.17890970181070992,0.06768428823791116
0.9,0.07668950226845013,0.010417535219193544,0.08831474692645197,0.0140905303894076
