,train_ML_f1_mean,train_ML_f1_std,test_ML_f1_mean,test_ML_f1_std
0.1,0.38178258663599074,0.006476111372404426,0.3722130934352118,0.026722688659347193
0.2,0.3482698331545556,0.024433338722086098,0.32924811088625294,0.046146562208316574
0.3,0.3171465160005583,0.03344087374670491,0.2943028257776971,0.0336905549863949
0.4,0.2939381062282534,0.03319708797125824,0.28614687086162477,0.024215274067874028
0.5,0.22289787602014793,0.016969936126700152,0.2224418274034557,0.03790626479525651
0.6,0.25300754020787786,0.018974835843199988,0.21869299500672973,0.034773630034109375
0.7,0.16925240131571861,0.03821755560828015,0.15655602017488213,0.03608033332568737
0.8,0.16621531237640466,0.010964831123551974,0.15577610773859002,0.04501199634469
0.9,0.08849040660631997,0.021443240231920565,0.09264076776825947,0.013630559007214127
