,train_rmse_mean,train_rmse_std,train_mae_mean,train_mae_std,test_rmse_mean,test_rmse_std,test_mae_mean,test_mae_std
0.3,0.5475148,0.01479044,0.46574306,0.01574516,0.52987295,0.05040805,0.45075423,0.045463473
0.5,0.5595903,0.009294201,0.47614017,0.009939661,0.5468919,0.024760054,0.46347314,0.027327308
0.7,0.58124155,0.014921981,0.49989218,0.016952088,0.576011,0.028256303,0.49504232,0.029019069
