,train_ML_rmse_mean,train_ML_rmse_std,test_ML_rmse_mean,test_ML_rmse_std
0.1,0.758178459357289,0.011314509976063735,0.7627475628189392,0.011456243261524406
0.2,0.7578972526678225,0.011875940407801927,0.7663344397005165,0.009448330868335035
0.3,0.7667552059914077,0.011977450942925325,0.7781623618994752,0.011676708140732553
0.4,0.7686240460274836,0.01366685520802807,0.7804771474342549,0.011743405604780955
0.5,0.7707596263993924,0.014672989153087042,0.787157050544385,0.014232977770613048
0.6,0.7804852052952095,0.012947652536373564,0.8207468849102693,0.010106800358268133
0.7,0.7620499984716214,0.012835066351313611,0.7664880983956149,0.012547195835564746
0.8,0.8194697439804569,0.020044611984402876,0.9745017743101952,0.01375296884118025
