,train_ML_rmse_mean,train_ML_rmse_std,test_ML_rmse_mean,test_ML_rmse_std
0.1,0.7403766807591132,0.011326914617707984,0.7449195319607819,0.01318461579402026
0.2,0.736571727837273,0.011063103894623895,0.7423555719972909,0.010302334641458888
0.3,0.7504939253067773,0.010493896886693914,0.7689536419268408,0.016147126201242024
0.4,0.752304979244558,0.013821440598367015,0.7747067210290977,0.015849352371287193
0.5,0.7601581121464296,0.014417655976088507,0.7656935779128462,0.011357659988291543
0.6,0.7965346798025182,0.01053720940698538,0.8101953704623226,0.01115103705979543
0.7,0.7698063873132348,0.008819306959492812,0.74227374009964,0.009856698219869594
0.8,0.9615855533505673,0.033822267654612805,0.9897075407043747,0.018832137585491664
