,train_ML_rmse_mean,train_ML_rmse_std,test_ML_rmse_mean,test_ML_rmse_std
0.1,0.7280714526952533,0.002527805193948401,0.729343301855989,0.008640642864986224
0.2,0.7295675512446322,0.002688595439701467,0.7306374189955214,0.008108024696713264
0.3,0.7262609404424124,0.0025138864862467004,0.7273520941252174,0.008193034124752465
0.4,0.7286368474443321,0.0025672615855450677,0.7299997996163664,0.008533591240052181
0.5,0.7313553174390678,0.003608876239041148,0.7323691754668218,0.008888266962321704
0.6,0.9689695539227046,0.005868389210874919,0.9708976757581906,0.015477551953062984
0.7,0.9729617419712577,0.01830419155283512,0.9762350179181032,0.014115748422818895
0.8,0.9716693779430209,0.013010116646291921,0.9772758421889746,0.016922407115774096
