,train_ML_rmse_mean,train_ML_rmse_std,test_ML_rmse_mean,test_ML_rmse_std
0.1,0.673060169467103,0.001837836386073479,0.6753204907879791,0.0070317696737882684
0.2,0.6765863743663522,0.0013980515686304398,0.678872851561243,0.006784915331323315
0.3,0.6732078191499136,0.0018620552584395985,0.6755020476641533,0.006417413114174729
0.4,0.6748438124084948,0.001936143799886635,0.6769502194526328,0.006965756232598621
0.5,0.6764957337433337,0.0020343212577664566,0.6789527369578137,0.007738178045944259
0.6,0.892204414850975,0.004928924184777312,0.8950803384807324,0.014592407028084958
0.7,0.879835230760105,0.015504008249099447,0.882301015431409,0.012017779670140727
0.8,0.9128049771089565,0.014170370960742782,0.9173211014668319,0.012612228267037973
