,train_ML_rmse_mean,train_ML_rmse_std,test_ML_rmse_mean,test_ML_rmse_std
0.1,0.6158370434379432,0.002231900209494981,0.6252336453903813,0.00862437616091638
0.2,0.6306020908688711,0.0025195511231496386,0.6371658942033456,0.0075519427772034655
0.3,0.6158781037492941,0.003991369301753459,0.6245853531671375,0.007572602926600724
0.4,0.6380664930039284,0.002323785666192766,0.6448521904184643,0.008240294498002015
0.5,0.6396873267370755,0.0031591427610893805,0.6458858683563263,0.006744668829158049
0.6,0.8247464783470508,0.005556842766325569,0.8325373006476549,0.015466465369314475
0.7,0.8099520105736463,0.006248239793081707,0.8179684086147825,0.014786044785289948
0.8,0.7340311025010823,0.023579483614495335,0.7454463812949971,0.02834129347112632
