,train_ML_f1_mean,train_ML_f1_std,test_ML_f1_mean,test_ML_f1_std
0.1,0.4160466036655194,0.013881520805319559,0.42772719999536973,0.03446907545135231
0.2,0.5664665411298868,0.044369203809051204,0.5188501782364322,0.0574199637285759
0.3,0.4324359700464755,0.013837981134843096,0.4272438431697549,0.029294189610072078
0.4,0.413215944846293,0.014693016744527587,0.43422051615458496,0.03568657290062825
0.5,0.3529787907090293,0.050464915239659965,0.32391917459263075,0.06944290208459225
0.6,0.3361605630756549,0.023540578390069313,0.322807106616526,0.030653846494717342
0.7,0.3130326965953717,0.04454465913257291,0.2739841137875103,0.0496090097595617
0.8,0.3996472341952601,0.04952448983080401,0.34533108762896964,0.06724593481857408
