,train_rmse_mean,train_rmse_std,train_mae_mean,train_mae_std,test_rmse_mean,test_rmse_std,test_mae_mean,test_mae_std
0.1,0.024824364,0.000276574,0.019573187,0.00022684218,0.02498651,0.0010793932,0.019761128,0.0008902695
0.2,0.06512189,0.00026699912,0.054197498,0.00025265734,0.06505665,0.00094372814,0.054116417,0.0008930677
0.3,0.091276444,0.00030262064,0.074686386,0.00025948603,0.09129828,0.0010455172,0.074703045,0.00090858055
0.4,0.1011549,0.0002517573,0.08205703,0.000232684,0.10112016,0.00076940143,0.08202403,0.00069208886
0.5,0.11839706,0.0003380559,0.100235485,0.00030582002,0.11852028,0.0013303233,0.10037389,0.0012176121
0.6,0.12689993,0.00019369759,0.105888054,0.00017307077,0.12701367,0.00082350377,0.10598755,0.00078743376
0.7,0.16894762,0.0002148469,0.15273727,0.0002359149,0.16900806,0.0010072439,0.15281327,0.0011285951
0.8,0.12930353,0.0004560575,0.1087569,0.00037342097,0.12946434,0.0018891005,0.10888885,0.001577838
