,train_ML_rmse_mean,train_ML_rmse_std,test_ML_rmse_mean,test_ML_rmse_std
0.1,0.754370128452414,0.0036376571352022087,0.7533997947314195,0.011135651688101577
0.2,0.7566425081639323,0.004139150014922341,0.7563406963480258,0.013778793432530424
0.3,0.7612350143622642,0.004066733815161546,0.7600587627280693,0.012996560041724031
0.4,0.7625379688337646,0.003994793027199484,0.7621872256157982,0.013280405855573196
0.5,0.7627179464226808,0.003187671721772914,0.7618506285206322,0.010816869212358209
0.6,0.7715661838190353,0.0035712744622018486,0.7702840742272823,0.010814415612918874
0.7,0.7577906241499921,0.0036931342546433626,0.7574182863875232,0.011612161317913487
0.8,0.7680553627892281,0.0024334439906674595,0.7672263964863697,0.008003875603781475
