,train_rmse_mean,train_rmse_std,train_mae_mean,train_mae_std,test_rmse_mean,test_rmse_std,test_mae_mean,test_mae_std
0.3,0.09775914,0.00046910509,0.048435945,0.00021386039,0.11360278,0.032278884,0.060575474,0.024236206
0.5,0.07138537,0.0003731515,0.0298116,0.00020742694,0.08267859,0.023052756,0.03702269,0.014117193
0.7,0.13129076,0.018485557,0.063361645,0.009289298,0.14719345,0.024482762,0.074539945,0.016520955
