,train_ML_f1_mean,train_ML_f1_std,test_ML_f1_mean,test_ML_f1_std
0.1,0.5383859718492403,0.05309101295793224,0.6568739673854671,0.1327820888819987
0.2,0.5003725771244952,0.04728107433398308,0.513070247260572,0.04812384152528635
0.3,0.5003725771244953,0.04728107433398308,0.5526727851857727,0.07575125508533967
0.4,0.5003725771244952,0.04728107433398308,0.565965651479117,0.05165182561891988
0.5,0.5003725771244952,0.04728107433398308,0.4741235600239267,0.00621571351790725
0.6,0.4776858435681965,0.006069967429577366,0.47410348317601325,0.007019270444539128
0.7,0.4776858435681965,0.006069967429577366,0.49375364362007595,0.038366994768571375
0.8,0.4776858435681965,0.006069967429577366,0.527486589223927,0.06521744701635038
0.9,0.4776858435681965,0.006069967429577366,0.5079185520361991,0.06968178878394897
