,train_ML_f1_mean,train_ML_f1_std,test_ML_f1_mean,test_ML_f1_std
0.1,0.9299919335413407,0.0062616397071988275,0.9283396051957421,0.019617270128721255
0.2,0.8825194218207123,0.007087489204789017,0.8767813190305427,0.02904588749800556
0.3,0.8050018980241083,0.004289330166007661,0.7911967168529171,0.010781414074787131
0.4,0.7608719569229276,0.010880661601854172,0.7604412003790236,0.030106637868504846
0.5,0.7598472181002862,0.005757873650413492,0.7641506919756414,0.03363956444895244
0.6,0.6669043343955086,0.012053765523887927,0.6540927359085943,0.032283207081727994
0.7,0.678543410737613,0.010962075340130521,0.6649584278931069,0.022516177828507074
0.8,0.5382060847000936,0.005617966523223002,0.5337791791908328,0.020536256701920406
0.9,0.5132235760044839,0.013454716860550078,0.5072329976957615,0.03162166019875622
