,train_ML_f1_mean,train_ML_f1_std,test_ML_f1_mean,test_ML_f1_std
0.1,0.0020403178742466692,0.002082142364263101,0.0783609095213185,0.010399734197724702
0.2,0.004559268791594016,0.005435241889993692,0.07903520404701772,0.006387588698923086
0.3,0.005307145670298806,0.004503498888588012,0.08278760222267115,0.00836596198720391
0.4,0.001696809872017002,0.0023873893785573905,0.08031356052296346,0.014050615448454663
0.5,0.018755362633618856,0.028303752803681876,0.0756853906806337,0.016027079666057417
0.6,0.0034143950154107206,0.002131907728824896,0.08215457616490804,0.013713361939736324
0.7,0.013601070982798858,0.013491987517261802,0.09227381069489396,0.011957824835736803
0.8,0.016806111700786497,0.012729831173146088,0.08692608555345571,0.008427553571918498
0.9,0.041507514008946075,0.03314888228019634,0.10035252752496712,0.02245309940787186
