,train_ML_f1_mean,train_ML_f1_std,test_ML_f1_mean,test_ML_f1_std
0.1,0.04964134774332404,0.004443513332442812,0.04986029970426198,0.003678612193235451
0.2,0.05063839255845075,0.004823717390047605,0.04986029970426198,0.003678612193235451
0.3,0.04854039275999041,0.003251156076506923,0.04986029970426198,0.003678612193235451
0.4,0.050799823623023176,0.004643330472333973,0.05073465951348449,0.002832512435562693
0.5,0.04830879650715271,0.004315459793240368,0.04973736015978299,0.003606124164778217
0.6,0.048825399487448504,0.005357908927517021,0.05064841455760248,0.00347933019599137
0.7,0.04947991667875161,0.004591134318472598,0.05530093861146242,0.005337695737867533
0.8,0.04870182382456284,0.003088632210532976,0.0614205290865835,0.007515458542575223
0.9,0.048963313698455815,0.0034162509487929123,0.07180280004664559,0.011654256324933561
