,train_ML_rmse_mean,train_ML_rmse_std,test_ML_rmse_mean,test_ML_rmse_std
0.1,12.280742382441456,1.5134459417951078,11.752108156282572,1.3488427505123715
0.2,13.07065708142286,1.5293080490894528,12.85615909291364,1.2356404167718265
0.3,12.219410568634238,1.5157572820089307,11.768941898550796,1.3340137653482447
0.4,13.871300151803243,1.5547945733784991,14.238247885618023,1.1640249078116347
0.5,12.347870222630426,1.4945940174791545,11.747933678657486,1.3189005395364561
0.6,12.71758008949361,1.5544065553581536,11.753332388585159,1.341503976866087
0.7,14.680803216190503,1.6366277563186515,15.086717116895226,1.1533343449679008
0.8,12.931896834142552,1.587113921705642,11.801072132716135,1.274994674919105
