,train_ML_f1_mean,train_ML_f1_std,test_ML_f1_mean,test_ML_f1_std
0.1,0.9757344842596541,0.00593611865598254,0.9397506775212534,0.015006589403462217
0.2,0.9115651277842044,0.022098378657759533,0.7505741819593432,0.03508778695722761
0.3,0.9463688329773772,0.015808594118028912,0.8782215751313988,0.019899885863903982
0.4,0.9158902995832324,0.023927581060992357,0.7895423154552963,0.018832685747729287
0.5,0.9429171808589315,0.006686041531732921,0.7212430260977929,0.025456990562525646
0.6,0.8319301334948561,0.010173976569317454,0.5323353366223913,0.039729402787728775
0.7,0.9039054337176425,0.03217778735858089,0.7548022529077208,0.028209985673094025
0.8,0.8098289208857423,0.014118849585936993,0.3568926100957694,0.005555551599308148
