,train_ML_f1_mean,train_ML_f1_std,test_ML_f1_mean,test_ML_f1_std
0.1,0.9550542972271632,0.013900830187024855,0.934655387850524,0.01444683571162319
0.2,0.8771700236662348,0.018286856577473674,0.7623549682163635,0.030154746386505775
0.3,0.9251037158691459,0.026291620334793077,0.8858933813850344,0.022171185160362233
0.4,0.8466327862393026,0.022247774076445907,0.7757444771529578,0.021205078459224484
0.5,0.906582423268939,0.01153937955382214,0.7306722561757715,0.028928827178619238
0.6,0.8262252403290263,0.010898408239200087,0.5471401931398356,0.038573577862381914
0.7,0.8656118074012937,0.0108155220454741,0.7390029897298483,0.03520267932081103
0.8,0.8322877186011433,0.009017229917558822,0.3568926100957694,0.005555551599308148
