,train_rmse_mean,train_rmse_std,train_mae_mean,train_mae_std,test_rmse_mean,test_rmse_std,test_mae_mean,test_mae_std
0.1,0.29994258,0.002955817,0.25779468,0.002850825,0.3004433,0.00799178,0.25902593,0.007617144
0.2,0.29803333,0.0011839885,0.25595683,0.0011600332,0.2990491,0.004564842,0.25769717,0.005079361
0.3,0.2949255,0.0013683531,0.2530406,0.0014437292,0.2946189,0.0042101494,0.25323588,0.0041624955
0.4,0.2975673,0.0018434565,0.25742942,0.0017964776,0.2974048,0.0073417793,0.25651747,0.008872875
0.5,0.30014038,0.000720521,0.25925425,0.0007004277,0.29968202,0.0026639476,0.25906494,0.0027047568
0.6,0.29703242,0.00056376605,0.25479826,0.00078102807,0.2972491,0.0027542952,0.25595394,0.0036009473
0.7,0.30060577,0.0016378544,0.25858313,0.0014351384,0.3012718,0.0029567063,0.25906897,0.002803349
0.8,0.29728755,0.0015981772,0.2555448,0.001197523,0.2974038,0.0018201525,0.2560573,0.0026141836
0.9,0.3026883,0.0012910401,0.25867966,0.001084979,0.3021198,0.0038813779,0.25896272,0.003915543
