,train_rmse_mean,train_rmse_std,train_mae_mean,train_mae_std,test_rmse_mean,test_rmse_std,test_mae_mean,test_mae_std
0.1,0.09122648,0.001490388,0.063991465,0.0008544986,0.09066514,0.0035246764,0.063070066,0.0019698704
0.2,0.09420463,0.001332548,0.06559492,0.0013999967,0.09428799,0.0019566917,0.06561162,0.0010299949
0.3,0.09385108,0.0015156653,0.06532953,0.0010541435,0.093921885,0.0024754405,0.06544135,0.00127143
0.4,0.09806438,0.0011411585,0.06852944,0.0015444913,0.09731809,0.002549178,0.0682684,0.0024090263
0.5,0.09982996,0.00061972067,0.07172088,0.00080456934,0.09945355,0.0026764828,0.07140551,0.0018180785
0.6,0.10104183,0.0013253996,0.0716026,0.0015821648,0.10087544,0.0014356786,0.07149701,0.0012843014
0.7,0.102571264,0.0011944065,0.07293065,0.00095468084,0.102240965,0.0025793642,0.0726976,0.0016798325
0.8,0.11258049,0.002481943,0.0821736,0.0026873837,0.11223142,0.0020275014,0.081841335,0.0025363797
0.9,0.8564531,0.50379133,0.5825114,0.4153049,0.85794944,0.5133729,0.581216,0.41834915
