,train_ML_rmse_mean,train_ML_rmse_std,test_ML_rmse_mean,test_ML_rmse_std
0.1,0.7443102377585479,0.008272064471978128,0.7473067946107486,0.01048590452632858
0.2,0.7569141285515683,0.004465637845792789,0.7581500242072586,0.009429746907604205
0.3,0.7858689515934978,0.015055537750732104,0.7886715496853469,0.008941868786384564
0.4,0.8090042777046118,0.018835607260665094,0.811618098924954,0.019854639481965055
0.5,0.8027983508665578,0.007061481771603286,0.8016020894016288,0.011614289621800286
0.6,0.8193639412746888,0.006655768687299724,0.8208167780887108,0.009638145200881063
0.7,0.8524736524431351,0.005236767067103917,0.8514887279588793,0.013820576203962274
0.8,0.8665878194914594,0.005364543121943598,0.8656420091205483,0.014250491015665638
0.9,0.8855570158934345,0.0024787462233094144,0.8838134923397025,0.01531827669978576
