,train_ML_rmse_mean,train_ML_rmse_std,test_ML_rmse_mean,test_ML_rmse_std
0.1,0.7820728250105169,0.014661604075202428,0.7792694988396441,0.009408231862728095
0.2,0.7906869142171612,0.003396277597187349,0.7889360918044531,0.01579993328596775
0.3,0.8104682381302275,0.010091256458388098,0.8085471085807816,0.01255160682145219
0.4,0.8234474650916722,0.01466061482081848,0.8205732377713627,0.02330738510530434
0.5,0.8248185268929052,0.008261345430500491,0.8218717145691047,0.014045309223115355
0.6,0.8278884626191981,0.004443463423616473,0.826457841187197,0.015120166849793884
0.7,0.8546580417644118,0.003998763272171169,0.8512618914579171,0.017577616812869557
0.8,0.8716354385056722,0.005559502994960712,0.8678018359833173,0.013211230053445426
0.9,0.8831573576522075,0.0033388446467070548,0.8829804214574191,0.013819190605458519
