,RD,ZR,Mean,KNN,MF,Mice,MisF,XGB,OT,HI,GAIN,Mi,NMi,CSDI
Cali,1.1484061028702175,0.9679010636249554,1.9034492063478274,0.895881944907605,1.552329182536105,1.1938878710734246,1.2915995956110196,1.9845379008749338,1.625481045743729,1.177695750180209,2.1971367204230683,2.3511350095753345,2.3088820442801294,1.1868795801402494
Concre,13.854890334444837,11.726619811849492,15.533987211000966,15.019481331574573,15.659839654058766,14.945383812238521,15.466350731489285,14.72592602228396,15.287553257088899,15.378122764084392,15.844848467390893,16.645879031674728,16.347353959136335,17.063741783671652
Red,0.6868068134520641,0.6622008810929679,0.7156152829244523,0.703998136106377,0.6922226320910894,0.7170566719718594,0.716336849122006,0.7211791625783376,0.6898649876224393,0.7109118811911544,0.7096380605584021,0.7187856679299326,0.7319497638730136,0.8187156695565643
White,0.7452039566987642,0.721330949554297,0.7413556124700648,0.7471940510998513,0.7440085615652132,0.7243746651469498,0.7388533717978667,0.7309064077571286,0.7304177768665554,0.7435961133784255,0.7654790786962502,0.9390051426049395,0.9101287527482818,0.9059288941828519
Yacht,14.127801823944884,11.999353568780478,16.512426787185795,16.61730457756469,16.356338652895523,16.65347030598449,16.400683763187278,16.54728262745572,16.743340344311235,16.498349045952864,16.647821456650565,16.662856906584665,16.65088479507104,17.255487396212015
