,train_ML_f1_mean,train_ML_f1_std,test_ML_f1_mean,test_ML_f1_std
0.1,0.653870673206373,0.033314357927561246,0.5856689977108358,0.07376583399020979
0.2,0.54863399145725,0.039470551210635356,0.5162208262384645,0.04791772795158865
0.3,0.5171564265939275,0.02818709672740712,0.5452570531694283,0.06242538652271823
0.4,0.49527170758981603,0.015056965870197163,0.4776858435681965,0.006069967429577366
0.5,0.4773655293779311,0.001642527687711916,0.4776858435681965,0.006069967429577366
0.6,0.4773655293779311,0.001642527687711916,0.4776858435681965,0.006069967429577366
0.7,0.4773655293779311,0.001642527687711916,0.4776858435681965,0.006069967429577366
0.8,0.4773655293779311,0.001642527687711916,0.4776858435681965,0.006069967429577366
0.9,0.4773655293779311,0.001642527687711916,0.4776858435681965,0.006069967429577366
