,train_ML_f1_mean,train_ML_f1_std,test_ML_f1_mean,test_ML_f1_std
0.1,0.8285862888785063,0.027712402820977283,0.7369042939171025,0.09417112600993348
0.2,0.7446495716756215,0.04322650145930701,0.5707255421169759,0.08000631795510527
0.3,0.7237845948713848,0.03886410037795608,0.600040689413309,0.07140880349254246
0.4,0.5630772220550118,0.03459869797972906,0.4776858435681965,0.006069967429577366
0.5,0.6086930484457476,0.0863708628517023,0.5405876890755403,0.058023556935373095
0.6,0.4827574043920448,0.009649511672404751,0.49191331673568134,0.025388312527156676
0.7,0.5585046339587956,0.021393006699816534,0.5333953182040376,0.07788224663227321
0.8,0.4773655293779311,0.001642527687711916,0.4776858435681965,0.006069967429577366
0.9,0.4773655293779311,0.001642527687711916,0.4776858435681965,0.006069967429577366
