,train_rmse_mean,train_rmse_std,train_mae_mean,train_mae_std,test_rmse_mean,test_rmse_std,test_mae_mean,test_mae_std
0.3,0.39460394,0.002845103,0.32213482,0.0024263037,0.38291988,0.03200518,0.31250748,0.024926296
0.5,0.45039907,0.01386475,0.36892998,0.013161908,0.41503125,0.045341365,0.33889273,0.037917323
0.7,0.4112428,0.004297863,0.33533025,0.0031621861,0.38853264,0.03275199,0.31655675,0.025318973
