,train_rmse_mean,train_rmse_std,train_mae_mean,train_mae_std,test_rmse_mean,test_rmse_std,test_mae_mean,test_mae_std
0.3,0.29687133,0.0005780224,0.25341502,0.000643179,0.30145645,0.0038177574,0.25656715,0.0055023576
0.5,0.31242627,0.0013250485,0.2653685,0.0008869031,0.32071763,0.0067725,0.26988694,0.006766571
0.7,0.34837055,0.012709343,0.28846923,0.008522217,0.35728174,0.011012752,0.29628947,0.008744901
