,train_ML_f1_mean,train_ML_f1_std,test_ML_f1_mean,test_ML_f1_std
0.1,0.9646219426625127,0.01030332984165599,0.923729923432342,0.012350773284511344
0.2,0.9624166955790308,0.01386098102620295,0.8729102708568414,0.01794979278602374
0.3,0.9705535590417302,0.00804635448985223,0.7865636417742246,0.017098323414520385
0.4,0.9518268516722836,0.010117713392238646,0.770797686466218,0.014364063828649284
0.5,0.9455088341876385,0.02621339398080117,0.7292088784590927,0.023358377445029225
0.6,0.9174798209750465,0.020381390545145463,0.6561999170711977,0.030415202156056705
0.7,0.8505615789918209,0.022788615775614533,0.6670300015413323,0.03544822985744544
0.8,0.7619228976274097,0.03253889682841979,0.5000206485811796,0.026363704988400627
0.9,0.6122034906569703,0.03597838185693697,0.5112641190009263,0.07148703455088279
