,train_ML_f1_mean,train_ML_f1_std,test_ML_f1_mean,test_ML_f1_std
0.1,0.9793965068558504,0.007547476021335359,0.9430154665558174,0.010549833546625283
0.2,0.9801367822975328,0.006375585095640442,0.8872727734018898,0.013788615506438683
0.3,0.9584590019620325,0.00867181307076804,0.8005910091094652,0.019134211686265414
0.4,0.9659993755312275,0.008102582466765642,0.7757202116838362,0.01926541678828261
0.5,0.9654785996749137,0.01853805109838205,0.7295956211774195,0.01932490731976823
0.6,0.939567288997849,0.02111193929105692,0.6502406070828274,0.028036418763059665
0.7,0.8309288900748824,0.027109261449260055,0.6666247043309157,0.028297728238120334
0.8,0.7311475794594748,0.02649223403601392,0.5000020307265884,0.023021406085227996
0.9,0.5893830826750296,0.032317394832579636,0.4944816505725315,0.06022080496259834
