,train_ML_f1_mean,train_ML_f1_std,test_ML_f1_mean,test_ML_f1_std
0.1,0.45276986670017294,0.05733305020688184,0.3475367919686216,0.04612414336015664
0.2,0.30729155971240635,0.06639950991377408,0.19845124471182252,0.007750199179484868
0.3,0.22359736082787385,0.014828114482052152,0.17139576576799292,0.015319495213286289
0.4,0.20975465770072627,0.021212305523323306,0.12761372712358135,0.013442174933766388
0.5,0.13637922198026634,0.006998389551610327,0.09830506877254523,0.010721746828961726
0.6,0.12707489621384738,0.013653688173217049,0.0920270249322371,0.015639071381742444
0.7,0.11652499236253329,0.0037419386146745367,0.08743320859906578,0.007973397640375636
0.8,0.11020215857128979,0.006965802738505554,0.07814217867266902,0.007757924581077835
0.9,0.11554121871585965,0.007055867609720275,0.07989258552530204,0.009023961496332465
