,train_ML_f1_mean,train_ML_f1_std,test_ML_f1_mean,test_ML_f1_std
0.1,0.43698379083421157,0.057782628082012955,0.3868219007414603,0.047394266983393454
0.2,0.2922753261125643,0.038969443043647155,0.23156584446395537,0.014719052285879199
0.3,0.2400892363090486,0.027543161460862164,0.1986327343094296,0.034794057703756646
0.4,0.20296038029374858,0.002255657259346778,0.15473805920297062,0.00857339251984168
0.5,0.15277731989730775,0.008742046860090292,0.10516724782117341,0.013787606409217472
0.6,0.13170520418305412,0.017044515819863663,0.09506745870262605,0.018448907225052574
0.7,0.1095826429393355,0.003566017711662197,0.09192023276845313,0.011355091800123345
0.8,0.11003167253800779,0.00810620615751739,0.08732614758727322,0.010908419854470391
0.9,0.11159399357465108,0.007618052814054936,0.08576052409658581,0.012470375003613787
