,train_ML_rmse_mean,train_ML_rmse_std,test_ML_rmse_mean,test_ML_rmse_std
0.1,0.7417614758674185,0.0046710287862747855,0.7451264644892264,0.011320252914798275
0.2,0.7354796594195583,0.003827977842001042,0.7398200171777523,0.008447980351064052
0.3,0.7489722682628877,0.004271033643385316,0.7537835460698106,0.01143819380460537
0.4,0.7509685579483133,0.003932864027488479,0.7534360407048852,0.012869887620101848
0.5,0.7458882528589157,0.002882681840587494,0.7502542109733529,0.011441668904440745
0.6,0.7681699580995608,0.005475412211779908,0.7702361034388897,0.008949515139231343
0.7,0.7378367753080761,0.0046514815011627145,0.7398925583482435,0.011825657281261994
0.8,0.8094490850591726,0.0066865007464114055,0.8115306859154021,0.013996174205588404
