,train_ML_rmse_mean,train_ML_rmse_std,test_ML_rmse_mean,test_ML_rmse_std
0.1,0.7622769821312856,0.003173100791391108,0.7612544969314929,0.01075029000649852
0.2,0.766456177156791,0.003038678814213753,0.7648201120687729,0.009611710433596894
0.3,0.7657500990033931,0.0031836697568139445,0.7651670490242417,0.008988116871926239
0.4,0.7650917660579782,0.003186442404356441,0.7635408013415668,0.00964747017714325
0.5,0.7781467835039847,0.003206675761404414,0.7770129188010084,0.013707487051104139
0.6,0.7877152269068886,0.004240775449076084,0.7856387578956034,0.009421973391746732
0.7,0.75575959184742,0.003810358925796319,0.7551319106333353,0.01219380546901605
0.8,0.8274675753707286,0.004205449707558009,0.8257760500880107,0.011016210266762203
