,train_ML_rmse_mean,train_ML_rmse_std,test_ML_rmse_mean,test_ML_rmse_std
0.1,0.6930278996985487,0.004292329419736278,0.7191839223456142,0.012820771002756765
0.2,0.6927213494593871,0.0030042160579842295,0.7191506845256865,0.010381417096022395
0.3,0.7074851586379053,0.005188380590736639,0.7338914947666996,0.014462967082324498
0.4,0.7114721936803423,0.005574103609194392,0.735049347087098,0.012622420570858536
0.5,0.708335788522523,0.003416427015181465,0.7341144169046743,0.011590473718997914
0.6,0.7239364154515066,0.0033104341658379446,0.7475876998125237,0.010330328384698556
0.7,0.6981171874246759,0.0038762591703477883,0.7177200986083807,0.012481920031535797
0.8,0.7605142566866601,0.005786827732173709,0.785069996902259,0.012510379037739912
