,train_rmse_mean,train_rmse_std,train_mae_mean,train_mae_std,test_rmse_mean,test_rmse_std,test_mae_mean,test_mae_std
0.1,0.32852858,0.0013214413,0.21112402,0.0009074206,0.3291774,0.0049678087,0.2119443,0.00384498
0.2,0.32381916,0.0007767672,0.20584798,0.000516129,0.32404202,0.0030524533,0.20603864,0.0021847435
0.3,0.3301406,0.00047681615,0.21182546,0.0005012669,0.3304591,0.0022615632,0.2119166,0.0020197474
0.4,0.30960447,0.00076530664,0.19461076,0.0005600126,0.30970275,0.002681153,0.19472,0.0021322712
0.5,0.3133636,0.00058504485,0.19807985,0.00034719298,0.31332827,0.0018759783,0.19810574,0.0010409182
0.6,0.32469285,0.00048801556,0.20792127,0.00027947457,0.32462668,0.001460411,0.20779768,0.0009106697
0.7,0.32051736,0.00045573743,0.20372629,0.0002251272,0.32032368,0.0016557943,0.20364037,0.0008234635
0.8,0.32953885,0.00020068049,0.21119265,0.000120053825,0.32942262,0.00069992687,0.2110866,0.0004636577
0.9,0.32723686,0.00023905079,0.2094527,9.750425e-05,0.3272821,0.00080673327,0.20956822,0.00041462758
