,train_ML_rmse_mean,train_ML_rmse_std,test_ML_rmse_mean,test_ML_rmse_std
0.1,0.771095307475865,0.002221158697307129,0.7739561385688901,0.008682892247101354
0.2,0.8107080202616835,0.0031809400114412613,0.8133933967787111,0.011457406938976539
0.3,0.8321899376875923,0.003937376711213397,0.8366662365794839,0.01269186890795618
0.4,0.9199352459219403,0.004055600557260627,0.9246892132923972,0.012715522717022365
0.5,0.9546987713125186,0.00253528576529636,0.9605160057401788,0.008655372883487071
0.6,1.0362045048479847,0.002250008976722679,1.0395651947893276,0.008799258864801207
0.7,1.052973714129612,0.0025370046339741746,1.0594137666946426,0.010076933096987411
0.8,0.9988004642127135,0.0019145346956995846,1.005845497243306,0.006413410424364563
0.9,1.134420947958825,0.0021548979658304514,1.1405991133971218,0.00846858587947815
