,train_ML_rmse_mean,train_ML_rmse_std,test_ML_rmse_mean,test_ML_rmse_std
0.1,0.9078555294589806,0.002499297975378603,0.9095855899559598,0.011493053142230295
0.2,0.9661539594652598,0.0034988269165914937,0.9645406424111233,0.012762608782485354
0.3,0.9590805595304422,0.0031823086575741544,0.9617995634477117,0.011296181617042633
0.4,1.0501542674903175,0.0025231839792183757,1.0513068120712261,0.006777343701714585
0.5,1.090230016172758,0.0032207337514848513,1.0924969744942916,0.010508801963687324
0.6,1.116301911934036,0.0019779997164109447,1.117084778818574,0.007640156101006886
0.7,1.1266248809028894,0.002167412867083489,1.1285907528518087,0.00774867971463793
0.8,1.063897436799475,0.003020363946855532,1.0655416063617955,0.00951558303005421
0.9,1.1419840771239895,0.0018498873858256027,1.1443182876846496,0.005417640412877435
