,train_ML_rmse_mean,train_ML_rmse_std,test_ML_rmse_mean,test_ML_rmse_std
0.1,3.3812812684942193,0.6382887702819282,1.2048690178700974,0.13465484436586922
0.2,2.785550622679568,0.6753491597099941,1.3630786029767743,0.3085176422950576
0.3,3.061843621809138,0.8087136851436563,2.0542888708113383,0.8575615065933591
0.4,2.663305119558541,0.4290462960236838,1.587304696958374,0.2938083058425713
0.5,2.6840206099284067,0.9577397986483471,1.9232591927795213,0.23505768496973267
0.6,2.093960409605555,0.16866590808550894,1.7228800727974942,0.22747295840855228
0.7,1.9248697977733351,0.559418339671225,1.7026139667557,0.23791987405521908
0.8,1.9135206285623885,0.3616485031183349,1.6690543800087227,0.3759511809319694
0.9,1.8361709951811231,0.4379594581176966,29.418781018748906,16.774621949834774
