,train_ML_rmse_mean,train_ML_rmse_std,test_ML_rmse_mean,test_ML_rmse_std
0.1,2.428460519570548,0.3554208456100465,1.1017065201529737,0.044605469673804056
0.2,2.5574380501311986,0.7056494404302245,1.0770816607389162,0.06110359317944695
0.3,2.6334731944828373,0.768277068303052,1.1873958630844517,0.033547941909139796
0.4,1.9702237005198995,0.17051855135997998,1.240733018836363,0.08311558724979314
0.5,2.309182873380075,0.6897669293128694,1.4630945629844958,0.14156629917117947
0.6,1.6605353543087749,0.3393659199166536,1.3232804991071982,0.05226879029097331
0.7,1.8796261784919772,0.5015322244430955,1.6687874664898434,0.14356554746671052
0.8,1.9211648959074676,0.7677819932126169,1.4065751814906484,0.1564379191263165
0.9,1.3756330567696877,0.2816602242202856,1.4249311961015443,0.11155055378905232
