,train_ML_rmse_mean,train_ML_rmse_std,test_ML_rmse_mean,test_ML_rmse_std
0.1,0.6470881062310724,0.004526348659050821,0.6507921855436172,0.017266806674820202
0.2,0.6494289960157997,0.004385528321333143,0.6535407968822322,0.01704417986842542
0.3,0.6499349601623328,0.004671208497901157,0.6532223902579553,0.016975717137089452
0.4,0.6454555573986411,0.0042310001480181485,0.6494764266812035,0.015943551726334132
0.5,0.6480844363013538,0.005251774820175361,0.6522666389686458,0.020253225273084853
0.6,0.6452631783213473,0.00533989676071326,0.6500058629870182,0.019367565152284827
0.7,0.6506011506156759,0.0050494227339646525,0.6548660707100199,0.01887562283196283
0.8,0.6553642682364977,0.005402053209854587,0.6600301235498011,0.02011727859888689
