,train_ML_rmse_mean,train_ML_rmse_std,test_ML_rmse_mean,test_ML_rmse_std
0.1,0.5796028539051445,0.004609348967724312,0.6316936677979978,0.015452004755147018
0.2,0.5782973620252629,0.0034114530926237984,0.6323702739022317,0.017324878021339134
0.3,0.5811707744813438,0.004420662754698625,0.6341269444826996,0.018355978099866176
0.4,0.5821333721364621,0.0037830954836020384,0.6358624410475723,0.016024876207387226
0.5,0.5787168900961553,0.0032379433517254973,0.6351055410757891,0.014428797010017851
0.6,0.5922785962353663,0.006514828419477835,0.6440957151176021,0.019232860842401958
0.7,0.5889183659090114,0.00514199857481976,0.641213994556197,0.017961521499232743
0.8,0.6117591245042571,0.005872618132387787,0.6649318648802487,0.020292038937623026
