,train_ML_rmse_mean,train_ML_rmse_std,test_ML_rmse_mean,test_ML_rmse_std
0.1,9.00627960859015,0.703032179321541,8.970128426308056,0.813578789398889
0.2,11.16330551152198,0.8374427411297519,10.75604238860184,0.8632687459933537
0.3,8.994166108030818,0.7579406080909348,8.985048613838988,0.7820697297307474
0.4,19.554026561114778,1.1510705503819607,15.103354352042839,1.255348184572727
0.5,9.016893920957324,0.6818155355166409,8.957701693796126,0.7959479429159636
0.6,9.057987667801104,0.6159244957699069,9.006480575978246,0.8506096201526692
0.7,25.56017722617435,2.8106914039054787,17.583127989859424,1.2307860561757433
0.8,8.992202653125378,0.7965968117471397,8.999024581235673,0.8197162833012722
