,train_rmse_mean,train_rmse_std,train_mae_mean,train_mae_std,test_rmse_mean,test_rmse_std,test_mae_mean,test_mae_std
0.1,0.4588336,0.14934333,0.425124,0.14625971,0.4559907,0.1509117,0.4225019,0.14537601
0.2,0.338633,0.079181165,0.32900158,0.07531523,0.33619624,0.08308022,0.3249582,0.076780595
0.3,0.35979134,0.020496888,0.2879821,0.010683101,0.35990742,0.023420982,0.28926164,0.020567594
0.4,0.2978198,0.026828779,0.23126324,0.016201258,0.29704735,0.021141555,0.23035589,0.013461018
0.5,0.3100083,0.06600197,0.28629127,0.06560736,0.313723,0.067642175,0.28755587,0.06704652
0.6,0.4210724,0.023933142,0.37772322,0.027454298,0.4261219,0.024691515,0.38056803,0.027902527
0.7,0.42930093,0.013158411,0.38932192,0.012646362,0.43038017,0.014168653,0.38937005,0.015780522
0.8,0.42438373,0.018676834,0.37835875,0.018120732,0.4238507,0.012206708,0.37736067,0.010101376
