,train_ML_f1_mean,train_ML_f1_std,test_ML_f1_mean,test_ML_f1_std
0.1,0.8103377716126348,0.03726078454893777,0.8095849644230487,0.0407340912132557
0.2,0.803579027006182,0.03968488886619664,0.8088643898430252,0.03679275768701887
0.3,0.8048823728199102,0.04664752159325371,0.7839895218292966,0.02629285146846466
0.4,0.8052982517693424,0.02942749996132124,0.7735985963400063,0.03166632739159125
0.5,0.785094087416772,0.049016942843305586,0.7494311501837931,0.03722387066413582
0.6,0.7549326684264821,0.04757875560700595,0.7031183300400372,0.033559883122302965
0.7,0.7563064901117018,0.037239667742639995,0.5966474880583811,0.03779628363424328
0.8,0.740274669370019,0.05761624081801849,0.5200080921392877,0.027782292837583756
0.9,0.7005183522828624,0.038346559382597255,0.5331004624956555,0.06251303733848587
