,train_rmse_mean,train_rmse_std,train_mae_mean,train_mae_std,test_rmse_mean,test_rmse_std,test_mae_mean,test_mae_std
0.3,0.25199777,0.010706296,0.17981973,0.0091643045,0.25477493,0.025122134,0.18515182,0.020032551
0.5,0.2915824,0.0153588,0.2204583,0.015071905,0.31726187,0.045813445,0.23720205,0.039427243
0.7,0.3332848,0.014857103,0.2537376,0.014389637,0.36894152,0.039271783,0.28600362,0.03803827
