,train_ML_f1_mean,train_ML_f1_std,test_ML_f1_mean,test_ML_f1_std
0.1,0.5454530172312535,0.06006672632067437,0.39842406976903394,0.007541615391697323
0.2,0.5779422779836032,0.042264216406548004,0.7237367566513224,0.08396410845369053
0.3,0.777055405988168,0.05436926674610121,0.42815773270150076,0.02970305174637482
0.4,0.5916248282898161,0.07246853363923612,0.43605959204377215,0.05477470299116781
0.5,0.4043636635106525,0.009666559391619945,0.39842406976903394,0.007541615391697323
0.6,0.6913003628176403,0.0631712688755517,0.39842406976903394,0.007541615391697323
0.7,0.39842406976903394,0.007541615391697323,0.39842406976903394,0.007541615391697323
0.8,0.4406701697502003,0.03609946672565749,0.39842406976903394,0.007541615391697323
