,train_ML_f1_mean,train_ML_f1_std,test_ML_f1_mean,test_ML_f1_std
0.1,0.32500296872938383,0.07821123754430018,0.522074158223381,0.019043565883567194
0.2,0.36889328782639336,0.013400553605064819,0.5225293734002212,0.013079582162420313
0.3,0.37936047369984494,0.0202528075446389,0.5380431988361457,0.018984995174302875
0.4,0.3757501245205231,0.0237243601173771,0.5338043216332522,0.03433277712077422
0.5,0.4506586418696889,0.08460032339087004,0.5005471782068268,0.010754004613029921
0.6,0.40845749429772926,0.09854051417622663,0.5003957460273459,0.01181963417492824
0.7,0.41273273739315136,0.08543029892663107,0.5202249177683445,0.034527808012740135
0.8,0.4792957529405683,0.12028700727143203,0.5089064059595685,0.03521372146618735
0.9,0.5961302770703032,0.03949853882525568,0.5035682728721375,0.010790775808943963
