,train_ML_rmse_mean,train_ML_rmse_std,test_ML_rmse_mean,test_ML_rmse_std
0.1,13.059662866761965,0.3555059273918763,12.755902983658645,1.2706900569602477
0.2,13.376922281356835,0.42755196153229647,13.004309362027536,1.6921100956706896
0.3,13.569408066705298,0.29605854741988247,13.405606498975482,1.479545956208979
0.4,14.3566311651331,0.24458575919162162,13.991961454021004,1.3379036301310983
0.5,14.71711547026211,0.35621936571807494,14.32826431140082,1.665669619023009
0.6,14.91477057521466,0.24441658729281926,14.5868779687715,1.4202006162848584
0.7,15.308270007218209,0.2982693974307507,14.990312344231622,1.4628997484505772
0.8,15.248965084502359,0.34861068348761504,14.848784103829008,1.5926566099450696
0.9,15.327472731584319,0.274554435124057,15.02689202552827,1.534378976946198
