,train_ML_rmse_mean,train_ML_rmse_std,test_ML_rmse_mean,test_ML_rmse_std
0.1,10.705926990190893,0.3992512910240032,10.69647526425823,0.9383119179535807
0.2,11.252966426415838,0.44952990682264116,11.019625701942825,1.8085877083897999
0.3,11.254506034121937,0.3492213673538572,11.540191627766639,1.5238653247244731
0.4,12.748913272510583,0.07571191524991142,12.376573047322472,0.7930690399244228
0.5,13.617926835165605,0.38791780227900674,13.413685163729088,2.0771411683045087
0.6,14.04169276382008,0.25098523199303635,13.914925181566108,1.191445367799227
0.7,14.779692498739132,0.4104956736570897,14.988710586286038,1.3110384747658603
0.8,14.84690270415615,0.32377191101926295,14.65250795328384,1.3850630612355237
0.9,14.92411600075834,0.25006000468086825,14.900643312128144,1.5495513335071602
