,train_ML_rmse_mean,train_ML_rmse_std,test_ML_rmse_mean,test_ML_rmse_std
0.1,11.939716540503065,1.3064498627574586,15.11887756793126,1.4400215115225568
0.2,12.051816749130406,1.619606659690427,15.1504185571231,1.2686825942242541
0.3,12.275185076576108,2.4325189436502166,15.20011647086967,1.3302506893637642
0.4,11.974728498969128,2.1191987649860193,14.967797356045423,1.389586016934771
0.5,11.578837969410774,0.5795826894254492,15.021591678656955,1.3438154470849955
0.6,11.913569816085007,1.9490832792996724,14.861995329104236,1.2538777557189844
0.7,12.584586712384294,1.00256553516719,15.603745324399963,0.9728906648668507
0.8,12.751421451667026,1.6931187912400778,15.068073634541838,1.5708616130769522
0.9,16.428348429932367,3.4860529564961165,53.73584864249373,39.7697816577834
