,train_ML_rmse_mean,train_ML_rmse_std,test_ML_rmse_mean,test_ML_rmse_std
0.1,16.61658046828718,1.813685449050102,16.003070246070163,1.6860775389493479
0.2,16.679513530239,1.8386187360755515,16.013360640434865,1.6958328943068959
0.3,15.87212571458106,1.9626636900352445,15.77695465587907,1.7487325262438138
0.4,16.469112051200348,1.8431289443789132,15.643083261306895,1.6216764229331164
0.5,16.369548578538822,1.6899515040700381,15.824442566718204,1.7468161504267234
0.6,16.596254393934423,1.7727890512977356,15.898092192409838,1.8536521409315234
0.7,16.893281090794108,1.6554360019896217,15.327509119693696,1.6397281396487964
0.8,17.09235228340403,1.8500092064218372,15.59471251490344,1.8979892311326483
0.9,16.524218333837222,1.6250384964721698,15.545937881029612,1.724566755744421
