,train_ML_rmse_mean,train_ML_rmse_std,test_ML_rmse_mean,test_ML_rmse_std
0.1,0.6456503865017624,0.014676396121570803,0.8398162282775468,0.18517362457770445
0.2,0.7186192111410316,0.11500641632055873,0.8121497768334137,0.11302455065277102
0.3,0.6891199613415624,0.013118430579681959,0.9314239315509832,0.026143211281617527
0.4,0.7114502096245987,0.05643885344701878,1.047233768989488,0.0970310098188155
0.5,0.8438851573969066,0.2536640540844142,1.1839241180128286,0.14839662106584095
0.6,0.727573478016218,0.015941230992318648,1.1293780732120458,0.016252576536022623
0.7,0.8356119489924032,0.08361402648980173,1.3946365281374424,0.012882723591065575
0.8,0.9718198303027261,0.04902237191689173,1.5788577407878233,0.253428612944541
0.9,0.8775113025558253,0.0442327937706672,1.8247614226031945,0.3776443544220362
