,train_ML_rmse_mean,train_ML_rmse_std,test_ML_rmse_mean,test_ML_rmse_std
0.1,0.6782393484970628,0.007792524151273147,0.7287157610133065,0.007056718687973865
0.2,0.6868802842914798,0.007063353008438231,0.7690337732923965,0.008676564898713643
0.3,0.6990644743884965,0.007850055922770872,0.8885251622841961,0.003909664386864006
0.4,0.6995313908603396,0.00913330732517671,0.9051827308532477,0.01370821146513238
0.5,0.7030530164054,0.009893973264426276,1.0251565129835423,0.011204102445695734
0.6,0.7087259663765846,0.011431917189355963,1.0561020921777895,0.007407706542855036
0.7,0.7517496313698878,0.01954349733824498,1.3367878808359828,0.024807634620766822
0.8,0.8865012344868732,0.04432081687188983,1.232065694234888,0.07703556830338358
0.9,0.8818923817323225,0.0506531562057097,1.2767792715814938,0.0606033309353839
