,train_ML_rmse_mean,train_ML_rmse_std,test_ML_rmse_mean,test_ML_rmse_std
0.1,0.7326048897847237,0.009507395954344265,0.781623647226043,0.023536210729377654
0.2,0.742535183908162,0.010757605822440197,0.8698466492705272,0.11669064137694674
0.3,0.7548890139193831,0.0069049827737234695,0.890042880882611,0.012532264744895126
0.4,0.7520028025163044,0.014524295105348714,0.968288781773279,0.06705976567290697
0.5,0.7989763120649853,0.041098565288622546,1.1962211308875348,0.3130599385776827
0.6,0.745681433555457,0.008604811690250841,1.0248362691063704,0.0059517812868911625
0.7,0.8205792762703144,0.030380926503419562,1.159902179111463,0.009260519908869214
0.8,0.9207827015091627,0.12069364786167845,1.3035005781019324,0.09871062301067353
0.9,0.8558834858562225,0.07177016211280109,1.5817204026933864,0.6009859836004918
