,random,zero,mean,knn,mice,XGB,missforest,mf,hyper,gain,notmiwae,miwae,tabcsdi,ot
0.1,11.10574,10.59739,10.33572,10.63067,10.65914,10.50704,10.46863,10.39434,10.47295,12.45499,11.82620,11.97935,16.68009,10.48441
0.2,10.97121,10.59739,10.76476,10.87167,10.83582,10.82492,10.76023,10.75363,10.87201,12.73448,12.36853,12.06654,16.79243,10.84858
0.3,12.74073,10.51979,12.55847,12.77869,12.47602,12.43490,12.55597,12.64195,12.68361,12.67104,12.70118,12.73905,16.57395,12.72850
0.4,13.38714,10.96515,12.35377,13.25043,12.79646,12.67180,12.80797,12.40124,12.90993,12.94390,13.07565,13.09644,16.41097,12.85275
0.5,12.37580,10.96078,11.61784,11.80026,11.17852,11.48196,11.71335,11.72510,11.72352,13.17842,13.20154,13.09574,16.73046,11.81761
0.6,13.20318,11.31911,12.15598,12.62357,12.25255,12.20917,12.61540,12.25451,12.45982,13.90136,14.25381,14.47369,16.49674,12.56355
0.7,13.31146,11.95402,11.44600,11.77008,11.51769,11.65362,11.81788,11.52982,11.73794,13.97897,13.88702,14.24637,16.44186,11.78955
0.8,12.56213,11.94221,10.99759,11.11619,11.15255,11.15027,11.17754,11.09389,11.07952,13.28165,12.51422,12.36451,16.71177,11.26883
