,random,zero,mean,knn,mice,XGB,missforest,mf,hyper,gain,notmiwae,miwae,tabcsdi,ot
0.1,14.18017,12.62106,14.16819,14.33192,13.33156,13.96646,14.19558,14.16734,14.14272,14.78909,15.24050,14.84461,85368.49915,14.00186
0.2,14.19422,12.62106,13.85706,13.54709,13.38668,13.34506,13.57279,13.82641,13.60392,14.68502,14.48141,14.15733,82576.38160,13.83082
0.3,14.81944,12.59892,14.76312,15.13122,14.39307,14.83397,14.93131,14.94140,14.86034,14.81428,15.52242,15.43808,88891.32899,14.73802
0.4,16.34908,12.89103,16.13426,15.76588,15.36167,15.43533,16.05242,16.52322,16.01620,15.38805,15.67823,15.87504,84356.66024,16.02594
0.5,15.01314,12.52052,14.76074,14.45469,13.86901,14.10370,14.64602,14.84258,14.67904,15.09120,15.51512,15.48636,90387.26906,14.72772
0.6,16.08197,12.77732,16.03554,15.84210,15.15926,15.14961,15.95984,16.38463,15.86639,16.29375,15.99204,16.03360,89381.82042,16.07514
0.7,16.85615,13.81504,16.28575,15.57294,15.75101,15.75984,15.80926,16.87677,15.85417,16.62690,16.12972,16.20498,69810.06407,16.42737
0.8,15.52702,13.57295,14.90310,14.50433,14.41089,14.26092,14.63465,15.15201,14.75488,15.37945,15.70998,15.64054,71015.16601,14.72877
