,mean,knn,mice,XGB,missforest,mf,hyper,gain,notmiwae,miwae,tabcsdi,ot
0.1,10.33572 ± 0.442,10.63067 ± 0.447,10.65914 ± 0.460,10.50704 ± 0.452,10.46863 ± 0.482,10.39434 ± 0.456,10.47295 ± 0.496,12.45499 ± 0.538,11.82620 ± 0.917,11.97935 ± 0.605,16.68009 ± 0.590,10.48441 ± 0.469
0.2,10.76476 ± 0.502,10.87167 ± 0.538,10.83582 ± 0.517,10.82492 ± 0.530,10.76023 ± 0.510,10.75363 ± 0.503,10.87201 ± 0.485,12.73448 ± 0.511,12.36853 ± 0.402,12.06654 ± 0.676,16.79243 ± 0.596,10.84858 ± 0.501
0.3,12.55847 ± 0.461,12.77869 ± 0.434,12.47602 ± 0.442,12.43490 ± 0.477,12.55597 ± 0.492,12.64195 ± 0.507,12.68361 ± 0.555,12.67104 ± 0.509,12.70118 ± 0.446,12.73905 ± 0.501,16.57395 ± 0.550,12.72850 ± 0.525
0.4,12.35377 ± 0.352,13.25043 ± 0.502,12.79646 ± 0.444,12.67180 ± 0.451,12.80797 ± 0.491,12.40124 ± 0.362,12.90993 ± 0.519,12.94390 ± 0.451,13.07565 ± 0.570,13.09644 ± 0.507,16.41097 ± 0.615,12.85275 ± 0.423
0.5,11.61784 ± 0.526,11.80026 ± 0.596,11.17852 ± 0.542,11.48196 ± 0.565,11.71335 ± 0.568,11.72510 ± 0.573,11.72352 ± 0.623,13.17842 ± 0.427,13.20154 ± 0.317,13.09574 ± 0.696,16.73046 ± 0.597,11.81761 ± 0.543
0.6,12.15598 ± 0.463,12.62357 ± 0.416,12.25255 ± 0.505,12.20917 ± 0.551,12.61540 ± 0.527,12.25451 ± 0.467,12.45982 ± 0.477,13.90136 ± 0.347,14.25381 ± 1.013,14.47369 ± 0.719,16.49674 ± 0.613,12.56355 ± 0.452
0.7,11.44600 ± 0.467,11.77008 ± 0.496,11.51769 ± 0.544,11.65362 ± 0.546,11.81788 ± 0.472,11.52982 ± 0.422,11.73794 ± 0.527,13.97897 ± 0.470,13.88702 ± 0.598,14.24637 ± 0.712,16.44186 ± 0.545,11.78955 ± 0.454
0.8,10.99759 ± 0.502,11.11619 ± 0.511,11.15255 ± 0.539,11.15027 ± 0.556,11.17754 ± 0.533,11.09389 ± 0.517,11.07952 ± 0.546,13.28165 ± 0.619,12.51422 ± 0.606,12.36451 ± 0.799,16.71177 ± 0.577,11.26883 ± 0.534
