,random,zero,mean,knn,mice,XGB,missforest,mf,hyper,gain,notmiwae,miwae,tabcsdi,ot
0.1,10.94897,10.44579,10.69828,10.81378,10.73513,10.75550,10.75763,10.67108,10.79967,12.39854,11.16954,11.36150,16.74767,10.75542
0.2,10.31201,10.44579,10.22858,10.36863,10.38203,10.35567,10.33643,10.16927,10.31030,12.27782,10.97119,10.53013,16.79778,10.28594
0.3,12.74940,10.36178,12.45623,12.46069,12.48224,12.49827,12.38126,12.57457,12.48952,12.56331,12.53255,12.58391,16.77815,12.56010
0.4,12.64769,10.76793,12.67547,12.78390,12.62251,12.65883,12.67745,12.67942,12.89965,12.76309,13.05773,13.07902,16.79047,12.79730
0.5,12.08330,10.47255,11.80287,11.96354,10.96248,11.54181,11.86827,11.98855,11.85128,13.06309,12.84493,12.78503,16.81346,11.88053
0.6,12.74842,11.06663,12.47789,12.61514,12.33978,12.45531,12.90350,12.53576,12.62418,13.45064,13.48558,13.59149,16.82800,12.75291
0.7,11.85536,11.22479,11.74973,11.94898,11.82323,11.75677,11.89964,11.66752,11.96172,13.42609,13.13905,13.56900,16.84206,11.80581
0.8,11.79190,11.15964,11.68907,11.83380,11.85447,11.87773,11.69207,11.50275,11.74741,13.14224,11.87998,11.72914,16.83957,11.86534
