,mean,knn,mice,XGB,missforest,mf
0.1,7.42673 ± 0.623,7.61095 ± 0.711,7.38207 ± 0.548,7.45618 ± 0.611,7.53333 ± 0.645,7.64135 ± 0.693
0.2,7.18971 ± 0.519,7.28369 ± 0.626,7.32739 ± 0.616,7.26822 ± 0.558,7.19196 ± 0.573,7.20344 ± 0.482
0.3,9.24446 ± 0.590,10.40020 ± 0.491,9.95545 ± 0.346,9.80720 ± 0.524,9.36379 ± 0.573,10.19562 ± 0.513
0.4,10.52272 ± 0.384,11.67789 ± 0.433,10.85072 ± 0.450,11.00000 ± 0.373,10.96450 ± 0.311,10.94967 ± 0.306
0.5,7.93025 ± 0.467,8.37379 ± 0.570,7.45941 ± 0.629,7.78077 ± 0.615,7.99516 ± 0.510,8.11947 ± 0.509
0.6,8.07152 ± 0.312,9.47681 ± 0.684,8.94157 ± 0.652,8.88069 ± 0.676,8.96980 ± 0.549,8.34065 ± 0.348
0.7,8.10479 ± 0.325,8.79290 ± 0.480,8.45299 ± 0.444,8.54130 ± 0.499,8.52215 ± 0.415,8.45905 ± 0.377
0.8,7.75560 ± 0.484,8.20770 ± 0.522,7.98267 ± 0.458,8.01001 ± 0.527,7.92011 ± 0.538,7.91956 ± 0.444
