,mean,knn,mice,XGB,missforest,mf
0.1,0.51519 ± 0.007,0.49202 ± 0.009,0.18021 ± 0.011,0.31640 ± 0.015,0.48410 ± 0.006,0.54714 ± 0.013
0.2,0.32348 ± 0.006,0.23162 ± 0.014,0.18939 ± 0.008,0.18724 ± 0.007,0.25727 ± 0.009,0.33662 ± 0.027
0.3,0.45421 ± 0.007,0.43885 ± 0.007,0.21704 ± 0.022,0.34735 ± 0.052,0.42595 ± 0.010,0.48900 ± 0.010
0.4,0.40996 ± 0.003,0.38521 ± 0.005,0.24015 ± 0.019,0.34788 ± 0.022,0.39180 ± 0.015,0.46273 ± 0.013
0.5,0.37780 ± 0.003,0.37845 ± 0.006,0.17977 ± 0.022,0.27073 ± 0.006,0.34363 ± 0.011,0.41583 ± 0.010
0.6,0.45893 ± 0.003,0.45913 ± 0.011,0.42632 ± 0.017,0.42128 ± 0.014,0.45831 ± 0.011,0.49930 ± 0.010
0.7,0.47527 ± 0.003,0.46180 ± 0.008,0.46773 ± 0.017,0.43408 ± 0.011,0.53224 ± 0.018,0.51111 ± 0.009
0.8,0.47738 ± 0.005,0.45095 ± 0.005,0.43599 ± 0.007,0.42421 ± 0.011,0.48809 ± 0.018,0.52487 ± 0.014
