,RD,ZR,Mean,KNN,MF,Mice,MisF,XGB,OT,HI,GAIN,Mi,NMi,CSDI
0.1,0.57277,0.0,0.51519,0.49202,0.54984,0.18021,0.4841,0.32176,0.51537,0.4916,0.45599,0.4174,0.48093,0.18372
0.2,0.55986,0.0,0.32348,0.23162,0.33678,0.18939,0.25727,0.18761,0.32935,0.25653,0.3362,0.16649,0.21477,0.32385
0.3,0.56295,0.02523,0.45422,0.43885,0.4907,0.21704,0.42595,0.35043,0.46634,0.43418,0.35991,0.38052,0.41996,0.16319
0.4,0.55926,0.03562,0.40996,0.38521,0.46294,0.24015,0.3918,0.35384,0.42262,0.39556,0.29705,0.36079,0.37622,0.17331
0.5,0.55212,0.09803,0.3778,0.37845,0.41639,0.17977,0.34363,0.27223,0.39224,0.35589,0.31372,0.3325,0.34665,0.22823
0.6,0.50767,0.15642,0.45893,0.45913,0.49818,0.42632,0.45831,0.41977,0.47133,0.45643,0.42612,0.41393,0.44263,0.21333
0.7,0.49523,0.19995,0.47527,0.4618,0.51067,0.46773,0.53224,0.43409,0.48401,0.48578,0.43038,0.44163,0.46338,0.2084
0.8,0.48196,0.22867,0.47738,0.45095,0.52511,0.43599,0.48809,0.4194,0.48788,0.48558,0.42385,0.44832,0.46521,0.21003
