,mean,knn,mice,XGB,missforest,mf,gain,mcflow,notmiwae,miwae,tabcsdi
0.1,0.51577 ± 0.002,0.49325 ± 0.004,0.17857 ± 0.008,0.32014 ± 0.012,0.48444 ± 0.004,0.55492 ± 0.008,0.45883 ± 0.149,0 ± 0,0 ± 0,0 ± 0,0 ± 0
0.2,0.32400 ± 0.004,0.22974 ± 0.006,0.18998 ± 0.004,0.18897 ± 0.002,0.25948 ± 0.004,0.35015 ± 0.008,0.33863 ± 0.079,0 ± 0,0 ± 0,0 ± 0,0 ± 0
0.3,0.45454 ± 0.001,0.44132 ± 0.004,0.21323 ± 0.006,0.34781 ± 0.050,0.42723 ± 0.004,0.49257 ± 0.004,0.35979 ± 0.020,0 ± 0,0 ± 0,0 ± 0,0 ± 0
0.4,0.41061 ± 0.002,0.38602 ± 0.002,0.23836 ± 0.016,0.35551 ± 0.020,0.39248 ± 0.015,0.46387 ± 0.005,0.29782 ± 0.027,0 ± 0,0 ± 0,0 ± 0,0 ± 0
0.5,0.37813 ± 0.002,0.38245 ± 0.004,0.18050 ± 0.018,0.27202 ± 0.005,0.34479 ± 0.002,0.42071 ± 0.005,0.31001 ± 0.066,0 ± 0,0 ± 0,0 ± 0,0 ± 0
0.6,0.45955 ± 0.003,0.45845 ± 0.002,0.42739 ± 0.003,0.42170 ± 0.001,0.45360 ± 0.010,0.49736 ± 0.004,0.42107 ± 0.024,0 ± 0,0 ± 0,0 ± 0,0 ± 0
0.7,0.47695 ± 0.001,0.46329 ± 0.005,0.47106 ± 0.006,0.43744 ± 0.002,0.53443 ± 0.015,0.51173 ± 0.003,0.42930 ± 0.013,0 ± 0,0 ± 0,0 ± 0,0 ± 0
0.8,0.47811 ± 0.003,0.45140 ± 0.002,0.43824 ± 0.003,0.42153 ± 0.006,0.48873 ± 0.012,0.52529 ± 0.004,0.42438 ± 0.019,0 ± 0,0 ± 0,0 ± 0,0 ± 0
