,train_ML_rmse_mean,train_ML_rmse_std,test_ML_rmse_mean,test_ML_rmse_std
0.1,0.7216120845240411,0.0025914618054365263,0.7329225345299462,0.008752648563934465
0.2,0.7949380206116071,0.004463457357377739,0.8042546050843835,0.014270697663766208
0.3,0.8028621428839464,0.00591620016603655,0.8145817789049563,0.01315407014812238
0.4,0.9155336245298153,0.009327702282104824,0.9276385418478228,0.008403293920203744
0.5,0.9512917320179005,0.005575615568529508,0.96450591813061,0.01164584599155947
0.6,1.0412667939689875,0.004143690087077427,1.052589586928692,0.009931173358296234
0.7,1.0587249121943652,0.0081251703091735,1.06974401958307,0.011187409473012475
0.8,0.9809212483725791,0.003562672584142066,0.9853624377690421,0.006913689706177774
0.9,1.1277531163256005,0.0022321653215453168,1.1326813015823631,0.005608296489915545
