,train_rmse_mean,train_rmse_std,train_mae_mean,train_mae_std,test_rmse_mean,test_rmse_std,test_mae_mean,test_mae_std
0.1,0.82806075,0.0005957176,0.788876,0.0009074328,0.8273368,0.002787124,0.7880557,0.0038449657
0.2,0.83256435,0.0003588426,0.7941521,0.00051615346,0.8324259,0.0015658074,0.79396135,0.0021847284
0.3,0.8278538,0.00042528292,0.7881745,0.000501258,0.8278724,0.0015826091,0.78808343,0.002019754
0.4,0.8406151,0.0004069014,0.8053893,0.00056001666,0.84052384,0.0016443951,0.80528,0.002132254
0.5,0.8378767,0.00020286419,0.8019201,0.00034720483,0.83783424,0.0005633728,0.8018942,0.001040916
0.6,0.83041143,0.00015597706,0.7920788,0.0002794992,0.8305353,0.00057281676,0.7922023,0.00091066776
0.7,0.8338339,0.00013200527,0.7962737,0.00022512225,0.8338639,0.00047239207,0.79635966,0.00082347356
0.8,0.8283783,8.3592065e-05,0.78880733,0.00012008241,0.82846034,0.00029944762,0.78891337,0.0004636497
0.9,0.82956535,7.741292e-05,0.79054725,9.7510514e-05,0.8294442,0.00033498323,0.7904318,0.0004146543
