,train_ML_f1_mean,train_ML_f1_std,test_ML_f1_mean,test_ML_f1_std
0.1,0.5152006663531428,0.043776250199625305,0.4621883707275406,0.07963299976989853
0.2,0.43518106302769255,0.031431104553730015,0.38852026065522627,0.02899054258335852
0.3,0.4015097462617062,0.03098764664964148,0.3419320990790458,0.019489899740905373
0.4,0.3302076692487995,0.02646596088249315,0.2984936840145879,0.02042702203848144
0.5,0.28342143768828015,0.02486471246284635,0.23046964330113512,0.024975447844072907
0.6,0.2589205425739464,0.005168640377996669,0.23953839775830527,0.037053964427213724
0.7,0.21412952817251293,0.015444452340175614,0.16313921859121067,0.012184913142020665
0.8,0.2128000980112347,0.029241721586911622,0.17583941923623772,0.03629235946527922
0.9,0.07341394786935392,0.0059692303205185065,0.07267492125730945,0.013219087721125485
