,train_ML_f1_mean,train_ML_f1_std,test_ML_f1_mean,test_ML_f1_std
0.1,0.391480795898646,0.02751239485669572,0.3601583758846613,0.02738348893459322
0.2,0.32824438462060235,0.024546863686563482,0.2950587360119937,0.01737218067689988
0.3,0.31038369570952556,0.028919495568358503,0.25869903568753616,0.03927191600506145
0.4,0.24003096903387228,0.016104802083242237,0.2423826672487189,0.03029629556670988
0.5,0.18719225718196136,0.018861229475771145,0.1851631475478866,0.017628090490855137
0.6,0.21294730007562057,0.0057372622456621095,0.20248134354685354,0.026443026873063474
0.7,0.1306922864119105,0.0073117051686315965,0.127998989356166,0.009008996482838741
0.8,0.09232285735278897,0.004283449235463016,0.10434212846423678,0.020575078200909102
0.9,0.06819940692684345,0.004384140255077271,0.0690822941394574,0.01381518648353957
