,train_ML_f1_mean,train_ML_f1_std,test_ML_f1_mean,test_ML_f1_std
0.1,0.6244166467667619,0.04088108340228159,0.43976156867184263,0.07289834478657582
0.2,0.6241064835170389,0.03219717874717273,0.38263621725516767,0.040095905873840584
0.3,0.6116561690359339,0.01756374547308017,0.36639754103404876,0.059728449824229514
0.4,0.46138128763140906,0.02104904876243979,0.27835376802445927,0.03537376470744339
0.5,0.42718994436326446,0.07054404277334878,0.21798714570384262,0.026090840150211236
0.6,0.4642234258124197,0.02840184913303033,0.2305634634825166,0.017677961273983366
0.7,0.40254314895941007,0.04317511785409965,0.16568879589825675,0.02264482288110773
0.8,0.38504873109808235,0.021242053997979408,0.1784662108628478,0.06865555251186965
0.9,0.1798486903173651,0.022060360465035646,0.07505156721263315,0.020040493936427765
