,train_ML_f1_mean,train_ML_f1_std,test_ML_f1_mean,test_ML_f1_std
0.1,0.17111288217999507,0.0933691702127234,0.21123495368235884,0.0934619801682982
0.2,0.3919901434271753,0.013546154862008154,0.3906696864991003,0.01273399836844079
0.3,0.39268242730795344,0.021898598808621977,0.2953974038749204,0.03845861920154722
0.4,0.12915492483182223,0.015216147743274603,0.21965424141565265,0.09394424422670633
0.5,0.1469437607362403,0.03159360477405844,0.12066025399122707,0.07155447706214713
0.6,0.29015175192344067,0.026277965221944772,0.21552310902719962,0.034521679753204915
0.7,0.12028668407240153,0.041107239150534707,0.07699123495015463,0.020384554222039518
0.8,0.11844180603533402,0.054245589897636566,0.10845500246705472,0.025365601768269762
