,train_ML_f1_mean,train_ML_f1_std,test_ML_f1_mean,test_ML_f1_std
0.1,0.0725590723330484,0.019286703725219886,0.05748953697242446,0.01926389938939022
0.2,0.5200317384947588,0.057248202951685756,0.5186684730404583,0.05539143747527273
0.3,0.21594744369619212,0.0572634165889974,0.05965247542315494,0.018301737605551007
0.4,0.08391686785760107,0.04358353549063617,0.05783658725721019,0.01994981330233554
0.5,0.13567269783076275,0.0152995392817896,0.11221445593652957,0.15808110438188236
0.6,0.133883904132501,0.03213066893735741,0.059633661580185016,0.01788845491155993
0.7,0.10945057071706052,0.03243827606479867,0.07412410467315873,0.08305731698201396
0.8,0.07873701749989254,0.029473762246600685,0.10903402310531177,0.15424865208806143
