,train_ML_rmse_mean,train_ML_rmse_std,test_ML_rmse_mean,test_ML_rmse_std
0.1,0.6889751372546489,0.003863677903123568,0.7152663152027088,0.012671430187014223
0.2,0.6861725702197772,0.003865946534371994,0.7118479324679237,0.010902986304811181
0.3,0.7001311652968566,0.004883540760681653,0.7249448190034331,0.015449047145327506
0.4,0.7079261311316422,0.005168411621896595,0.7323795099841098,0.013038082800974562
0.5,0.7066426905273491,0.0031019744136280393,0.7297969982280159,0.012672237616500692
0.6,0.7156888521766172,0.005561320713086014,0.7420748353685414,0.011234358131462617
0.7,0.6979541455130467,0.004181984961439839,0.7183750139272227,0.011842290776237685
0.8,0.7469900758445244,0.004977684885831887,0.7664243223201097,0.016953334519909567
