,train_ML_rmse_mean,train_ML_rmse_std,test_ML_rmse_mean,test_ML_rmse_std
0.1,0.7593441852054387,0.0033863714647954725,0.7586765110342736,0.010910406702914651
0.2,0.7618113452350054,0.0034868301941513506,0.7608467481524195,0.010608109861077094
0.3,0.7628619744253028,0.003033892645603472,0.7623241370500758,0.009303389125976795
0.4,0.7627613811662222,0.0030652339009190426,0.7624792092620026,0.009605540135909953
0.5,0.777188469680785,0.004239756890656396,0.7753911154582578,0.013373870419300103
0.6,0.7973587787657435,0.0033870254735821736,0.799442832166303,0.01504708302033274
0.7,0.7571712218615338,0.003862653547457107,0.7558935365324755,0.012337726402739039
0.8,0.825868295760962,0.004566725062078279,0.8498627137064604,0.04956076224488247
