,train_rmse_mean,train_rmse_std,train_mae_mean,train_mae_std,test_rmse_mean,test_rmse_std,test_mae_mean,test_mae_std
0.1,0.051463507,0.0015788623,0.035615683,0.00090786663,0.05181914,0.0038931137,0.035897814,0.00057026575
0.2,0.075557426,0.0009692155,0.04908743,0.0008275253,0.075930476,0.0019129734,0.049302142,0.0015135381
0.3,0.072545424,0.001166541,0.057466663,0.0012807935,0.07295772,0.0022620717,0.05780223,0.0016382678
0.4,0.086016014,0.0016855545,0.06866677,0.0018791769,0.08636336,0.002037248,0.06897688,0.0012478236
0.5,0.111025974,0.0017866886,0.089191236,0.002502198,0.11079182,0.0015152243,0.08908291,0.002055536
0.6,0.1381078,0.006435968,0.10572656,0.0038343759,0.13934657,0.006980202,0.10592165,0.004277645
0.7,0.12218279,0.0027110453,0.092008814,0.00052344333,0.122593835,0.0018916576,0.09203088,0.00070089434
0.8,0.17028809,0.0028929706,0.13871524,0.0024377592,0.21999459,0.100931644,0.13973428,0.0041068764
