,train_rmse_mean,train_rmse_std,train_mae_mean,train_mae_std,test_rmse_mean,test_rmse_std,test_mae_mean,test_mae_std
0.3,0.15946575,0.0021024023,0.116194606,0.0025308658,0.15930934,0.005239606,0.11666588,0.0052600726
0.5,0.15464717,0.0018698227,0.114533566,0.001928341,0.15630285,0.006816595,0.11581688,0.0057185236
0.7,0.156243,0.0010461836,0.11570331,0.00062765693,0.15685764,0.0036264926,0.11575501,0.0020669242
