,train_ML_f1_mean,train_ML_f1_std,test_ML_f1_mean,test_ML_f1_std
0.1,0.9539993951690173,0.017008404021687195,0.8385634222642271,0.02558679928301659
0.2,0.9487385986146245,0.014274866839577589,0.7993329550290822,0.04588906102203821
0.3,0.9446984094887808,0.009758505709529767,0.7926477421567777,0.035059176264631044
0.4,0.9404843073600556,0.007993240436521842,0.7970182168612581,0.04249713277417267
0.5,0.9143046045791976,0.01587416562985634,0.7516605061383955,0.07138667020415548
0.6,0.9231780150438784,0.01628940088275156,0.7948953031250154,0.04452916738299004
0.7,0.9296065062236695,0.01270062943645021,0.7813624596863352,0.07280365951009364
0.8,0.9163688205764406,0.006863194541192228,0.8214363238583845,0.03869826691278666
