,train_ML_f1_mean,train_ML_f1_std,test_ML_f1_mean,test_ML_f1_std
0.1,0.7491516453668206,0.06446033360930442,0.4776858435681965,0.006069967429577366
0.2,0.7455056816762218,0.05255141166291727,0.4935340926821657,0.0285752196216913
0.3,0.5485261448978249,0.0409408747279907,0.4776858435681965,0.006069967429577366
0.4,0.5589754090630098,0.09351451088235696,0.4776858435681965,0.006069967429577366
0.5,0.4773655293779311,0.001642527687711916,0.4776858435681965,0.006069967429577366
0.6,0.48873452640730547,0.022658891923230704,0.4776858435681965,0.006069967429577366
0.7,0.4773655293779311,0.001642527687711916,0.4776858435681965,0.006069967429577366
0.8,0.4773655293779311,0.001642527687711916,0.4776858435681965,0.006069967429577366
