,train_ML_f1_mean,train_ML_f1_std,test_ML_f1_mean,test_ML_f1_std
0.1,0.622202687375656,0.026919565035951963,0.5945357304483434,0.08733413518777836
0.2,0.6117543228855922,0.05006438798737111,0.5225703196131295,0.06111331847169001
0.3,0.5171706319515097,0.022143892174957103,0.4776858435681965,0.006069967429577366
0.4,0.5162783707479843,0.025723374650869654,0.5062004825536373,0.06256411031837941
0.5,0.4773655293779311,0.001642527687711916,0.4771642556226735,0.006733258822546334
0.6,0.48829305652063937,0.02177835189346681,0.4771642556226735,0.006733258822546334
0.7,0.4773655293779311,0.001642527687711916,0.4776858435681965,0.006069967429577366
0.8,0.4773655293779311,0.001642527687711916,0.4776858435681965,0.006069967429577366
