,train_ML_f1_mean,train_ML_f1_std,test_ML_f1_mean,test_ML_f1_std
0.1,0.794756370369658,0.024370326571083005,0.7377528006762353,0.08135070598403563
0.2,0.7645291385606535,0.021337301826417906,0.6509555071865536,0.08325577619472385
0.3,0.671132677654892,0.0805437626056236,0.5374729096436095,0.04990883941802778
0.4,0.7117109605536952,0.06682048899226826,0.6205059047452302,0.04238443166535654
0.5,0.5252292024970878,0.032703777217526944,0.4735661697431774,0.0079179482912834
0.6,0.6431421134396029,0.049117651154600754,0.5507044829831305,0.06318139595747327
0.7,0.48374434513891823,0.013740089597202998,0.4776858435681965,0.006069967429577366
0.8,0.5304639465617241,0.03739361259899821,0.5035135143494277,0.06440916042643961
