,train_ML_rmse_mean,train_ML_rmse_std,test_ML_rmse_mean,test_ML_rmse_std
0.1,12.676705898700288,0.6577825330239452,12.94700042080078,0.6455589662597545
0.2,12.747449160082793,0.6677425509148013,13.37049301199385,0.7689435630552337
0.3,13.373555145131476,0.6148835054004942,13.80789108488285,0.685595070792813
0.4,13.117045248163356,0.5759503217652105,14.11453796334556,0.7348270701894346
0.5,13.99548717007615,0.5338962477004839,14.760277514649797,0.563760608305406
0.6,14.472846609491253,0.5560948451584294,15.615997321432644,0.8109583517020602
0.7,14.38094335596457,0.5871252255528514,15.539530139308866,0.5599788696397582
0.8,15.014278858190124,0.560783950546442,17.417950419691785,1.4339904002576134
0.9,15.658453191505583,0.611628011374921,17.686868573060586,0.8872405052317213
