,train_ML_rmse_mean,train_ML_rmse_std,test_ML_rmse_mean,test_ML_rmse_std
0.1,10.472556038497622,0.7821955580168699,11.020278730165774,0.7648376202613271
0.2,10.516683019927608,0.7772700220839786,11.592313466940608,0.956628855997405
0.3,10.79536466926259,0.7508771629287893,12.441517522714097,0.8343660557108037
0.4,10.98960992204525,0.851705977948071,13.01793641326238,0.8870155079596211
0.5,10.789039090727323,0.6700953408081215,14.223469444166824,0.8843068396778669
0.6,11.737149706225187,0.6725739464355395,15.92829371535772,0.8382960913085408
0.7,11.67353289198644,0.571593634380641,16.317694066881657,0.8204620872949923
0.8,13.030492169058856,1.0698377600395514,18.96018960669611,1.7598989135933558
0.9,14.65516752353543,0.7970256284802126,20.03928281988777,2.0650863795554404
