,train_ML_rmse_mean,train_ML_rmse_std,test_ML_rmse_mean,test_ML_rmse_std
0.1,10.758767935900162,0.4296937164507007,11.002051269320281,0.5576903493450749
0.2,10.961973620270518,0.4688529502392653,11.455072865210903,0.7674569259921564
0.3,11.565652784661413,0.4632372827531281,12.175097616103942,0.5326435215141864
0.4,11.862011307536985,0.46991919108344354,12.616719513446746,0.6443250776591738
0.5,12.301756898178352,0.5496457427153578,13.640032077735043,0.5091356977074363
0.6,13.458841851682672,0.5086538461334716,15.200289175250044,0.776236652039318
0.7,14.008485420643638,0.6466959687942387,15.600932111001299,0.783245279615224
0.8,15.303309237454807,0.4895971647371898,17.550722896736694,1.3536888171415111
0.9,16.00499077707376,0.7112050882548707,17.85014383460701,1.173975919541812
