,train_ML_rmse_mean,train_ML_rmse_std,test_ML_rmse_mean,test_ML_rmse_std
0.1,0.7295163117097917,0.008388374501772995,0.7293022547237993,0.008616753066758253
0.2,0.7317429543158214,0.008277467454977431,0.7303043463456687,0.0075986604047407055
0.3,0.7303530003536728,0.008321234421701363,0.7269634942978076,0.008202529247901585
0.4,0.7302711243040049,0.008885877762398431,0.7300071079052872,0.008059091244484338
0.5,0.7327620926720096,0.008457669122030444,0.7319470263545755,0.007934609464707943
0.6,0.8530360903563915,0.011153203193460692,1.0495046702782003,0.016413251553794497
0.7,0.8070309784969627,0.014668936703128417,1.0601548631285869,0.029730313290049246
0.8,1.1193070496750726,0.0813985511892667,1.5765473668713073,0.03140596695038674
