,train_ML_rmse_mean,train_ML_rmse_std,test_ML_rmse_mean,test_ML_rmse_std
0.1,0.616784873665729,0.002121407807672625,0.6263251910401787,0.008378465061551078
0.2,0.6335741628709239,0.0027319036827012076,0.6423480398665122,0.007693988608817255
0.3,0.6150229516425403,0.0018408300728937534,0.6254776369958104,0.009558238023930401
0.4,0.6358846706501275,0.00293164070742053,0.6448440538678546,0.009433835821807735
0.5,0.6433026070470381,0.0034145534794778804,0.6507991203462433,0.004893088619370406
0.6,0.8411742230544423,0.02029608238211955,0.8960998804398382,0.013678258073009372
0.7,0.8119011426006312,0.004650710013675654,0.8688610860458825,0.010453328907317537
0.8,0.843597637068345,0.015627937031646666,0.8913804546472308,0.030799893778361915
