,train_ML_rmse_mean,train_ML_rmse_std,test_ML_rmse_mean,test_ML_rmse_std
0.1,0.728049585420725,0.002564483636867351,0.7291676771366111,0.008843294767288882
0.2,0.7293696133208186,0.0022929539800617773,0.7310360839900614,0.008312814664659185
0.3,0.7269021588170106,0.0025744598369599626,0.7283667501436085,0.008340622670765865
0.4,0.7285741132756631,0.0025837481693988733,0.7299106850344736,0.008675436100334015
0.5,0.7316400058169161,0.002408715887564969,0.7350731083290065,0.009622867488486083
0.6,0.920607370629155,0.019281995311252974,0.956737421066139,0.027116137682609443
0.7,0.9345906348784819,0.011987164276667033,0.980915591965623,0.03778706933501402
0.8,0.953730111674868,0.013707192620507395,0.9745415317987177,0.012544439056730592
