,train_rmse_mean,train_rmse_std,train_mae_mean,train_mae_std,test_rmse_mean,test_rmse_std,test_mae_mean,test_mae_std
0.3,0.5920644,0.007193537,0.488661,0.008062968,0.58681726,0.023108264,0.48102975,0.025049565
0.5,0.5617676,0.0043255696,0.48550805,0.004890528,0.5558006,0.014040666,0.477542,0.015363207
0.7,0.5851016,0.0039351047,0.509661,0.0041682203,0.5761742,0.01393489,0.49828702,0.014074067
