,train_ML_rmse_mean,train_ML_rmse_std,test_ML_rmse_mean,test_ML_rmse_std
0.1,0.84668402949953,0.0026174051290435876,0.8652190958310765,0.014447010995060091
0.2,0.9671963221196955,0.0025125914345642715,0.9834344783461397,0.008254573041182649
0.3,0.9560495774655429,0.005697026122167624,0.9789630332268302,0.008696713859377168
0.4,1.0449834185466529,0.004265108556647543,1.0689773683744508,0.011610148143696165
0.5,1.0897092741607088,0.003970145093651295,1.1177823068495454,0.010174054704508264
0.6,1.127630004267194,0.004048612287776583,1.162116417857035,0.011503777583299981
0.7,1.1334465621991898,0.0028181175196167157,1.166065757696358,0.01129725004409526
0.8,1.0718187646511583,0.003640449594075322,1.1076022507653591,0.013106591589405815
0.9,1.155152562374207,0.0017712968398486322,1.1932054418938507,0.0069248610711737
