,train_ML_rmse_mean,train_ML_rmse_std,test_ML_rmse_mean,test_ML_rmse_std
0.1,0.9757451937466792,0.0009780431910762727,0.9759870838382232,0.011292097529956384
0.2,1.064638463983814,0.002056656762719398,1.0629753650814338,0.010999558248458111
0.3,1.0488981270890505,0.0022572465469961026,1.0479601857166543,0.006592151277518347
0.4,1.114597810801801,0.003081989572177342,1.1155373778317625,0.009339777706980266
0.5,1.1267588679401956,0.0021716250478827424,1.12880756400037,0.00614424121902784
0.6,1.141029592896957,0.0022422489253344636,1.1428637874977532,0.0071174908555813815
0.7,1.1440860715039975,0.0021435455372499886,1.1449879018778983,0.006341757194421502
0.8,1.1111922151888391,0.0030889570483245326,1.113773135259453,0.006978741281082588
0.9,1.1512947750867997,0.0019816260118013713,1.1526685704246855,0.0059245546305036634
