,train_ML_f1_mean,train_ML_f1_std,test_ML_f1_mean,test_ML_f1_std
0.1,0.9473856432064865,0.0019417868495651542,0.943826513762791,0.0071431723391078466
0.2,0.8975686032900665,0.006527290707675972,0.8926319405173274,0.015632588917065073
0.3,0.8042111183159675,0.0017587311649714808,0.7996878722992585,0.014156002599741918
0.4,0.7766375810350458,0.00821639856194013,0.7745032334435272,0.016522293986685466
0.5,0.7325424129153705,0.007744881944971555,0.726681161367765,0.02799153734172217
0.6,0.6669130476895675,0.009559706713020661,0.6547997985334199,0.023270667223973408
0.7,0.6790161088068908,0.009154266562824236,0.6667617214846298,0.019455295248108195
0.8,0.5082273355104009,0.006010622496884038,0.5137934927725313,0.018651521352792813
0.9,0.5433112419464222,0.010842731149538393,0.5372702096035435,0.047852075337492986
