,train_ML_f1_mean,train_ML_f1_std,test_ML_f1_mean,test_ML_f1_std
0.1,0.9593029672149589,0.001964402910606911,0.9482544457289583,0.010216966164443453
0.2,0.9341247370700273,0.008281087721079898,0.922312432057552,0.019067158787474957
0.3,0.8942302057356883,0.0060580024587614445,0.8575499823224082,0.0082865301825965
0.4,0.8471028695541756,0.006687134411194786,0.8099107159014496,0.01719776711599525
0.5,0.8133855687770193,0.008458372895427725,0.7615428053864981,0.026338980029213917
0.6,0.7396135817321368,0.01731002791300185,0.6782230989085042,0.027706402351047602
0.7,0.7074355671237449,0.013602664160370377,0.6593733085755035,0.019204695524469944
0.8,0.5831463106701953,0.02995091461366639,0.535851256687702,0.019013956589989642
0.9,0.5503334357448388,0.026231590092462346,0.47235098989150054,0.016688672593044497
