,train_rmse_mean,train_rmse_std,train_mae_mean,train_mae_std,test_rmse_mean,test_rmse_std,test_mae_mean,test_mae_std
0.1,0.10309617,0.0047310176,0.06126201,0.0016414615,0.11107965,0.01616061,0.0648425,0.0059581525
0.2,0.1286023,0.0065650856,0.07800327,0.002862718,0.13131306,0.022343885,0.08067515,0.010819026
0.3,0.1652062,0.0025385618,0.109870926,0.00239801,0.17012599,0.004079033,0.114386916,0.002764923
0.4,0.16025826,0.0029486064,0.11102556,0.0020601363,0.15681246,0.011023631,0.10843034,0.0072585824
0.5,0.18198296,0.0024510913,0.13122955,0.0027091014,0.18421116,0.014070494,0.134101,0.009029316
0.6,0.21706192,0.034736775,0.16018972,0.022515384,0.2049756,0.012421195,0.15441653,0.008940484
0.7,0.22049718,0.025550017,0.16955456,0.020912474,0.2021832,0.014438524,0.15484095,0.013385385
0.8,0.22559278,0.012017409,0.17540649,0.011521864,0.24492082,0.02778643,0.19217432,0.021610672
0.9,0.24063793,0.01648566,0.18946561,0.0142618315,0.24908245,0.035019584,0.19623043,0.030335207
