,train_ML_rmse_mean,train_ML_rmse_std,test_ML_rmse_mean,test_ML_rmse_std
0.1,0.7282680251870373,0.002452685752235925,0.7295390018379697,0.008378170377536907
0.2,0.7259488166341805,0.0024396183324636965,0.7271724625113877,0.008345395021337208
0.3,0.7276316891391004,0.0024619385582509566,0.7288496767978037,0.008485814452652394
0.4,0.727830063498962,0.0024041448387234488,0.7290843875052566,0.008139426638266986
0.5,0.7275654809168801,0.002565877933920012,0.7285376348645561,0.008746480276678952
0.6,0.7598501718259592,0.001909190840223983,0.7618720603954457,0.007659994145934828
0.7,0.7837016872211351,0.0017300105496928684,0.7854990018827309,0.004969379205400252
0.8,0.7907890257006569,0.0028314672579003706,0.7913411591501097,0.009705051360704892
