,train_ML_rmse_mean,train_ML_rmse_std,test_ML_rmse_mean,test_ML_rmse_std
0.1,0.673120798894827,0.0017891820456871674,0.6754052032454914,0.007008599158889113
0.2,0.6700197113098119,0.0017186205484641343,0.6724915519269091,0.00667162071745799
0.3,0.6719867257095091,0.0017890366252984091,0.6742182657593316,0.006914331160612037
0.4,0.6706110014791908,0.0017208069643149233,0.6731858078437197,0.006762801165474765
0.5,0.6677830554568759,0.001698545856093025,0.6703215059212368,0.006799532222713999
0.6,0.6975630033897657,0.002072674647969864,0.7000952342133329,0.008643785740882256
0.7,0.7219607636758869,0.0010858692000359717,0.7246471060523926,0.004880198543443427
0.8,0.7349248862742985,0.0028177893031979743,0.7366613224377244,0.009180373112373621
