,train_rmse_mean,train_rmse_std,train_mae_mean,train_mae_std,test_rmse_mean,test_rmse_std,test_mae_mean,test_mae_std
0.3,0.47475165,0.00063848234,0.39071035,0.0006898244,0.468738,0.0008179718,0.38408625,0.0007466111
0.5,0.4537767,0.00043598373,0.373058,0.0002946771,0.45091724,0.0009916583,0.37040517,0.0011192347
0.7,0.5155202,0.000338425,0.4318847,0.00014980831,0.5113913,0.00081978797,0.42746824,0.0006945329
