,train_ML_rmse_mean,train_ML_rmse_std,test_ML_rmse_mean,test_ML_rmse_std
0.1,12.145406850899766,1.4386690269521853,12.346710357748488,1.290289570758708
0.2,12.237375201950222,1.4395524114720153,12.511414486033448,1.6827311010322759
0.3,12.63561502826381,1.4654964416164227,12.6783170359466,1.439038725831311
0.4,12.975766556536271,1.5916259455157709,13.352699726328376,1.3362359547086933
0.5,13.167715356637714,1.3884649264009477,13.69928031480595,1.8363054265298107
0.6,13.675253665481382,1.469137145830029,14.139858881094465,1.3783509146658188
0.7,14.212587678935108,1.640639267320059,14.879415699772744,1.8195876468605592
0.8,14.30210820852401,1.6687861481574007,14.793785052091726,1.6408144947240508
0.9,14.36956439628023,1.5577221954096436,14.753400636574515,1.269293477117734
