,train_ML_rmse_mean,train_ML_rmse_std,test_ML_rmse_mean,test_ML_rmse_std
0.1,9.111973147027362,0.8313822857196977,10.319944329779474,0.9072900515070227
0.2,9.038579634176964,0.787336771548145,10.542101555522322,1.7273085994405517
0.3,9.216337536646156,0.6195418205389771,10.966000139995824,1.200737499668085
0.4,9.501116179988946,0.7174841323802577,12.346657459984097,0.976854698395551
0.5,9.658330434977046,1.039450568486936,13.528467554100013,1.8415364795550881
0.6,9.90695074978798,1.01617427568999,14.737007779588348,0.8398248415981766
0.7,11.337565923989121,1.8502095170734385,16.124292153200237,2.6130251140405085
0.8,12.268758536068507,1.5930044165255273,15.787448260088158,2.0130620811288455
0.9,12.64222587177946,1.3496929256207066,15.314130920891998,1.2198749993792941
