,train_ML_f1_mean,train_ML_f1_std,test_ML_f1_mean,test_ML_f1_std
0.1,0.4986874568286453,0.04021271705575974,0.4624806186224107,0.06027920845352953
0.2,0.3904613237068387,0.03539497069565288,0.34794682908854535,0.04508260150401134
0.3,0.3451390028288422,0.037943819581046236,0.30783371769200985,0.053504862469394406
0.4,0.2958142262585942,0.025054263155946672,0.2855578925943512,0.017969800008965052
0.5,0.24390376641845984,0.02476792153935597,0.19578371147474186,0.016371286317045035
0.6,0.23639551443357626,0.017695039293078824,0.21302678996860683,0.05502173148104558
0.7,0.17419556645033796,0.021625965042183604,0.15118212696821376,0.0321940186574136
0.8,0.2075482488180762,0.03221827883031501,0.15942411956106717,0.036061807650299156
0.9,0.08976899617826417,0.010067606258037034,0.08887892532592348,0.01831868697195951
