,train_ML_f1_mean,train_ML_f1_std,test_ML_f1_mean,test_ML_f1_std
0.1,0.5340644257687834,0.05912907297288896,0.4785188649484655,0.053895505343231995
0.2,0.4231308979528749,0.04979275381149965,0.35567704594402894,0.05426425794771875
0.3,0.3488365260234436,0.03243141602656022,0.2784134680325602,0.05063285936023551
0.4,0.2568476832529436,0.016756770490166762,0.24987467558359241,0.024374675575350013
0.5,0.1911303243010166,0.0246348835368913,0.16164122112025509,0.023705824118885985
0.6,0.19538520741226525,0.018522064160783204,0.1739137277875033,0.03978374135134088
0.7,0.1118538866195153,0.010495841316902756,0.09617033079913855,0.012886491192047838
0.8,0.1397340889469012,0.043329060912687484,0.09720880746931182,0.02062512652993796
0.9,0.07333169959294576,0.008856172642208405,0.07132903484831432,0.015213995839461128
