,train_ML_rmse_mean,train_ML_rmse_std,test_ML_rmse_mean,test_ML_rmse_std
0.1,0.7714860875384483,0.002328280504718507,0.7732522497790857,0.00896615397228482
0.2,0.8159951086570167,0.0056102925563564525,0.817119294108044,0.011562301530946253
0.3,0.879178911656567,0.011640504356583706,0.8824698881981099,0.013649401089374838
0.4,0.9191645551196542,0.007878316804748655,0.9529595602118537,0.049283833817800445
0.5,1.0761685297690549,0.032947821416896984,1.1537820933862661,0.1271167565266842
0.6,1.0328801077873204,0.008454018692304555,1.0364739802931646,0.005619330297750061
0.7,1.0883875894349786,0.005569583746191665,1.0938937724109201,0.020550428812175912
0.8,1.1275111095288495,0.011901278742697734,1.2104065996735194,0.14579983459482787
0.9,1.1427171880377576,0.00781335853048171,1.1984207815739674,0.11056799483938944
