,train_ML_rmse_mean,train_ML_rmse_std,test_ML_rmse_mean,test_ML_rmse_std
0.1,0.7236498083145998,0.0022204725726100902,0.7272107552577605,0.007670151841744856
0.2,0.7711827211982974,0.004217147744767413,0.7725200261782422,0.008877869120136337
0.3,0.8508129889706861,0.0061051962304470376,0.8537132360427911,0.01340819861785797
0.4,0.8756563722328355,0.004170634517394083,0.8787540687814849,0.012623072695985029
0.5,0.9603598037660369,0.018114432519314064,0.9709629737994326,0.022049110868958936
0.6,1.0288901207309284,0.007639492568467359,1.0337118652418564,0.006825165045323725
0.7,1.0612986568247158,0.01654509838928818,1.0675404697881339,0.028321433695188504
0.8,1.0784551847357207,0.022648551988459723,1.0844557697374075,0.027429795595560105
0.9,1.1502281813289528,0.0076361650933818885,1.1623201559217593,0.024140763607625418
