,train_rmse_mean,train_rmse_std,train_mae_mean,train_mae_std,test_rmse_mean,test_rmse_std,test_mae_mean,test_mae_std
0.1,0.11721782,0.0054309666,0.05146418,0.00047277953,0.11819947,0.027954413,0.051780004,0.0013078364
0.2,0.24076717,0.06311153,0.059711207,0.0011993332,0.19586603,0.121901885,0.05939274,0.0033057362
0.3,0.1344089,0.012879028,0.067944854,0.000818237,0.12577221,0.0063239844,0.06783394,0.001306974
0.4,0.14577729,0.04305794,0.0698365,0.002025211,0.13431206,0.012695805,0.06974337,0.0017606328
0.5,0.19918922,0.026833406,0.0791782,0.0018960619,0.20015283,0.076311186,0.078793876,0.0031049794
0.6,0.21376309,0.054083697,0.08342812,0.00080530666,0.21163619,0.07888422,0.08400752,0.0016837218
0.7,0.16741903,0.02176099,0.0961318,0.011044938,0.16478643,0.021601392,0.094278954,0.011546533
0.8,0.33669928,0.091049254,0.0926541,0.0016368722,0.2918448,0.16964047,0.09520787,0.0035703322
0.9,0.2269338,0.04274466,0.09268776,0.00087745197,0.20588036,0.067244604,0.09383882,0.0021308041
