,train_ML_rmse_mean,train_ML_rmse_std,test_ML_rmse_mean,test_ML_rmse_std
0.1,0.67611888256824,0.0019641066312296087,0.68627154804685,0.009260560805940732
0.2,0.7387179878388637,0.012492545768964422,0.7389237514076467,0.007340609037221192
0.3,0.817953022186628,0.01013266746478288,0.8311163138288313,0.012411233669384267
0.4,0.845395663502082,0.004126864564049719,1.0221100392324316,0.34914224691907897
0.5,0.926748005752596,0.018048025623174237,0.9487339378760975,0.03222344146282208
0.6,0.9974313932776695,0.00641884834278527,1.0072782414687942,0.0025436544906121445
0.7,1.034131891979848,0.01183699875698119,1.0541133616114018,0.027680036731778115
0.8,1.037706845779002,0.01781177783109037,1.1716712989815603,0.1756712793296807
0.9,1.1242137944843935,0.0063520934266277215,1.2149966749441312,0.15698349874294265
