,train_ML_f1_mean,train_ML_f1_std,test_ML_f1_mean,test_ML_f1_std
0.1,0.4025111231758961,0.010561251998737387,0.416569847478255,0.02798454351088674
0.2,0.5405538810272296,0.03739098922192915,0.5057195289713542,0.060076939706865805
0.3,0.4294355884867329,0.00393969684133411,0.43714449128739885,0.017991502106316688
0.4,0.39597221774830754,0.006117318957832957,0.4170340928169284,0.02204217372491536
0.5,0.3358882184742489,0.052638236251592516,0.3106662066551389,0.07506925150323536
0.6,0.2901971852140639,0.010752329952873613,0.28997371701341323,0.038899035307265684
0.7,0.30198601031792066,0.050964221930696496,0.27848343806617903,0.0986645654243686
0.8,0.37903796271055185,0.03998149204848131,0.35215528693027565,0.09692162103064923
