,train_rmse_mean,train_rmse_std,train_mae_mean,train_mae_std,test_rmse_mean,test_rmse_std,test_mae_mean,test_mae_std
0.1,0.90832233,0.0075645423,0.88266957,0.0078386,0.9090263,0.009726103,0.8837906,0.012025756
0.2,0.32199246,0.012336699,0.31556472,0.0121284025,0.32310897,0.053827085,0.32140607,0.05485557
0.3,0.97221774,0.000901801,0.95572597,0.0013948361,0.9731227,0.0032560695,0.9572476,0.0049574664
0.4,0.8661423,0.009387517,0.8137638,0.008552435,0.8669693,0.010891186,0.8144107,0.010709137
0.5,0.6219422,0.020364808,0.51818466,0.014305667,0.62212944,0.020226477,0.5179758,0.014086836
0.6,0.88662976,0.0031425292,0.82146484,0.004717555,0.88667804,0.010535308,0.82160884,0.015486807
0.7,0.5310902,0.028234432,0.40665054,0.016441073,0.53381836,0.03726025,0.40776902,0.0194975
0.8,211361.67,422722.3,11445.462,22890.059,128097.21,256193.38,4204.2393,8407.611
