,train_ML_f1_mean,train_ML_f1_std,test_ML_f1_mean,test_ML_f1_std
0.1,0.3213333378094688,0.01071369652947973,0.3476505471581531,0.025573075218477584
0.2,0.4077409480533329,0.03258458708444104,0.39030799573602115,0.012854874879530256
0.3,0.3589921904263882,0.005935616234410652,0.3654354332961155,0.025442234756626367
0.4,0.3269949513995716,0.014142235655253143,0.3508277724561715,0.032243602317084584
0.5,0.25727713153578596,0.041098116116208096,0.21510034825637464,0.04012996938942915
0.6,0.27552162154374626,0.004703134920162511,0.27321635599791116,0.03593338932194973
0.7,0.2137514095455229,0.037117489209896125,0.1828073507365752,0.05428921615202044
0.8,0.21357007288462548,0.10986724547028145,0.19511691040010704,0.09775230269256789
