,train_ML_rmse_mean,train_ML_rmse_std,test_ML_rmse_mean,test_ML_rmse_std
0.1,14.1282414305933,0.30614916186907776,14.079011971707953,0.6195316517618028
0.2,14.406026415171699,0.03742459397457013,14.334679404653775,0.6261538117083822
0.3,13.603261042867654,0.08762682483775189,13.592678490382715,0.6115597437179915
0.4,16.55720250441728,0.11209690929645476,16.520111519003688,0.7886905295053124
0.5,15.502416536457625,0.13355245303729124,15.442322945612826,0.5385715214846413
0.6,16.845150353799482,0.1110450472522028,16.8309949096456,0.7058736930259066
0.7,17.32348649660309,0.12668403082241486,17.268534425549404,0.7073454827696715
0.8,15.784157705461755,0.2339985711269229,15.690131274552977,0.5357854986775691
