,train_ML_rmse_mean,train_ML_rmse_std,test_ML_rmse_mean,test_ML_rmse_std
0.1,11.203857007888066,0.25778891930239595,11.212670637668053,0.9076253254107111
0.2,10.23834404827789,0.25462649712156593,10.342077888392305,0.8286551111226423
0.3,10.96296194862755,0.09418619003840724,11.06404373788644,0.2948576266865203
0.4,10.31155524548026,0.14533523744030408,10.30076640453488,0.5243699538004936
0.5,11.24203183721617,0.1425916165770032,11.290399476407027,0.5118855662484444
0.6,12.310305054834368,0.17423170726280232,12.421842499874483,0.6247638099947718
0.7,11.622508012184372,0.19790586198538246,11.722010566646167,0.6996230075143032
0.8,11.121081207753013,0.1399777417458116,11.175663594328608,0.5802378294289857
