,train_ML_rmse_mean,train_ML_rmse_std,test_ML_rmse_mean,test_ML_rmse_std
0.1,0.7093597232879186,0.012577644286569113,0.7086049509934088,0.011436056249439126
0.2,0.7111705086321211,0.012685341814758973,0.7128387038698181,0.014000087272210091
0.3,0.7162843786853734,0.011175422028409614,0.7313018840505654,0.013920142164005877
0.4,0.7244583835997405,0.012944581181018081,0.7756839353608648,0.014172210034151393
0.5,0.7380874115766459,0.011078694585760955,0.786985144026541,0.009337382504125389
0.6,0.7167702845598937,0.011422866873878968,0.7587604885779153,0.02412313797698722
0.7,0.721330949554297,0.008749473852479223,0.7761828046659641,0.024704108814023216
0.8,0.745013260074922,0.017447367951679494,0.7638178832727526,0.009764749061181115
