,train_ML_rmse_mean,train_ML_rmse_std,test_ML_rmse_mean,test_ML_rmse_std
0.1,0.7317974658015206,0.010567872995464469,0.7325680530959575,0.010560095612444418
0.2,0.7320574075834991,0.011786271019086393,0.737385589749012,0.013149612235457613
0.3,0.730612351767364,0.011286467933616574,0.7633435253365847,0.009457345650095468
0.4,0.7380873279974052,0.01338942222251833,0.7820243082226395,0.007464234462695126
0.5,0.7426728764924165,0.009621017744299768,0.7621914740700063,0.005543868015016753
0.6,0.7385236893506595,0.01299543435159349,0.8016168840967117,0.013671791532324768
0.7,0.7439593615065846,0.009474128959877648,0.808162640898779,0.01725953077574604
0.8,0.7934642326376254,0.016291315745603562,0.9159112949526959,0.0077266313062620395
