,train_ML_f1_mean,train_ML_f1_std,test_ML_f1_mean,test_ML_f1_std
0.1,0.12055302338181821,0.011447642604234866,0.08893606292129638,0.007249705732542377
0.2,0.11997546852819237,0.005005271290689643,0.0881831322468518,0.00592363180645723
0.3,0.11786898587161032,0.006607249027405502,0.0856710297602536,0.00958016225698874
0.4,0.13499862236204369,0.01844480628372008,0.09602232760824937,0.011648670048630112
0.5,0.14729953576541893,0.015879074038216947,0.09488835634545037,0.005655865625082257
0.6,0.12095931387239697,0.007590080535625207,0.08637452865185456,0.009653641180042727
0.7,0.1577485049565491,0.014606200716113198,0.10562866570839087,0.012537554499880988
0.8,0.16145809997905025,0.02437416051957539,0.11528143374345742,0.01441082724641668
