,train_ML_f1_mean,train_ML_f1_std,test_ML_f1_mean,test_ML_f1_std
0.1,0.9777579444880304,0.00265533063357537,0.978565551955022,0.0035139094702938073
0.2,0.9560429953978815,0.00481694050801072,0.9513089325123977,0.022914867626361086
0.3,0.9565983674349686,0.00324495458984905,0.95324479192984,0.01254889204556888
0.4,0.9618100555406974,0.00667041562533365,0.9547646778439045,0.012784021870627113
0.5,0.9256700026867518,0.005919601464989017,0.9198591228736408,0.02057018260920832
0.6,0.9322756598492132,0.0016674446291753127,0.9273814989631821,0.012866243919123227
0.7,0.9153293389377847,0.002653007161771683,0.913410646743456,0.008664803509698824
0.8,0.8335846582750707,0.005996110406491865,0.8264796052818617,0.011867448118042646
