,train_ML_f1_mean,train_ML_f1_std,test_ML_f1_mean,test_ML_f1_std
0.1,0.946637193412173,0.0028639175189150274,0.9445285490842668,0.012253523917544397
0.2,0.9097984650565113,0.010012024253086428,0.9060742153632777,0.021059127249199394
0.3,0.9172441629671944,0.00786811327865926,0.9153905471691626,0.023127522705836265
0.4,0.9237927506347903,0.006342392618377791,0.9151915869302207,0.027441275078699333
0.5,0.8887324210088361,0.0054730303444815425,0.8764880732135414,0.025260426839380214
0.6,0.8991347296150678,0.0018422688635525986,0.8930094676289752,0.014834106150726653
0.7,0.8605217934241166,0.006937095900940616,0.863263253942766,0.022234665130229554
0.8,0.7920375143414029,0.002798190946258198,0.7880448027633925,0.019026635473596707
