,train_ML_f1_mean,train_ML_f1_std,test_ML_f1_mean,test_ML_f1_std
0.1,0.9539640948813647,0.002001429663414538,0.9503447164925642,0.009457418072681925
0.2,0.9354452952896889,0.007868710629223672,0.9273537262688475,0.01745640834944008
0.3,0.9253368223054187,0.0070978386397072745,0.9254954723175013,0.016984093474394727
0.4,0.9429116892844652,0.0034664414138294622,0.9355875236042579,0.022031134384420895
0.5,0.910763988581652,0.004105825357832432,0.8921796524697367,0.02726910685837604
0.6,0.9146297381995346,0.004148888287745941,0.903544315247208,0.011829317795341222
0.7,0.8765484642277137,0.006909530960948661,0.8749324471629706,0.028356347053276963
0.8,0.8229332063990341,0.004628083416300074,0.8061940249727229,0.027455403680944665
