,train_rmse_mean,train_rmse_std,train_mae_mean,train_mae_std,test_rmse_mean,test_rmse_std,test_mae_mean,test_mae_std
0.3,0.09775914,0.00046910509,0.048435945,0.00021386039,0.097802885,0.0018581164,0.048500538,0.00071871956
0.5,0.07138537,0.0003731515,0.0298116,0.00020742694,0.07149997,0.0010823441,0.029869974,0.00034151
0.7,0.13129076,0.018485557,0.063361645,0.009289298,0.13165094,0.018629825,0.063629076,0.009411954
