,train_ML_f1_mean,train_ML_f1_std,test_ML_f1_mean,test_ML_f1_std
0.1,0.9244754956448175,0.003927849432019525,0.9187113521651875,0.010415632767432029
0.2,0.8853054792546062,0.0066010061476133594,0.8768923750023003,0.03646483907104929
0.3,0.8089814141111917,0.0053677877422837385,0.8080762140912224,0.018264706679328103
0.4,0.756877142461277,0.008214627252766182,0.7527070249516346,0.022309842763507524
0.5,0.7259987628458358,0.00937021381402874,0.7195252608719895,0.02809802184636498
0.6,0.653922938282969,0.007628578274689926,0.6483663015762529,0.021647552007736215
0.7,0.661775629495707,0.005363278125731888,0.6478692299626502,0.020730055018447456
0.8,0.5269801602738526,0.009283471874229569,0.5130022347951376,0.017780485086781827
0.9,0.5308761419431888,0.011901015757388996,0.5195721553325784,0.03770783116535261
