,train_ML_f1_mean,train_ML_f1_std,test_ML_f1_mean,test_ML_f1_std
0.1,0.9114512725327071,0.005827381791955584,0.9051186940476764,0.015607116521861704
0.2,0.8717576560716515,0.008553921145473065,0.8615908972504889,0.03412071399036989
0.3,0.7915534816987713,0.001698509626392223,0.7903147129486323,0.014780523917228101
0.4,0.7369698258643351,0.008218078809550323,0.73091227538283,0.026818273608329543
0.5,0.7285266089948716,0.01215430317363171,0.7228526081965733,0.02246412691329831
0.6,0.6498253569249792,0.005186693348151901,0.6451983801857001,0.0198186048697725
0.7,0.6555722726877063,0.003092054514773429,0.6430264747408257,0.01899092151642119
0.8,0.5008252574616543,0.0033318127965306287,0.501392603340063,0.01875961997044422
0.9,0.5168804879230902,0.01142273311417118,0.5030413303435312,0.04173199597829257
