,train_ML_f1_mean,train_ML_f1_std,test_ML_f1_mean,test_ML_f1_std
0.1,0.23114137308210952,0.029449675013873796,0.12652185045798062,0.040216528957527704
0.2,0.5079033231707546,0.0605314604269369,0.5086052323304803,0.06205316932970985
0.3,0.3268735310760939,0.05286659697258008,0.19227368130483374,0.028807755206203777
0.4,0.2530428394956712,0.03734401422278559,0.1360749383778649,0.04389480454739203
0.5,0.2287011810708734,0.06250330459249327,0.10453398961864038,0.11473242278257723
0.6,0.23644066344145037,0.0274778172831484,0.15796871976501642,0.02351993037469236
0.7,0.22456386012781415,0.0783145962797804,0.06873648732585755,0.05171177926859895
0.8,0.283730137459678,0.0676314982277268,0.1385508458495371,0.13611808638475062
