,train_ML_f1_mean,train_ML_f1_std,test_ML_f1_mean,test_ML_f1_std
0.1,0.2171268684044147,0.029180260328242075,0.2076124220526275,0.07428279743178237
0.2,0.3939474159833706,0.01694070340345857,0.3911002949724283,0.012096568574922712
0.3,0.3197431871842574,0.028885451792275037,0.30399026704621884,0.04352840992572532
0.4,0.23840455071596459,0.04212934045014173,0.19624449436871103,0.07149101681647962
0.5,0.21125766667460102,0.04629395207606325,0.11345763887995819,0.057882882437943456
0.6,0.2437167926630758,0.03598471639881128,0.21366837307141742,0.021056477058781962
0.7,0.13121982822744024,0.03897087559814557,0.07203814425575965,0.022031813392926636
0.8,0.20773018037568963,0.035087331959965946,0.12912536132130406,0.03087832044908179
