,train_rmse_mean,train_rmse_std,train_mae_mean,train_mae_std,test_rmse_mean,test_rmse_std,test_mae_mean,test_mae_std
0.1,0.1431375,0.0018642226,0.11604401,0.0012004516,0.14547932,0.008210344,0.116840124,0.0077856285
0.2,0.16311423,0.0017640456,0.13002174,0.0011522528,0.1617774,0.0034833562,0.12940753,0.0024246343
0.3,0.15934134,0.00044969228,0.12656948,0.00058986474,0.15765975,0.0018414948,0.12531146,0.001706902
0.4,0.1636039,0.0019812896,0.13358124,0.0018390187,0.16325305,0.0038005665,0.13351235,0.0032336123
0.5,0.17145017,0.0004026225,0.14303021,0.00025487205,0.17022666,0.0026244656,0.14158896,0.0023961521
0.6,0.17985146,0.00047894925,0.14482759,0.0005428104,0.18059945,0.0016819442,0.14562322,0.000761331
0.7,0.17053647,0.0011100528,0.14035639,0.0010984235,0.17141101,0.0024367946,0.14089844,0.0024472126
0.8,0.19705054,0.00039206914,0.15943958,0.00033921906,0.19594184,0.0015545515,0.15827999,0.0018015986
