,train_ML_rmse_mean,train_ML_rmse_std,test_ML_rmse_mean,test_ML_rmse_std
0.1,0.7427372678927291,0.00476940610036205,0.7483449387915818,0.008374466817564437
0.2,0.7353935858845068,0.0057630871425952135,0.7392594057789079,0.00932467236229202
0.3,0.7543597860710037,0.005532945712145414,0.760814658463789,0.01046915847467065
0.4,0.7545335296023051,0.004000679623628206,0.7583123635525642,0.011489320443469576
0.5,0.7534289498105089,0.0030744423965537422,0.7557214329715333,0.01194336472495558
0.6,0.7767052658965354,0.004261622113735483,0.7826677756348863,0.017892979360601077
0.7,0.7397779977600794,0.006192366135168782,0.7428308250678397,0.010906055426788196
0.8,0.8150511754413978,0.004958427857563527,0.8221127316049595,0.021688094185417107
