,train_ML_rmse_mean,train_ML_rmse_std,test_ML_rmse_mean,test_ML_rmse_std
0.1,0.6934264983484761,0.004114959157991625,0.7218456173767244,0.011876671611417028
0.2,0.6905098027520495,0.0035461068639810783,0.7185980462863698,0.013148285444575523
0.3,0.702469683428036,0.004511178115515794,0.7365020776121833,0.016505946136185817
0.4,0.7059294471795514,0.004742789107309989,0.7383228294833872,0.015533668374494679
0.5,0.7087482064687993,0.003033422796378442,0.7421883085275318,0.012933179332895006
0.6,0.7164051125550408,0.003757759132732237,0.7567040721194731,0.013791723451077131
0.7,0.6941088571804425,0.006651271396925774,0.7252788086077974,0.00831509999198225
0.8,0.7495583828025971,0.005382961862876066,0.7904395033628484,0.014875570700009945
