,train_ML_rmse_mean,train_ML_rmse_std,test_ML_rmse_mean,test_ML_rmse_std
0.1,0.7650378154449765,0.0032816684451445503,0.7652655784514459,0.010657822720038563
0.2,0.7682526930315979,0.0030647584466852347,0.7673159740789706,0.009787527055839317
0.3,0.7712290327054205,0.004310965457377496,0.7704787642940515,0.007789037410800014
0.4,0.7687449610873048,0.002241642018674196,0.7673787729769277,0.009468073950174969
0.5,0.7824623252615324,0.00480549233143285,0.7791008440700308,0.0138095118045434
0.6,0.7966489276624632,0.003120615333035761,0.7983222267746531,0.017224794429111207
0.7,0.75698905601673,0.004155413796867668,0.7561660724479168,0.012726109404214528
0.8,0.8314351869355846,0.0047181101716113494,0.8324717302068996,0.016741475551350006
