,random,zero,Mean,MF,KNN,MICE,Missforest,XGB,OT,Hyper,GAIN,notmiwae,miwae,tabcsdi
concrete_compression,11.855356698911772,11.224787154943044,11.749730477086421,11.667516083428806,11.948979044402709,11.823226973749176,11.899640461206044,11.75676963816752,11.805810146215372,11.961717901021913,12.556576224097272,15.169034867328469,14.482435963951776,16.700872697696358
wine_quality_white,0.7593169509779503,0.7574182863875232,0.752288501559732,0.7519056239042123,0.7551319098260159,0.7558935380509814,0.7518666243401009,0.7550053738050844,0.7561660724479168,0.75326286820222,0.7756563538501797,0.8909790876796494,0.8817724711767438,0.8856324205224677
wine_quality_red,0.666853621418692,0.6548660707100199,0.6656539574970495,0.66644714187719,0.664108899765618,0.6631141991512363,0.6657081604897136,0.6630216944100848,0.6664160238067927,0.6642023688216139,0.6833905531367633,0.682685663204622,0.6780475752422694,0.8093148484131737
california,1.1131148005381397,0.7854990018827309,1.053426136142567,1.1148757810331325,0.9827503768831523,0.976235016897131,0.9690946121476962,0.9851522676337436,1.1071500811800739,0.9809155932542373,1.0753649911207586,1.498922258382898,1.3703427170612728,1.153993240804889
yacht_hydrodynamics,12.313409427542165,8.720894556437397,12.013739073587491,13.004318663195898,12.758927608068635,11.988300245375344,11.63133618008587,11.953785044356588,12.99356459326155,12.516023809792317,15.186928009106333,14.662421552920085,15.001485579706545,15.429035389105445
