,train_ML_f1_mean,train_ML_f1_std,test_ML_f1_mean,test_ML_f1_std
0.1,0.7721400876968593,0.05979840947127795,0.43839779122939204,0.029516002673092612
0.2,0.7967861262538029,0.045811421684130355,0.6606369798844158,0.024624297510083062
0.3,0.7636427383929483,0.07369785996665552,0.4043636635106525,0.009666559391619945
0.4,0.7870749861601878,0.04256513420658945,0.435354484160679,0.020824295310897366
0.5,0.7807616841671363,0.036570383118249894,0.42630107419827123,0.020743989714701146
0.6,0.6332842246958933,0.07977502475124087,0.39842406976903394,0.007541615391697323
0.7,0.7359120959749059,0.060224349677261785,0.450186615636614,0.015447643121306849
0.8,0.6320439382759874,0.0793014960144499,0.40139138482631254,0.009191967921965055
