,train_ML_f1_mean,train_ML_f1_std,test_ML_f1_mean,test_ML_f1_std
0.1,0.38281429107342774,0.007386605130855681,0.36403172789739835,0.03079516923160451
0.2,0.3311595061657029,0.04929725940245285,0.28604562602180544,0.039004300379228356
0.3,0.3030956767605383,0.02601042493915858,0.2646343295083679,0.024279420984342086
0.4,0.2766516686542348,0.03148801539617911,0.2616278405460885,0.028801615452461873
0.5,0.21028676101219196,0.01552660126163385,0.19656076675823378,0.03648875570475975
0.6,0.23021964605219022,0.03760468928457072,0.20962699745573304,0.027040240337008713
0.7,0.16541803387591267,0.021672665683368248,0.16631672227287103,0.02789876469861962
0.8,0.1453458616549441,0.01024947879770167,0.14850412140247357,0.023764799471813765
0.9,0.093694949443443,0.008510625642795512,0.11141010636180156,0.020006209751622064
