,train_ML_f1_mean,train_ML_f1_std,test_ML_f1_mean,test_ML_f1_std
0.1,0.7857322488295461,0.048312379593132386,0.7478171803945799,0.07090861468022568
0.2,0.7763015415264982,0.044035905578009335,0.7399107096613126,0.08078610876422836
0.3,0.7494163780563967,0.0726991524029353,0.7431122106710013,0.05874323499494287
0.4,0.7649032024978581,0.06163946336341375,0.7595778901900653,0.056877093442438686
0.5,0.7466941877570512,0.05153719280950026,0.708029895033567,0.08051574308741685
0.6,0.7242645823334832,0.07147224368494576,0.7379971293457607,0.08072351179959748
0.7,0.7276887131997395,0.04686995122632038,0.6587064464780796,0.025980253009524414
0.8,0.6424736222000659,0.022102650282852795,0.6244506708748194,0.019142925186709805
0.9,0.6333409223459292,0.057266095727527,0.5814678379112177,0.10093449850673751
