,train_ML_f1_mean,train_ML_f1_std,test_ML_f1_mean,test_ML_f1_std
0.1,0.8116784036308238,0.050314335075129814,0.8000129715245994,0.04153211782392401
0.2,0.8236977440057285,0.010061890458974028,0.8266412915250125,0.04272377257100739
0.3,0.8121342157291853,0.04626801044694117,0.8047727399984718,0.05435431250524259
0.4,0.787058667211679,0.022214428745266773,0.787161619463679,0.06956850597430635
0.5,0.8014008755472168,0.05767073608629296,0.7639181752225231,0.061044829505290894
0.6,0.7226388829701252,0.07462849299391876,0.776743460246695,0.043277299647999694
0.7,0.7113976293522766,0.08811572205352886,0.6588308175585877,0.04910275502961886
0.8,0.6940816919720276,0.03860538411364545,0.6398844962872797,0.023859824876581642
0.9,0.5950555545516403,0.03390351050565821,0.5806752443723815,0.08393020453841003
