,train_ML_f1_mean,train_ML_f1_std,test_ML_f1_mean,test_ML_f1_std
0.1,0.38152962918526756,0.03154564805668476,0.3544184601509409,0.024488603431654855
0.2,0.34056092668783117,0.03669580479090519,0.2997025300551849,0.03240149603855849
0.3,0.3033726858515048,0.029440034967407453,0.2649636229035654,0.03772138018959914
0.4,0.23306904963705394,0.01480460181678808,0.22909373933998886,0.03403083764849473
0.5,0.201926565725658,0.0223208643109469,0.19013579869728925,0.03152185704617463
0.6,0.2085270631755866,0.01936714716415129,0.18896279011002387,0.04176611129820695
0.7,0.1300439260068519,0.004155643842634478,0.1344286211937704,0.009450079375471685
0.8,0.13663801740194875,0.010537672245407135,0.1311855883719084,0.021619815369771842
0.9,0.06816046822555351,0.00605676313753211,0.0676463067886206,0.014786138953970969
