,train_ML_f1_mean,train_ML_f1_std,test_ML_f1_mean,test_ML_f1_std
0.1,0.5326526771737718,0.050411714783686765,0.47750461665456057,0.06548213907446315
0.2,0.47203659526515374,0.04467722642391439,0.4197265684208543,0.03115120279879926
0.3,0.39484676824651677,0.035254763103075216,0.3261577403975866,0.03064470062725308
0.4,0.3111512799176267,0.011607196214622872,0.2707271328825481,0.037265693215066946
0.5,0.24889396706027936,0.027931734765684953,0.1895495075293475,0.021652735739949976
0.6,0.24841286371399027,0.026380445311238853,0.20868934944357234,0.04186719782176566
0.7,0.16800988976054057,0.017955329448818218,0.13520481794949604,0.020782105089306266
0.8,0.19615006071261182,0.03475028589820506,0.12827781614562586,0.01565275876760775
0.9,0.06975181666908821,0.0032613659415334263,0.06895611395152826,0.007612852840563208
