,train_ML_f1_mean,train_ML_f1_std,test_ML_f1_mean,test_ML_f1_std
0.1,0.5074370302382859,0.03989452712427476,0.46234906755497107,0.07669122060775053
0.2,0.44043550766707656,0.03219722157666843,0.41014416521254987,0.023062401793633985
0.3,0.3899794600270417,0.033919714706020086,0.3339531958466376,0.021362938689260928
0.4,0.3447045856696903,0.01730949507816518,0.27905446348554447,0.028912765977644136
0.5,0.2778415801678388,0.02768717344710151,0.21209853077613494,0.016551026009411933
0.6,0.27345542074615936,0.016309110187642844,0.24113886017571112,0.03589229278605193
0.7,0.22449360258887507,0.028144975954139114,0.1690244287884942,0.02191883356895237
0.8,0.22167064312269566,0.03931569547815256,0.15980080905056265,0.020820085700055987
0.9,0.08121667548303926,0.019610383737878247,0.07004866699139203,0.016360955617640678
