,random,zero,Mean,MF,KNN,MICE,Missforest,XGB,OT,Hyper,GAIN,notmiwae,miwae,tabcsdi
concrete_compression,14.757624171681192,14.533459667693933,12.902209002218308,13.188773569146695,12.961643227670118,12.81380024780922,12.756788713609359,12.706743013779354,13.362342273461156,12.687013808996925,13.738587155212338,13.797626585307333,14.014760735487346,16.782140001361547
wine_quality_white,0.8393721246882198,0.7957541231236369,0.7710121962818045,0.7765786086245209,0.7715908692547733,0.7587166917606634,0.7591668594059608,0.8636755895037679,0.7989377196674643,0.7526901883903285,0.8340980571580662,0.7886715496853469,0.7835610979562698,0.9053192166837155
wine_quality_red,0.7352022443214284,0.7018211176280819,0.6736553342360974,0.6736766237995524,0.6988444500112001,0.6676550903596599,0.6662721273020186,0.7996676691540574,0.7066525730402514,0.6715295546099753,0.6995252454407082,0.6834613241601047,0.6854646327481506,0.8583613813461314
california,0.9789630332268302,0.8366662365794839,0.8786789003795554,0.8902051138236349,1.0195404151173242,0.8467696494539402,0.8331802177884763,0.8537132360427911,0.925352158997031,0.7862461364488056,0.8717359285831676,0.9681840701464003,0.9603793289483364,1.1258138163084095
yacht_hydrodynamics,14.183646396990857,13.459376263679626,13.348652932278009,13.544246114921112,13.819296282405338,13.412887935969774,13.396931357683666,13.430630171496343,13.57666062200733,13.481342846132586,14.981980912352924,16.403178581561292,16.4459036950804,15.971975764872312
