,random,zero,Mean,MF,KNN,MICE,Missforest,XGB,OT,Hyper,GAIN,notmiwae,miwae,tabcsdi
concrete_compression,16.35996087770182,15.902252753758068,15.155855803963911,15.595187461429187,15.474553790352868,14.995113287873178,15.524097603124156,15.180362793340446,15.859391370422784,15.535576612521925,15.567778915657447,16.013959485538543,15.370279119755963,16.636886986007795
wine_quality_white,0.899820750436691,0.8514721786035715,0.8422068722041056,0.8507667617551856,0.8565297329195435,0.8382494085595822,0.8407782754714457,0.8422068722041056,0.8719920138500965,0.8528366342636335,0.853637067275605,0.8514887279588793,0.8504491883860517,0.9033465064790906
wine_quality_red,0.8240606477403771,0.7831924720533305,0.7566318393848139,0.7744402292379682,0.7990192605865096,0.7570209638023847,0.7706205323321151,0.7566318393848139,0.8111008175938024,0.770500586527967,0.785993385036589,0.7596912815769914,0.7542251490473941,0.862738293126923
california,1.166065757696358,1.0594137666946426,1.0662000450558737,1.0840767263415956,1.1138598815961651,1.0545263446336286,1.0403486807053606,1.0675404697881339,1.1130282534764124,1.0819231602944122,1.0943242617293456,1.109631190205657,1.1122298562575446,1.1953533152816684
yacht_hydrodynamics,16.544376012405134,16.258549691176093,15.933568667795976,16.11982162531943,16.138743648299535,15.98017930997971,16.229377556084266,15.904869539422231,16.21486894998145,16.56221547500253,16.43269858385616,16.521412175545464,16.4991834529801,16.631859057646814
