,random,zero,Mean,MF,KNN,MICE,Missforest,XGB,OT,Hyper,GAIN,notmiwae,miwae,tabcsdi
concrete_compression,17.08251691503698,16.2955613360564,16.12670559287238,16.6508817738917,16.207457613285722,15.914730105673673,15.836513041190184,15.935686493148424,16.413041971090305,15.961366505779335,15.818319101029882,16.5072142073563,16.386284221685116,56197.76653024356
wine_quality_white,0.8845947183934566,0.8524879645545871,0.8498336801632356,0.8557002427340688,0.8586182059501091,0.8433740187274678,0.8504843630491375,0.8498336801632356,0.8679057163237405,0.8558922950326323,0.8674018058864519,0.8559487580713029,0.8548725928798582,28001.23002762334
wine_quality_red,0.8052743455742613,0.7887357668168946,0.7853541171241052,0.7819839343057441,0.8031673035085805,0.7873506438992004,0.775467667296541,0.7853541171241052,0.8127533517830701,0.7839684059148144,0.7989202668264351,0.797934489777956,0.7961650433008759,65766.26646846731
california,1.132300426117995,1.024871215895312,1.0176698260030395,1.0516112430374673,1.077037795498413,1.028584755514309,1.0068474238970504,1.0541133616114018,1.0833347917930067,1.056320943944955,1.0536345722629608,1.0854894963398216,1.0839303816713937,3520.312365437539
yacht_hydrodynamics,15.116040689163146,14.981036085937202,14.858563651571739,14.920840107520016,14.990312344231622,14.940621283152435,14.741837126263501,14.877173671645792,14.887875246485061,15.023884666813723,15.21458037159806,15.09817222224616,15.086169890695208,54637.66288569857
