,train_ML_rmse_mean,train_ML_rmse_std,test_ML_rmse_mean,test_ML_rmse_std
0.1,0.7413362909012472,0.00956347483722333,0.829996830670097,0.01471922487937199
0.2,0.7492385792892524,0.009006141797987689,0.9399674836327663,0.024769374831206312
0.3,0.7644914249002397,0.012744559680785975,1.088510034167206,0.041182980943533856
0.4,0.7634157066135696,0.013798570326656212,1.284025233172709,0.02360217880457362
0.5,0.7768343626722245,0.013256867731894249,1.4346226066404753,0.04485365377633697
0.6,0.8096968591355406,0.014074766447112832,1.70740760034009,0.07850241026831788
0.7,0.8327316044454672,0.02955982316839787,1.9518271019525515,0.0962536976952731
0.8,0.789490024579733,0.010964182930829531,2.186470106323749,0.12557710048627002
0.9,0.8732784348936267,0.05516472000354654,2.4563833730594777,0.14500290171598487
