,train_rmse_mean,train_rmse_std,train_mae_mean,train_mae_std,test_rmse_mean,test_rmse_std,test_mae_mean,test_mae_std
0.3,0.12949541,0.0009535053,0.086055085,0.0010816858,0.13153653,0.0091393115,0.08704549,0.0072004437
0.5,0.12871642,0.00069507066,0.08701108,0.0007390643,0.13308252,0.009232751,0.08937992,0.0072962805
0.7,0.12756553,0.0010115264,0.084801696,0.00064165844,0.13208386,0.007445952,0.08775356,0.0053180186
