,train_ML_rmse_mean,train_ML_rmse_std,test_ML_rmse_mean,test_ML_rmse_std
0.1,0.7096280619237127,0.01121325809869555,0.718926397028576,0.009686232555804721
0.2,0.718353452144793,0.010428659056278383,0.7383586877140342,0.013385899817983821
0.3,0.7165929126099655,0.012262395033343126,0.7582998689245846,0.01838599264313463
0.4,0.7263447602641306,0.012471798101997406,0.7736454244118423,0.01534106086042128
0.5,0.7377620968964477,0.006719733533374583,0.7953676735542512,0.013875878202931766
0.6,0.7505861433863407,0.013042844922859233,0.8423482500932703,0.017883856209986133
0.7,0.764515456078379,0.013577753749986295,0.8782760044874399,0.02675171886758779
0.8,0.8067078696164387,0.007712539491031308,0.9144754551815965,0.04752150525634661
0.9,0.8296993864904951,0.010442288625910108,0.9856922998659808,0.06918776459183171
