,train_ML_f1_mean,train_ML_f1_std,test_ML_f1_mean,test_ML_f1_std
0.1,0.5091023223151597,0.011949671456220758,0.47721019062491743,0.014877878717271165
0.2,0.5018433569635039,0.016103088760351693,0.4994855728289437,0.05093576235458188
0.3,0.499447174798583,0.016876514219701943,0.47093416987370684,0.022819413399484418
0.4,0.4915533370458176,0.024076610222847926,0.4886110820350697,0.0425471356506145
0.5,0.48081260977065154,0.014498749097758772,0.45346232384458085,0.023364822433660934
0.6,0.49160570778663526,0.004836580485730711,0.4883359619822218,0.030115040211346523
0.7,0.4958693736573972,0.0204617889498432,0.4590002718672047,0.023551498463407056
0.8,0.476310813646463,0.014621929954389531,0.4757937648440119,0.051844797945301245
0.9,0.5042565614735423,0.016188150608001748,0.4690375565568553,0.058740166989075436
