,train_ML_f1_mean,train_ML_f1_std,test_ML_f1_mean,test_ML_f1_std
0.1,0.5509958237761425,0.016477947855869618,0.5201861589140881,0.0708660481670981
0.2,0.9001838583730569,0.14474004672102245,0.4990657482425765,0.03166186972518188
0.3,0.8859984768856914,0.13938824111689282,0.5350847413498028,0.019583863077502303
0.4,0.6811995287213412,0.1226894070730672,0.5037499215651169,0.030477965452016646
0.5,0.8569404178386693,0.17522547510993064,0.5103576894099996,0.05901614158691787
0.6,0.9930288057565473,0.010353548162405666,0.5066443324447977,0.03773335460382205
0.7,0.9637836558325004,0.03128947367945422,0.47692531480677375,0.033875986012331195
0.8,0.869635018933063,0.13185646294847694,0.4900006284842598,0.03133684233354016
0.9,0.6811317645989232,0.09651772884632127,0.5094801502337745,0.023223286392577636
