,RD,ZR,Mean,KNN,MF,Mice,MisF,XGB,OT,HI,GAIN,Mi,NMi,CSDI
0.3,0.4329,0.41865,0.22447,0.2116,0.25228,0.18567,0.20434,0.1891,0.24394,0.18393,0.24586,0.18545,0.18145,0.26152
0.5,0.43123,0.4194,0.22386,0.23321,0.25773,0.20421,0.22027,0.26192,0.24613,0.20412,0.26066,0.20299,0.20378,0.26618
0.7,0.42874,0.42307,0.22566,0.24555,0.25842,0.22959,0.25371,0.26882,0.24604,0.24108,0.30774,0.22023,0.22433,0.27466
