,train_rmse_mean,train_rmse_std,train_mae_mean,train_mae_std,test_rmse_mean,test_rmse_std,test_mae_mean,test_mae_std
0.3,0.21214962,0.003330201,0.16788733,0.0031466894,0.23624961,0.012800569,0.18647319,0.011447222
0.5,0.22111002,0.002883198,0.17571558,0.0016610882,0.23012686,0.011083284,0.18250707,0.007299867
0.7,0.21867867,0.0018477677,0.1736689,0.0019575553,0.22361276,0.009936257,0.17756884,0.009146717
