,random,zero,mean,knn,mice,XGB,missforest,mf,hyper,gain,notmiwae,miwae,tabcsdi,ot
0.3,0.42808 ± 0.001,0.29412 ± 0.001,0.19139 ± 0.043,0.19139 ± 0.043,0.19139 ± 0.043,0.19139 ± 0.043,0.19139 ± 0.043,0.12771 ± 0.008,0.13141 ± 0.040,0.32429 ± 0.037,7.86501 ± 0.916,0.34743 ± 0.093,0.11236 ± 0.003,0.16575 ± 0.033
0.5,0.40109 ± 0.001,0.30822 ± 0.001,0.20381 ± 0.036,0.20381 ± 0.036,0.20381 ± 0.036,0.20381 ± 0.036,0.20381 ± 0.036,0.13281 ± 0.007,0.16188 ± 0.042,0.36337 ± 0.068,8.34844 ± 1.211,0.31939 ± 0.070,0.11842 ± 0.002,0.19115 ± 0.036
0.7,0.44520 ± 0.001,0.24770 ± 0.002,0.17580 ± 0.031,0.17580 ± 0.031,0.17580 ± 0.031,0.17580 ± 0.031,0.17580 ± 0.031,0.15169 ± 0.006,0.13403 ± 0.039,0.29586 ± 0.060,7.83932 ± 2.905,0.22862 ± 0.031,0.10113 ± 0.003,0.16867 ± 0.031
