,RD,ZR,Mean,KNN,MF,Mice,MisF,XGB,OT,HI,GAIN,Mi,NMi,CSDI
0.3,0.42808,0.29412,0.19139,0.19139,0.12771,0.19139,0.19139,0.19139,0.16575,0.13141,0.32429,0.34743,7.86501,0.11236
0.5,0.40109,0.30822,0.20381,0.20381,0.13281,0.20381,0.20381,0.20381,0.19115,0.16188,0.36337,0.31939,8.34844,0.11842
0.7,0.4452,0.2477,0.1758,0.1758,0.15169,0.1758,0.1758,0.1758,0.16867,0.13403,0.29586,0.22862,7.83932,0.10113
