,train_rmse_mean,train_rmse_std,train_mae_mean,train_mae_std,test_rmse_mean,test_rmse_std,test_mae_mean,test_mae_std
0.1,0.22037228665316116,0.0019209229626880665,0.1775041188280301,0.0014696411866482449,0.218651166638049,0.009481708264143658,0.17700016068850627,0.006258349715081177
0.2,0.2237734137900765,0.002516346791694922,0.1815227156114406,0.002169071767807201,0.22284521202006066,0.00805401229487412,0.18068327053359542,0.008040326735800808
0.3,0.2165167137291298,0.0025875438779085222,0.1748339218742077,0.0023367934305143934,0.21563248310384422,0.004881730113488163,0.1738966126277691,0.003875376815116043
0.4,0.21887384991246295,0.000978643967164717,0.17520446570206938,0.00104615153114705,0.21707310148393053,0.003668215925846648,0.17424479651169245,0.0031046025415503425
0.5,0.21873406429600176,0.0010756110514367047,0.17539800573978193,0.000466686388682732,0.21781072768835577,0.001426567076824262,0.17480970355280404,0.0014629340093161897
0.6,0.22370182957089219,0.0011514331182869647,0.17936202102578597,0.0008709708627551411,0.22205282965223522,0.0048272101688933925,0.17858334283345695,0.004598771524352111
0.7,0.22200506200396478,0.0016259545200371652,0.1777414393860158,0.0016300860497478174,0.21985825544799864,0.004752746241393826,0.1768517697050539,0.003770152074779022
0.8,0.21924934513406638,0.0013135647630814148,0.17611169016877748,0.0017173865756968925,0.21931856393114177,0.004814518972203941,0.17565142374093579,0.0023874644054647787
0.9,0.2210662118015012,0.001633322399456296,0.17572426594292084,0.0009009005302669169,0.2198980940543239,0.00355588331548192,0.1745790305757438,0.0017826619253819014
