,train_ML_rmse_mean,train_ML_rmse_std,test_ML_rmse_mean,test_ML_rmse_std
0.1,13.592899996867624,0.16680207891928675,13.554805477036577,0.43383079178937384
0.2,14.567432352065392,0.12213250323473387,14.391969427332445,0.7417470875128509
0.3,15.2017098880941,0.2248913233794838,15.263988354116805,0.6866492972906704
0.4,15.491006533588394,0.20500314997290955,15.4461588097486,0.36856193739091586
0.5,16.136623975870105,0.09597225732108541,16.17943874212537,0.5902247267328908
0.6,16.516117868334206,0.11359051506695153,16.53194420500955,0.6448871498017155
0.7,16.31646232875072,0.18313451857120358,16.413041971090305,0.640691732821226
0.8,16.82461343894769,0.1021346806102028,16.802754056640126,0.5622962151976858
0.9,16.770966450144712,0.16683791535568662,16.871275875375755,0.7194994373162943
