,train_ML_rmse_mean,train_ML_rmse_std,test_ML_rmse_mean,test_ML_rmse_std
0.1,11.548117942140703,0.13501876126508178,11.779330111461837,0.5826461196037805
0.2,12.524962033340094,0.1830313508396876,12.481102165921424,0.6853370351509109
0.3,13.063390607398153,0.252636852863511,13.362342273461156,0.711549256239
0.4,13.730485921781073,0.2686952193927749,14.016248750800198,0.6398182432024776
0.5,14.727933477113762,0.06414335924656003,14.935225414804226,0.6099943902760567
0.6,15.36091194584995,0.18927638671776573,15.647565733638865,0.4665790948173963
0.7,15.54165314551401,0.17587077523784836,15.859391370422784,0.7224894154279465
0.8,16.259654943337686,0.12280143480147142,16.44638618416373,0.5919364851893747
0.9,16.520425159557124,0.12349851746307658,16.65698201534123,0.705289902319653
