,train_ML_rmse_mean,train_ML_rmse_std,test_ML_rmse_mean,test_ML_rmse_std
0.1,0.6730129350512968,0.0019048201696990578,0.6751914679664788,0.007338282259672712
0.2,0.6778294220834385,0.0019590910144539,0.6798103571468926,0.006805211131244483
0.3,0.6740376214144305,0.0018707212330575046,0.6761852053149244,0.006709400892965151
0.4,0.6747241567895857,0.0019316148167851026,0.6769114530548418,0.006953686124552479
0.5,0.6775697093278252,0.0019393513043172183,0.6798129332610051,0.00714555411779303
0.6,0.873427050364516,0.006151000985881068,0.8746364040564372,0.007703788066880502
0.7,0.8934144198838088,0.013594970030619772,0.8929089172102689,0.02764384769431225
0.8,0.8806369552878811,0.003973871187386706,0.8832705787311547,0.007836935018080103
