,train_ML_rmse_mean,train_ML_rmse_std,test_ML_rmse_mean,test_ML_rmse_std
0.1,0.5918737594177661,0.003018217464763844,0.6459136005824208,0.02156034895144903
0.2,0.6037462789860866,0.0034527502791330015,0.6658779838553966,0.016590466794205026
0.3,0.6131485643645013,0.0046697539615379756,0.6715295546099753,0.018501583106754253
0.4,0.6474080297054521,0.005416405589090866,0.6947706649909398,0.024607307133940888
0.5,0.6665818035042461,0.006889863826933397,0.7128562609383962,0.0309564195728965
0.6,0.6803062503808158,0.0052414682093902334,0.7331990361743462,0.030524951684092375
0.7,0.7353055125763964,0.012070664115950406,0.770500586527967,0.02370357508292489
0.8,0.7717295656232601,0.006038007290430857,0.8209077829354354,0.039959864203944796
0.9,0.8114492961488142,0.007553568612781512,0.8511065069312693,0.028278332497898812
