,train_ML_rmse_mean,train_ML_rmse_std,test_ML_rmse_mean,test_ML_rmse_std
0.1,0.6760321646333705,0.007122524106064179,0.7272643606901831,0.003967052847345737
0.2,0.6780304520366442,0.007305996418249604,0.7701901024912926,0.007938134354189228
0.3,0.6896723645243499,0.005988305173319801,0.8682396568906283,0.019098794648816204
0.4,0.7009361019828646,0.027578898593052462,0.9025184453217996,0.018243032065246686
0.5,0.6926779678431904,0.007852639023059278,0.9324863446792783,0.02954583127299753
0.6,0.7252270824960609,0.031144196329314783,1.0978777447347432,0.05437896520567913
0.7,0.7212785723086752,0.01185829939221868,1.144086239150672,0.03579274249408756
0.8,0.7884292167123219,0.015826521628235325,1.212329025529313,0.06535214731133389
0.9,0.8887178272821649,0.04988955275258402,1.3261262560328677,0.13593115039137474
