,train_ML_rmse_mean,train_ML_rmse_std,test_ML_rmse_mean,test_ML_rmse_std
0.1,0.7305600135448291,0.00824257176771181,0.7670633565306824,0.006423748507472312
0.2,0.7317670183142405,0.008154728998633516,0.7954827578118451,0.010136419348781255
0.3,0.737224882370178,0.009134615471828708,0.8616588949795382,0.012262675405835184
0.4,0.7529687397289446,0.02020439773685554,0.9117484943979278,0.034981758368644526
0.5,0.7495013217668337,0.008885136892594136,0.9252933326809003,0.015106106183129043
0.6,0.7689405968865028,0.015219753667544843,1.050795858014671,0.021749174203208828
0.7,0.7802923716285861,0.01916639822280366,1.0682722192640972,0.02499239149464438
0.8,0.8393852811827944,0.0330805056788935,1.1228993534977465,0.03300934540838926
0.9,0.9145855142069823,0.0516487636447371,1.2664802482502098,0.10989199206585225
