,train_ML_f1_mean,train_ML_f1_std,test_ML_f1_mean,test_ML_f1_std
0.1,0.5098037562529693,0.05447169466030072,0.49152688623562035,0.05871942018594193
0.2,0.42866468677356595,0.03942494198041178,0.38956734680568067,0.0681596117175065
0.3,0.390065330857374,0.05399168066168144,0.2755547370494737,0.0363163316902318
0.4,0.31730143797793514,0.0513758941562769,0.2848709115665814,0.030541321896625298
0.5,0.23020860731933662,0.03970031604672825,0.2309067988603421,0.03442792765300039
0.6,0.25995052266267515,0.05105569635850997,0.24534494795989695,0.029171803918126068
0.7,0.1481100226735534,0.011752325270076785,0.1940700846791769,0.055493762298702655
0.8,0.15854927346533929,0.04566227738034175,0.16831724343284762,0.04225763431198742
0.9,0.08768327406391499,0.017035864581842555,0.10966153488919524,0.01583211711948526
