,train_ML_f1_mean,train_ML_f1_std,test_ML_f1_mean,test_ML_f1_std
0.1,0.3851629028178083,0.006753020000891882,0.3642355161845295,0.03417663556951998
0.2,0.3251935370591673,0.04395979218278657,0.29157132971873095,0.02800435302410946
0.3,0.2639595260252926,0.020315424303298763,0.25812885482420056,0.03247856857066355
0.4,0.27776055968244484,0.021041084758745637,0.2558840572985527,0.031787859095186485
0.5,0.20123654349500392,0.013024454107755466,0.20355739162715625,0.02986173602231011
0.6,0.23940882105083397,0.05058274539552288,0.21038205303625812,0.040234069518500344
0.7,0.1882345856491094,0.012761295355211814,0.16290637364841792,0.026428949834969854
0.8,0.15416232843151628,0.026226707414554108,0.16078099474472313,0.04280516469961708
0.9,0.09522427718490231,0.013603158851266462,0.1111193243926198,0.015002528687376943
