,train_ML_rmse_mean,train_ML_rmse_std,test_ML_rmse_mean,test_ML_rmse_std
0.1,16.535286615332623,1.822347207672449,16.14983695491464,1.7568818050138981
0.2,16.508554484975853,1.826162310595443,15.258941805020427,1.6748564872124772
0.3,16.455824402645412,1.7550340760323853,16.2367089562696,1.901491927421363
0.4,16.614866379192808,1.7173542307057046,15.015243308611252,1.5848798160384827
0.5,16.418953317478007,1.7729828400358125,15.96608389200669,1.5969205195939236
0.6,16.567616171328535,1.8720023065224043,16.111258172056246,1.6663025995283283
0.7,16.662856906584665,1.767635070815,15.022561317268933,1.567425694370432
0.8,16.4780464475867,1.7316611648342046,16.10701610413176,1.7297429802391968
