,train_ML_rmse_mean,train_ML_rmse_std,test_ML_rmse_mean,test_ML_rmse_std
0.1,14.569772459337415,1.5787876982303908,15.109374559859896,1.4263476816055476
0.2,14.587440213285257,1.5483973683007086,15.161039641840238,1.4107218249580908
0.3,14.555805335392884,1.5962250197291425,15.097639320712801,1.49670587813236
0.4,14.574428401344244,1.60180717560613,15.48460697937187,1.3542806496832154
0.5,14.605073225480009,1.532562104693787,15.073480225852819,1.3700146999155398
0.6,14.738256683822152,1.6402829086968693,15.069415789189566,1.5035874782224987
0.7,14.779783709416558,1.640300184407037,15.703735163265765,1.2704112656852904
0.8,14.827311169247423,1.6675883279647419,15.10310938327753,1.436689265955196
