,train_ML_rmse_mean,train_ML_rmse_std,test_ML_rmse_mean,test_ML_rmse_std
0.1,12.57069510646254,1.5797075365889344,15.190779857809783,1.3362184635344663
0.2,12.359868567664238,1.8451533879618613,15.709215729109669,1.107394384206414
0.3,12.056214910693635,0.955265109475472,15.15831907300776,1.5091919563287854
0.4,13.316142314566502,0.8936399607207928,17.56458235022639,0.7649293524604898
0.5,11.262742402369994,1.2731434375547706,15.05930622063461,1.1450115036658488
0.6,13.080728566353358,1.834026756456686,15.038467821083355,1.4653815707083868
0.7,13.98233609613635,0.8207703955321882,18.66964082384935,0.7376285360290303
0.8,12.853554725921459,0.806463753187441,14.987470421897243,1.4319829939410458
