,random,zero,mean,knn,mice,XGB,missforest,mf,hyper,gain,notmiwae,miwae,tabcsdi,ot
0.1,0.73344,0.79632,0.74415,0.72802,0.74415,0.74415,0.74415,0.74126,0.73852,0.73350,0.47769,0.47769,0.49182,0.74689
0.2,0.61401,0.78222,0.63706,0.61086,0.63706,0.65482,0.63706,0.64120,0.63706,0.64710,0.47769,0.47769,0.49283,0.64710
0.3,0.62202,0.79027,0.51570,0.49713,0.51570,0.51570,0.51245,0.51622,0.51622,0.52935,0.47769,0.47769,0.47940,0.51411
0.4,0.60376,0.78342,0.47716,0.47666,0.47716,0.47716,0.47716,0.49301,0.47716,0.50620,0.47769,0.47769,0.46412,0.50620
0.5,0.67556,0.78550,0.55617,0.52970,0.55568,0.56027,0.54956,0.55737,0.54476,0.54907,0.47769,0.47769,0.48926,0.56702
0.6,0.68076,0.72196,0.47716,0.47716,0.47716,0.47716,0.47716,0.47716,0.49043,0.49191,0.47769,0.47769,0.48016,0.47666
0.7,0.56744,0.70830,0.53163,0.52829,0.53395,0.53858,0.52554,0.52679,0.52683,0.53717,0.47769,0.47769,0.50445,0.52327
0.8,0.66933,0.67358,0.60066,0.57456,0.60066,0.57508,0.60286,0.59199,0.57707,0.59032,0.47769,0.47769,0.50539,0.60415
