,random,zero,mean,knn,mice,XGB,missforest,mf,hyper,gain,notmiwae,miwae,tabcsdi,ot
0.1,0.56503,0.62168,0.58088,0.58088,0.58088,0.58088,0.58088,0.58088,0.58088,0.59454,0.47769,0.47769,0.38308,0.58088
0.2,0.55626,0.69418,0.50037,0.51622,0.50037,0.52941,0.50037,0.50037,0.50037,0.57887,0.47769,0.47769,0.39249,0.51622
0.3,0.54311,0.70096,0.51622,0.50037,0.51622,0.51622,0.51622,0.51622,0.51622,0.52988,0.47769,0.47769,0.41182,0.51622
0.4,0.61624,0.72885,0.50620,0.47716,0.50620,0.50672,0.50620,0.50620,0.50620,0.50620,0.47769,0.47769,0.40210,0.50672
0.5,0.61336,0.69399,0.55659,0.53538,0.55659,0.55909,0.54333,0.55859,0.55961,0.54872,0.47769,0.47769,0.41331,0.58127
0.6,0.58897,0.74588,0.50476,0.50476,0.50476,0.50476,0.50476,0.50476,0.50476,0.50476,0.47769,0.47769,0.38834,0.50719
0.7,0.55884,0.64187,0.53897,0.53299,0.53897,0.54147,0.53094,0.53527,0.52466,0.53009,0.47769,0.47769,0.43490,0.55405
0.8,0.64430,0.60444,0.66839,0.65400,0.66839,0.65949,0.66665,0.60796,0.62993,0.61354,0.47769,0.47769,0.43903,0.62525
