,random,zero,mean,knn,mice,XGB,missforest,mf,hyper,gain,notmiwae,miwae,tabcsdi,ot
0.1,0.52306 ± 0.058,0.54078 ± 0.086,0.51622 ± 0.048,0.53346 ± 0.047,0.51622 ± 0.048,0.51572 ± 0.048,0.51572 ± 0.048,0.51572 ± 0.048,0.51572 ± 0.048,0.51300 ± 0.044,0.47769 ± 0.006,0.47769 ± 0.006,0.47769 ± 0.006,0.51572 ± 0.048
0.2,0.49765 ± 0.042,0.54131 ± 0.086,0.49353 ± 0.029,0.49353 ± 0.029,0.49353 ± 0.029,0.49353 ± 0.029,0.51622 ± 0.048,0.49353 ± 0.029,0.49353 ± 0.029,0.51622 ± 0.048,0.47769 ± 0.006,0.47769 ± 0.006,0.47769 ± 0.006,0.49353 ± 0.029
0.3,0.47508 ± 0.008,0.54131 ± 0.086,0.49353 ± 0.029,0.49353 ± 0.029,0.49353 ± 0.029,0.49353 ± 0.029,0.49353 ± 0.029,0.49353 ± 0.029,0.49353 ± 0.029,0.50719 ± 0.056,0.47769 ± 0.006,0.47769 ± 0.006,0.47769 ± 0.006,0.50719 ± 0.056
0.4,0.57773 ± 0.072,0.54131 ± 0.086,0.47716 ± 0.007,0.47716 ± 0.007,0.47716 ± 0.007,0.47716 ± 0.007,0.47716 ± 0.007,0.47716 ± 0.007,0.47716 ± 0.007,0.47716 ± 0.007,0.47769 ± 0.006,0.47769 ± 0.006,0.47769 ± 0.006,0.49301 ± 0.029
0.5,0.53068 ± 0.067,0.52306 ± 0.058,0.49278 ± 0.038,0.47257 ± 0.007,0.49278 ± 0.038,0.49607 ± 0.043,0.49825 ± 0.049,0.47513 ± 0.007,0.50959 ± 0.042,0.49276 ± 0.039,0.47769 ± 0.006,0.47769 ± 0.006,0.47769 ± 0.006,0.49899 ± 0.056
0.6,0.47611 ± 0.008,0.47769 ± 0.006,0.47769 ± 0.006,0.47666 ± 0.007,0.47769 ± 0.006,0.47718 ± 0.006,0.47718 ± 0.006,0.47718 ± 0.006,0.47769 ± 0.006,0.47769 ± 0.006,0.47769 ± 0.006,0.47769 ± 0.006,0.47769 ± 0.006,0.47718 ± 0.006
0.7,0.54476 ± 0.063,0.47769 ± 0.006,0.47769 ± 0.006,0.47769 ± 0.006,0.47769 ± 0.006,0.47769 ± 0.006,0.47769 ± 0.006,0.47769 ± 0.006,0.47769 ± 0.006,0.47769 ± 0.006,0.47769 ± 0.006,0.47769 ± 0.006,0.47769 ± 0.006,0.47769 ± 0.006
0.8,0.54806 ± 0.065,0.47769 ± 0.006,0.57650 ± 0.079,0.55211 ± 0.075,0.57650 ± 0.079,0.56889 ± 0.065,0.56596 ± 0.092,0.53202 ± 0.071,0.57754 ± 0.081,0.56099 ± 0.089,0.47769 ± 0.006,0.47769 ± 0.006,0.47769 ± 0.006,0.55451 ± 0.074
