,random,zero,mean,knn,mice,XGB,missforest,mf,hyper,gain,notmiwae,miwae,tabcsdi,ot
0.1,0.52306,0.54078,0.51622,0.53346,0.51622,0.51572,0.51572,0.51572,0.51572,0.51300,0.47769,0.47769,0.47769,0.51572
0.2,0.49765,0.54131,0.49353,0.49353,0.49353,0.49353,0.51622,0.49353,0.49353,0.51622,0.47769,0.47769,0.47769,0.49353
0.3,0.47508,0.54131,0.49353,0.49353,0.49353,0.49353,0.49353,0.49353,0.49353,0.50719,0.47769,0.47769,0.47769,0.50719
0.4,0.57773,0.54131,0.47716,0.47716,0.47716,0.47716,0.47716,0.47716,0.47716,0.47716,0.47769,0.47769,0.47769,0.49301
0.5,0.53068,0.52306,0.49278,0.47257,0.49278,0.49607,0.49825,0.47513,0.50959,0.49276,0.47769,0.47769,0.47769,0.49899
0.6,0.47611,0.47769,0.47769,0.47666,0.47769,0.47718,0.47718,0.47718,0.47769,0.47769,0.47769,0.47769,0.47769,0.47718
0.7,0.54476,0.47769,0.47769,0.47769,0.47769,0.47769,0.47769,0.47769,0.47769,0.47769,0.47769,0.47769,0.47769,0.47769
0.8,0.54806,0.47769,0.57650,0.55211,0.57650,0.56889,0.56596,0.53202,0.57754,0.56099,0.47769,0.47769,0.47769,0.55451
