,train_ML_rmse_mean,train_ML_rmse_std,test_ML_rmse_mean,test_ML_rmse_std
0.1,0.8881656193919991,0.04464246435568511,0.7884928531087096,0.02064481028601094
0.2,0.9470989724465602,0.04869242460807644,0.7998125024002072,0.01570491491748701
0.3,0.8765131520422464,0.011921896859851016,0.8260310671688827,0.012064088375014
0.4,0.8977350879304563,0.014224526831229474,0.8216113625273931,0.022639168365463955
0.5,0.8834201967620203,0.026679388263509414,0.791330056846838,0.025247779749205043
0.6,1.1780784771831954,0.16842683954957136,0.9076614227033085,0.04084133248318567
0.7,0.9619363033141719,0.0982955550079616,0.8183628405846142,0.005046597661859784
0.8,1.3825176217563293,0.1700191001083974,1.0637079114716983,0.037922322603768675
