,train_rmse_mean,train_rmse_std,train_mae_mean,train_mae_std,test_rmse_mean,test_rmse_std,test_mae_mean,test_mae_std
0.1,0.37568107,0.010096407,0.30969405,0.0076911342,0.37071806,0.014710287,0.30078083,0.013293585
0.2,0.3587869,0.013144156,0.29599127,0.010577214,0.358909,0.010768795,0.29554847,0.0072129923
0.3,0.34305248,0.0067229415,0.2845163,0.0051468033,0.3401827,0.0032484105,0.28239465,0.005360886
0.4,0.33605698,0.0053449934,0.28142813,0.004764308,0.3341022,0.007201544,0.27852452,0.0065129334
0.5,0.34432557,0.008121632,0.2864683,0.004807465,0.34651893,0.009856961,0.28715962,0.0068628616
0.6,0.38710594,0.0052193697,0.3157863,0.0037134113,0.38676816,0.012503399,0.31622738,0.009738991
0.7,0.40897852,0.014924173,0.33442506,0.011820958,0.41023225,0.017356688,0.3350428,0.014834157
0.8,0.40614462,0.029679835,0.33225152,0.024172863,0.47383958,0.021236964,0.3911959,0.020497648
0.9,0.42979154,0.014670064,0.35191965,0.012775947,0.5751268,0.005633013,0.4968915,0.005607489
