,train_ML_f1_mean,train_ML_f1_std,test_ML_f1_mean,test_ML_f1_std
0.1,0.8018421671155629,0.028771585369390864,0.7264738940185599,0.1263796872657298
0.2,0.7090109926906317,0.026365938131651157,0.6088977912914821,0.05629304423068207
0.3,0.6346976025224356,0.030566533509958853,0.5231445514346543,0.05832848503634776
0.4,0.5430106333148325,0.046563345243327225,0.49201869305633217,0.029368646231549382
0.5,0.6344065283843067,0.062253058260958026,0.5348020360060884,0.05967540800749321
0.6,0.5104296366634764,0.03144821279092751,0.4776858435681965,0.006069967429577366
0.7,0.49382606812077545,0.021025412016513076,0.4776858435681965,0.006069967429577366
0.8,0.4941264014214191,0.021937186224837295,0.4756735723928598,0.005360461490772207
0.9,0.5069274395722012,0.03374691167489155,0.4730104094688272,0.009187246679838966
