,train_ML_f1_mean,train_ML_f1_std,test_ML_f1_mean,test_ML_f1_std
0.1,0.6265270452623861,0.03925685655858986,0.5156992382929415,0.04842313173165517
0.2,0.55493149748923,0.03513318567003859,0.5162208262384645,0.04791772795158865
0.3,0.5071997183307719,0.020513049020942305,0.5146000502919801,0.0468793356682435
0.4,0.48360205954826807,0.013833620582582822,0.4776858435681965,0.006069967429577366
0.5,0.5044999794381677,0.028579847334472407,0.4776858435681965,0.006069967429577366
0.6,0.4773655293779311,0.001642527687711916,0.4776858435681965,0.006069967429577366
0.7,0.483049837167502,0.010989828980642104,0.4776858435681965,0.006069967429577366
0.8,0.4773655293779311,0.001642527687711916,0.4776858435681965,0.006069967429577366
0.9,0.4773655293779311,0.001642527687711916,0.4867869988636298,0.017898901530630024
