,train_ML_f1_mean,train_ML_f1_std,test_ML_f1_mean,test_ML_f1_std
0.1,0.25792560422889077,0.028104604193571605,0.1301604043873607,0.024956634358180924
0.2,0.21813146728401342,0.0411418102134243,0.09186735891892661,0.017409990956825203
0.3,0.1939545241028508,0.0451412116365784,0.09511798031266885,0.011760489824400602
0.4,0.18503412275197956,0.022433117749427963,0.08957594255186196,0.017142012091499514
0.5,0.1566956252100043,0.014026075566731177,0.08107013706047621,0.013741603831741821
0.6,0.15557156376428,0.012064436169912797,0.08745281646704466,0.013166241281711753
0.7,0.11952766576807199,0.027973925307874476,0.09224563688833298,0.010237876939387273
0.8,0.10173437424704976,0.04316819406342802,0.08150693451220875,0.012751958091415341
0.9,0.05122301412023972,0.0052424685145449085,0.05334450564549796,0.010438847723550923
