,train_ML_f1_mean,train_ML_f1_std,test_ML_f1_mean,test_ML_f1_std
0.1,0.4030014382481908,0.006635306296259787,0.3527997073506052,0.09627586427171844
0.2,0.5404922481151339,0.037874257103927736,0.5058179995769332,0.060002664086884414
0.3,0.4295065427639644,0.004276481176051653,0.43573993767949837,0.02079159663198095
0.4,0.39708141739704383,0.005424084989384831,0.34061227379499326,0.08755732720648186
0.5,0.31451249026040823,0.04778917393109398,0.24261834337470306,0.03792826306390198
0.6,0.2911857852299911,0.011559290608141159,0.2910446054821806,0.035584699377530817
0.7,0.2791104818107031,0.04129875518607607,0.22547318700740374,0.05653418691562127
0.8,0.3680941154767566,0.03828068312778741,0.28913888782278774,0.059870503607436835
