,train_ML_f1_mean,train_ML_f1_std,test_ML_f1_mean,test_ML_f1_std
0.1,0.41107573132900493,0.015796944769795603,0.35274147910132864,0.09362765030803133
0.2,0.5663919827984898,0.04430273271360463,0.5188501782364322,0.0574199637285759
0.3,0.444402007097551,0.01004682358382012,0.4357894615339756,0.034265180537510515
0.4,0.4126819561951297,0.009673031321459967,0.3624860357977914,0.09261561235354235
0.5,0.3427441282102474,0.051234995966508844,0.24051837170788143,0.06195715040851985
0.6,0.33829625850080947,0.02323794330013769,0.32749312599687597,0.03032921759951673
0.7,0.30089614072908943,0.0527915394747412,0.18884563227095258,0.0383763038924786
0.8,0.38176635597087627,0.0470620153343193,0.25305205662247465,0.08047424729581011
