,train_rmse_mean,train_rmse_std,train_mae_mean,train_mae_std,test_rmse_mean,test_rmse_std,test_mae_mean,test_mae_std
0.3,0.15070635,0.036528587,0.06367905,0.0013184573,0.11708889,0.0021133588,0.06262015,0.0025595757
0.5,0.18675749,0.029047955,0.07750771,0.0011382342,0.216669,0.15130864,0.07810684,0.0019385868
0.7,0.1856838,0.039467946,0.086745024,0.00092625694,0.33986306,0.35912576,0.08939926,0.004762631
