,train_ML_f1_mean,train_ML_f1_std,test_ML_f1_mean,test_ML_f1_std
0.1,0.8051592417371358,0.03588189759553215,0.4389435089928673,0.03401553932161507
0.2,0.7492963685086917,0.06464658243111977,0.7921753185262208,0.038358432829258736
0.3,0.7602522588320451,0.04770468490208966,0.5897106034223649,0.06005971986031996
0.4,0.7877981836492597,0.0513030593503316,0.4407392687362915,0.026252777453450882
0.5,0.806694572067645,0.02895752873101308,0.426143814217885,0.018567008470333473
0.6,0.7918755047056647,0.0356189930427336,0.39842406976903394,0.007541615391697323
0.7,0.7855191120922949,0.027770127810305672,0.40346828931082995,0.005632600080787137
0.8,0.7529381474410143,0.024136680218687753,0.39842406976903394,0.007541615391697323
