,train_ML_f1_mean,train_ML_f1_std,test_ML_f1_mean,test_ML_f1_std
0.1,0.6994599430581334,0.07330421235986863,0.6200925686962387,0.14158678222401228
0.2,0.6340291660514142,0.1171773936977392,0.7541715425657702,0.07487420857134723
0.3,0.7785289352195777,0.10102128392403928,0.5802683768714039,0.17786443496202403
0.4,0.736651962988556,0.07308530472750456,0.39842406976903394,0.007541615391697323
0.5,0.6129908643568771,0.08986062190498074,0.39842406976903394,0.007541615391697323
0.6,0.5382887983496808,0.06816715441529013,0.39842406976903394,0.007541615391697323
0.7,0.4354365417266311,0.022513238409900674,0.39842406976903394,0.007541615391697323
0.8,0.59150286822239,0.07268941018342896,0.39842406976903394,0.007541615391697323
