,train_rmse_mean,train_rmse_std,train_mae_mean,train_mae_std,test_rmse_mean,test_rmse_std,test_mae_mean,test_mae_std
0.3,0.35823128,0.0010765292,0.29507476,0.0012763798,0.37649402,0.004652844,0.31411338,0.0036357082
0.5,0.41142577,0.0008489086,0.33445457,0.0010095843,0.4168807,0.0011343231,0.34051234,0.0016237939
0.7,0.4597169,0.0005579429,0.3775708,0.00055941707,0.45765814,0.0020478354,0.37743336,0.0016803705
