,train_rmse_mean,train_rmse_std,train_mae_mean,train_mae_std,test_rmse_mean,test_rmse_std,test_mae_mean,test_mae_std
0.3,0.091946915,0.0021768971,0.037820425,0.001263121,0.09220058,0.0048289183,0.038237616,0.0017554599
0.5,0.121612504,0.0026795585,0.058025975,0.0015531156,0.12259954,0.0054609408,0.058944028,0.0022228695
0.7,0.15522495,0.004223972,0.083361745,0.0031729152,0.1557078,0.0062414682,0.08372371,0.0041077794
