,train_ML_rmse_mean,train_ML_rmse_std,test_ML_rmse_mean,test_ML_rmse_std
0.1,13.54809134320131,0.14453084984435013,13.53164370621486,0.476956846145698
0.2,14.516204537262823,0.18131810959603356,14.57803773153508,0.5996935909903119
0.3,15.379947787217068,0.14115335628939235,15.33147824343917,0.7523523621747853
0.4,15.5588555163493,0.12862476453858915,15.657850155461858,0.44249824655253817
0.5,16.551214354094434,0.13959947324046348,16.609815580233338,0.6056730798012364
0.6,17.01879112804523,0.1650054608063241,17.06515266787705,0.8413762648174479
0.7,16.61087746901605,0.16173243589573766,16.6508817738917,0.6555642121315718
0.8,17.227970171830318,0.09848698366028132,17.30205058496913,0.45970343859943835
0.9,17.024859903058463,0.1370354206883143,17.100761218769463,0.9115472432478172
