,train_ML_rmse_mean,train_ML_rmse_std,test_ML_rmse_mean,test_ML_rmse_std
0.1,11.46430051280213,0.23277716598248158,11.599484937019348,0.7422163014962737
0.2,12.47383586397373,0.23053716623231665,12.568888617659553,0.8874980087049748
0.3,13.006915363637493,0.19750832524168513,13.024865377080417,0.7342229577515481
0.4,13.354618315878223,0.2560589703488176,13.540301521914463,0.8531387276793245
0.5,14.653422313881782,0.11965857629017007,14.720854542164332,0.4184796448605915
0.6,15.086498185340165,0.1451737189001789,15.20995648082141,0.47208799236616666
0.7,15.21421312975266,0.17994512458472928,15.343040031619722,0.6807047771199464
0.8,15.889004225451691,0.11412603047617231,16.349264207727323,0.5183877659001958
0.9,16.327850668871644,0.11219233899873306,16.819736281129316,0.6694519181800571
