,train_ML_rmse_mean,train_ML_rmse_std,test_ML_rmse_mean,test_ML_rmse_std
0.1,11.41251206264318,0.18495683492791987,11.58251094159468,0.5035697534832124
0.2,12.330025029891445,0.1557721059277924,12.530779708584335,0.616061889417612
0.3,13.028560159027169,0.15259403648758688,13.188773569146695,0.7112123812661836
0.4,13.2985934571693,0.24081392006412305,13.688094285760025,0.6073189767985552
0.5,14.730604776144641,0.12225581723782077,14.909899492007872,0.39695556933143394
0.6,15.302429049010394,0.12887889293270202,15.519563374246895,0.5342018576021617
0.7,15.445663994234064,0.1387747856733331,15.595187461429187,0.6306884339249643
0.8,16.147269737488536,0.08642946107771689,16.340921561967303,0.5361044505741203
0.9,16.571304390257353,0.10598670230901663,16.62596508941535,0.662623073083757
