,train_ML_rmse_mean,train_ML_rmse_std,test_ML_rmse_mean,test_ML_rmse_std
0.1,0.6613574454211193,0.004533415437019993,0.6777847431467346,0.024912108052985344
0.2,0.6725266050329954,0.008521040727730383,0.6865677412724289,0.02098604248662776
0.3,0.6710996529343533,0.008088520401772848,0.6834613241601047,0.023365852630021906
0.4,0.6950715719596545,0.010019207158451475,0.7083015658248633,0.01853480201909367
0.5,0.7017475273395923,0.011589714887309617,0.7156784134038399,0.029554213283808004
0.6,0.7077892344568978,0.011323665574835976,0.714989453524124,0.01920763788341654
0.7,0.7609663833593805,0.007074710393928903,0.7596912815769914,0.03100762308458077
0.8,0.7835932312324605,0.018273622269719726,0.7849428571764114,0.012852611804658397
0.9,0.8237791946454227,0.015090037445320906,0.8312088594306395,0.0213411379677137
