,random,zero,mean,knn,mice,XGB,missforest,mf,hyper,gain,notmiwae,miwae,tabcsdi,ot
0.3,0.40413 ± 0.010,0.43066 ± 0.006,0.24447 ± 0.015,0.24447 ± 0.015,0.24447 ± 0.015,0.24447 ± 0.015,0.24447 ± 0.015,0.24159 ± 0.017,0.24812 ± 0.011,0.43316 ± 0.008,7.38599 ± 1.039,0.31688 ± 0.076,0.25752 ± 0.010,0.26361 ± 0.008
0.5,0.44279 ± 0.010,0.44031 ± 0.004,0.28887 ± 0.011,0.28887 ± 0.011,0.28887 ± 0.011,0.28887 ± 0.011,0.28887 ± 0.011,0.28704 ± 0.009,0.29216 ± 0.026,0.47262 ± 0.046,7.46774 ± 1.341,0.35730 ± 0.040,0.26661 ± 0.009,0.31054 ± 0.024
0.7,0.44568 ± 0.006,0.40445 ± 0.002,0.29000 ± 0.009,0.29000 ± 0.009,0.29000 ± 0.009,0.29000 ± 0.009,0.29000 ± 0.009,0.28097 ± 0.011,0.30285 ± 0.015,0.46379 ± 0.047,8.85520 ± 3.781,0.31462 ± 0.042,0.26900 ± 0.007,0.31804 ± 0.014
