,RD,ZR,Mean,KNN,MF,Mice,MisF,XGB,OT,HI,GAIN,Mi,NMi,CSDI
0.3,0.40413,0.43066,0.24447,0.24447,0.24159,0.24447,0.24447,0.24447,0.26361,0.24812,0.43316,0.31688,7.38599,0.25752
0.5,0.44279,0.44031,0.28887,0.28887,0.28704,0.28887,0.28887,0.28887,0.31054,0.29216,0.47262,0.3573,7.46774,0.26661
0.7,0.44568,0.40445,0.29,0.29,0.28097,0.29,0.29,0.29,0.31804,0.30285,0.46379,0.31462,8.8552,0.269
