,train_ML_rmse_mean,train_ML_rmse_std,test_ML_rmse_mean,test_ML_rmse_std
0.1,0.6993514370608553,0.003186982703955569,0.726505823168411,0.011219204997070317
0.2,0.7187507638794408,0.0027123154962325527,0.7457020281231626,0.01297443707578088
0.3,0.7462161734560937,0.002669798106151333,0.7765786086245209,0.017509217094524836
0.4,0.7639912205623297,0.0070623023289524325,0.7902385219824897,0.012367843169195888
0.5,0.7763837286640823,0.002235070624497737,0.7965777143940616,0.007263178411818755
0.6,0.8013770828783121,0.005962103066835998,0.8237716907706941,0.014588393110512172
0.7,0.8339158151728,0.005590942684775357,0.8507667617551856,0.015258051654407977
0.8,0.8445259047040177,0.003248531753141453,0.8574490235849502,0.013073973037379746
0.9,0.8686069528070087,0.0035575918747360775,0.8780576438508148,0.0162756636073318
