,train_ML_rmse_mean,train_ML_rmse_std,test_ML_rmse_mean,test_ML_rmse_std
0.1,0.7705201023025892,0.0028941821844732287,0.7703541987261087,0.009758271862051277
0.2,0.7790142198509207,0.004439095860346199,0.7789361494962433,0.014103200929491966
0.3,0.7982180213712855,0.004261212015325932,0.8003182752373321,0.0142385482888989
0.4,0.8146230091110261,0.00535163587399182,0.8162549822504535,0.013463476522802952
0.5,0.8217442983644598,0.004537404685683983,0.8216642096786645,0.012673662116682003
0.6,0.8345197725472863,0.005092561699929781,0.8368886587791238,0.015174752384156354
0.7,0.8569252259123393,0.005021593605947559,0.8559917994083778,0.014156690440082331
0.8,0.8688406779917391,0.004002342550362342,0.8683687873145877,0.01357768912098714
0.9,0.8766761483477261,0.0036953870209855853,0.8767372742888275,0.014077187419921392
