,train_ML_rmse_mean,train_ML_rmse_std,test_ML_rmse_mean,test_ML_rmse_std
0.1,0.58605301701475,0.006379735155022373,0.6502516027792391,0.02666445136920484
0.2,0.5949575297599348,0.003853250374158614,0.6562411086857673,0.026313462115451627
0.3,0.5984726757712233,0.006332980489415266,0.6493901516066696,0.027352831965517348
0.4,0.5992363272280277,0.005469899511738137,0.6427845656311082,0.020662244959977417
0.5,0.6099299958558639,0.004825531073334176,0.6528585890016622,0.019472687789662917
0.6,0.6192502935656016,0.006237947940243965,0.6533657179950871,0.020699605454406505
0.7,0.6133424338080408,0.006020121524561349,0.6472633540310143,0.013740678567022466
0.8,0.639337377128793,0.007558646880684085,0.6640612514854347,0.02198912789072365
