,train_ML_rmse_mean,train_ML_rmse_std,test_ML_rmse_mean,test_ML_rmse_std
0.1,0.885571814285871,0.014075374929468589,14453275.335241094,128877.20909981732
0.2,0.8856392821719112,0.014026482255969211,13435516.903867701,264781.8405424174
0.3,0.8856047019768738,0.014049305541282387,12838231.244630475,121341.71114980314
0.4,0.8856581477894572,0.014046925798177099,11948912.4593586,156621.9075074805
0.5,0.8855744873320361,0.014095638743285628,10635921.625145799,345688.73142085253
0.6,0.8857070266350936,0.014030862806101838,9805004.115797114,315626.3131761908
0.7,0.8857205442481921,0.01404152179431493,8346108.632010266,132477.35443363985
0.8,0.8856444100937022,0.0140563605425925,6667975.904416976,246024.06442730277
0.9,0.8856440099658871,0.014072630794260238,4902675.602271155,322643.45509005024
