,train_rmse_mean,train_rmse_std,train_mae_mean,train_mae_std,test_rmse_mean,test_rmse_std,test_mae_mean,test_mae_std
0.1,0.6384075023803802,0.0022307491227095025,0.6305604627902998,0.0029262466627966864,0.6026462057772017,0.02742647029654776,0.5865858474446324,0.03304538965615494
0.2,0.4665944079748918,0.00412228962155231,0.42125958555495047,0.004460236645894172,0.4420796943982805,0.004606781430889542,0.39717046851123755,0.005295061887691746
0.3,0.5651687043258335,0.005573093849394263,0.5501183857027472,0.007438691654735226,0.5341734019900508,0.020884672024200752,0.5145586889053794,0.024661972331104662
0.4,0.40135215574310035,0.0025651644351896985,0.35783980170167745,0.0017910246346961934,0.43898867104499273,0.055964657085061965,0.38262222022140185,0.04007460738570449
0.5,0.3247833472179643,0.017694721031771967,0.28998349909865034,0.011114444763788306,0.31573251642037026,0.010689262329914925,0.28412493948275397,0.007949095824873874
0.6,0.4882394152712718,0.0036149798147518406,0.4123165605270859,0.002675866977831393,0.48615168101934225,0.014067663783340055,0.41121092335230697,0.010178228836340742
0.7,0.29371679308610077,0.0026122216856568274,0.26727240233607785,0.0020919940603207634,0.2934578250303964,0.0049992281023517405,0.2675722657663101,0.004307058207151211
0.8,0.3896578545368138,0.002329006160920779,0.36559378893621175,0.002284733587423684,0.4096280245349443,0.018226133008052474,0.3811174891764925,0.01358630555267729
