,train_ML_rmse_mean,train_ML_rmse_std,test_ML_rmse_mean,test_ML_rmse_std
0.1,0.6731620582709162,0.0018696053774840493,0.6749410909137771,0.0074356716622184195
0.2,0.6692844784895372,0.0020961219953698693,0.6719057193622294,0.006728667940141932
0.3,0.6725083696031863,0.0017018545829746287,0.6745997240883683,0.007210358514446496
0.4,0.6687338121749633,0.002783528193237457,0.6734212968962485,0.0072216646334072095
0.5,0.6745284942577544,0.0023115295388746356,0.6808334963623668,0.008336755204256176
0.6,0.9194936249215161,0.001620563830681786,0.9073824269207555,0.01476124306436944
0.7,0.9107146407353477,0.0026042719273862485,0.9182682995947227,0.016245418760594158
0.8,0.9219630242835637,0.00439330569653032,0.924632623328938,0.010527962794674935
