,train_ML_rmse_mean,train_ML_rmse_std,test_ML_rmse_mean,test_ML_rmse_std
0.1,0.7283610606816596,0.002628728210626654,0.7290347322897419,0.009053077955203733
0.2,0.7265359820979389,0.0024442947938466877,0.7279363140664439,0.008079328148240103
0.3,0.7263237619283617,0.002382993018347086,0.7266635797940673,0.008349346441982977
0.4,0.7276457629946241,0.0029226017044307233,0.7293614888047177,0.008156020877663378
0.5,0.7321583968681489,0.002393107995923022,0.7337450222050359,0.008310450632130156
0.6,1.055680617145421,0.004439925995773471,1.0875877659453448,0.018582706534558603
0.7,1.0681718040630375,0.005598030828326397,1.1148757810331325,0.009473197955443656
0.8,0.9703625100878936,0.0032928083624212635,0.9714647157981935,0.008597029848172004
