,train_ML_rmse_mean,train_ML_rmse_std,test_ML_rmse_mean,test_ML_rmse_std
0.1,0.6171590690630284,0.002361111566516153,0.6258047996426909,0.008157643897038765
0.2,0.6183426106965292,0.0015161284729603255,0.6352687604212857,0.007880782488474057
0.3,0.6175873471023308,0.0030640550756618292,0.6258683323833735,0.008438285720337124
0.4,0.6172442293321432,0.003488494262371902,0.6394200850427383,0.009379357454847446
0.5,0.6279599554762164,0.0033813949524681883,0.6472515357840922,0.009681675124938848
0.6,0.8356615676714512,0.002290465566021343,0.8371102153492153,0.020454625312561963
0.7,0.806588349441315,0.003591650820026682,0.844767197963457,0.011543451721954732
0.8,0.7837802284205709,0.009506025536379508,0.7803809899795733,0.012163194713742241
