,train_ML_f1_mean,train_ML_f1_std,test_ML_f1_mean,test_ML_f1_std
0.1,0.7761072789925096,0.021650891144617126,0.40163861108366666,0.012461734474050034
0.2,0.7700447461114408,0.03968721836610347,0.7492785196683643,0.07317043246382673
0.3,0.8318282532991021,0.02918508404795426,0.45866510116398607,0.051710493418576225
0.4,0.8229294824736979,0.02184743150301898,0.4470590798900583,0.038847993007798065
0.5,0.7902558004003858,0.04343437251943446,0.39842406976903394,0.007541615391697323
0.6,0.7985680501072965,0.024799136572890054,0.39842406976903394,0.007541615391697323
0.7,0.7827039881822083,0.019706404485896743,0.39842406976903394,0.007541615391697323
0.8,0.759032873548118,0.06324982902866595,0.39842406976903394,0.007541615391697323
