,train_ML_f1_mean,train_ML_f1_std,test_ML_f1_mean,test_ML_f1_std
0.1,0.7049624445766222,0.038540510277494826,0.4447697831691082,0.033448612594135875
0.2,0.7567525518932268,0.03146887831421842,0.7945810460464124,0.04819746404294988
0.3,0.722903046859672,0.02642343942336532,0.5575412940159759,0.059841739361978744
0.4,0.6965512401155468,0.03653365223811039,0.4656741701254311,0.04303631079328729
0.5,0.5069899434138365,0.032934392283458735,0.46232080506221995,0.05445279682256462
0.6,0.5660080652463559,0.04438074324126867,0.40114912219601984,0.0035416231177875053
0.7,0.4106436956317146,0.033236693803188534,0.40911994024813775,0.010287267321442143
0.8,0.5606285795947107,0.03851424374276931,0.39842406976903394,0.007541615391697323
