,train_rmse_mean,train_rmse_std,train_mae_mean,train_mae_std,test_rmse_mean,test_rmse_std,test_mae_mean,test_mae_std
0.3,0.14785129,0.0063073006,0.0884834,0.0074622026,0.14743312,0.0068621878,0.08798633,0.007901206
0.5,0.13665883,0.00122215,0.08147744,0.00053892966,0.13663849,0.004138536,0.081190124,0.0018586974
0.7,0.2087456,0.030432839,0.09936003,0.016587196,0.20767367,0.031929836,0.09874728,0.017519344
