,train_ML_f1_mean,train_ML_f1_std,test_ML_f1_mean,test_ML_f1_std
0.1,0.8448936355705904,0.0330487401418594,0.8448936355705904,0.0330487401418594
0.2,0.8448936355705904,0.0330487401418594,0.8448936355705904,0.0330487401418594
0.3,0.8448936355705904,0.0330487401418594,0.8448936355705904,0.0330487401418594
0.4,0.8448936355705904,0.0330487401418594,0.8448936355705904,0.0330487401418594
0.5,0.8482028533042738,0.030579679003096272,0.845163667742117,0.03688218973394555
0.6,0.8431569223651486,0.032648376425321084,0.8467703922057715,0.03131633716363881
0.7,0.8410451599425866,0.02981124396507211,0.8420926617958375,0.030966596870358857
0.8,0.8033076790260469,0.05594471076267966,0.720430193520801,0.029851911359282602
