,train_ML_f1_mean,train_ML_f1_std,test_ML_f1_mean,test_ML_f1_std
0.1,0.8363226897212177,0.04110290310864503,0.8363226897212177,0.04110290310864503
0.2,0.8363226897212177,0.04110290310864503,0.8363226897212177,0.04110290310864503
0.3,0.8363226897212177,0.04110290310864503,0.8363226897212177,0.04110290310864503
0.4,0.8363226897212177,0.04110290310864503,0.8363226897212177,0.04110290310864503
0.5,0.8361052781367974,0.04409418412061136,0.8349551675277362,0.038830648362841995
0.6,0.8264998187106277,0.0431606626340955,0.8345089670775601,0.03388618914720236
0.7,0.8346403971855769,0.025846030522317813,0.8244961041523426,0.03335813708772646
0.8,0.7910173916783675,0.04458286545834986,0.8066473883047452,0.02437457177035434
