,random,zero,mean,knn,mice,XGB,missforest,mf,hyper,gain,notmiwae,miwae,tabcsdi,ot
0.1,0.40192,0.51839,0.42773,0.42574,0.42627,0.28324,0.42216,0.38856,0.35274,0.37324,0.07482,0.29903,0.08894,0.37312
0.2,0.51873,0.51985,0.51885,0.51896,0.51896,0.51896,0.51885,0.51906,0.51885,0.45322,0.25241,0.24387,0.08818,0.51895
0.3,0.42092,0.51786,0.42724,0.43724,0.44598,0.45068,0.43903,0.40354,0.43579,0.40827,0.12194,0.23131,0.08567,0.43334
0.4,0.38547,0.50776,0.43422,0.42333,0.43543,0.43210,0.42461,0.39539,0.36249,0.37995,0.08043,0.31267,0.09602,0.35062
0.5,0.32988,0.52452,0.32392,0.28784,0.31907,0.30987,0.31260,0.29769,0.24052,0.30315,0.05636,0.15869,0.09489,0.24260
0.6,0.40040,0.51215,0.32281,0.32311,0.32638,0.32841,0.31931,0.32280,0.32749,0.32231,0.11910,0.18355,0.08637,0.34225
0.7,0.19137,0.34657,0.27398,0.26232,0.25215,0.28844,0.25678,0.22480,0.18885,0.22292,0.06008,0.10727,0.10563,0.17893
0.8,0.27235,0.48155,0.34533,0.32599,0.29928,0.35245,0.34571,0.29077,0.25305,0.31359,0.05080,0.14084,0.11528,0.26798
