,RD,ZR,Mean,KNN,MF,Mice,MisF,XGB,OT,HI,GAIN,Mi,NMi,CSDI
0.1,0.57208,0.03756,0.90942,0.91175,0.72274,0.90903,0.89948,479638960000000.0,0.87492,0.86765,0.90503,0.90121,6.29571,0.05913
0.2,0.55116,0.0,0.35707,0.34842,0.34766,0.32311,0.33763,0.31775,0.3534,0.32968,0.28864,0.33594,0.29328,0.3977
0.3,0.57144,0.02856,0.97365,0.9731,0.75161,0.97312,0.9732,0.97312,0.9799,0.97308,0.97267,0.95379,4.61894,0.07029
0.4,0.55643,0.06521,0.86274,0.8612,0.68818,0.86697,0.86955,0.86037,0.82914,0.81494,0.85899,0.83514,5.56819,0.05861
0.5,0.50151,0.15517,0.63811,0.6403,0.50147,0.62213,0.63182,0.64522,0.55999,0.54762,0.60466,0.63133,4.40088,0.11521
0.6,0.54744,0.09563,0.88839,0.88701,0.68787,0.88668,0.8871,0.88672,0.89286,0.88688,0.88515,0.86673,4.96819,0.10801
0.7,0.44485,0.25469,0.53889,0.54129,0.43605,0.53382,0.50949,0.52862,0.49055,0.48445,0.54008,0.52222,3.32706,0.10819
0.8,0.44665,0.24409,0.52861,0.52988,0.43048,128097.21,0.50157,0.52398,0.48693,0.48053,0.49707,0.52261,3.04998,0.09192
