,train_ML_f1_mean,train_ML_f1_std,test_ML_f1_mean,test_ML_f1_std
0.1,0.769301260771645,0.0813439799299263,0.7890595944891797,0.08311085061040706
0.2,0.7876650951440027,0.11832266691702702,0.6219614598158694,0.08252742248302031
0.3,0.7032070989742646,0.07116862785918124,0.6257132680965548,0.0945293685768503
0.4,0.6409028770075984,0.06454334352121442,0.5066675420857736,0.05602752894591436
0.5,0.6789871079142278,0.05604496405590631,0.5041540305930803,0.05720233537032096
0.6,0.49563623109338256,0.04273419351072616,0.4776858435681965,0.006069967429577366
0.7,0.6866759909802492,0.09981125149981146,0.476637503440066,0.007491460994229332
0.8,0.5083859750796871,0.06961913759672551,0.4776858435681965,0.006069967429577366
0.9,0.4776858435681965,0.006069967429577366,0.4776858435681965,0.006069967429577366
