,train_ML_f1_mean,train_ML_f1_std,test_ML_f1_mean,test_ML_f1_std
0.1,0.5850368692420107,0.0678210907279917,0.6405626967575776,0.07999136252117924
0.2,0.5713818318928798,0.06665175529596128,0.5361834849389873,0.04974659204542624
0.3,0.5674221987802041,0.0559668785224168,0.5298076608000913,0.07318548793177089
0.4,0.518097788109604,0.08392068777338607,0.4776858435681965,0.006069967429577366
0.5,0.5277242245501733,0.03859608051162986,0.4776858435681965,0.006069967429577366
0.6,0.47667211618316563,0.0061554825358335445,0.4776858435681965,0.006069967429577366
0.7,0.528887216109936,0.06941984839565961,0.4776858435681965,0.006069967429577366
0.8,0.5067220704991604,0.062253399411226984,0.4776858435681965,0.006069967429577366
0.9,0.4776858435681965,0.006069967429577366,0.4776858435681965,0.006069967429577366
