,train_ML_f1_mean,train_ML_f1_std,test_ML_f1_mean,test_ML_f1_std
0.1,0.4771642556226735,0.006733258822546334,0.522537722735271,0.05882690280480906
0.2,0.4776858435681965,0.006069967429577366,0.5003725771244952,0.04728107433398308
0.3,0.4776858435681965,0.006069967429577366,0.5139594116861221,0.07567140846812921
0.4,0.4776858435681965,0.006069967429577366,0.4935340926821657,0.0285752196216913
0.5,0.4776858435681965,0.006069967429577366,0.4776858435681965,0.006069967429577366
0.6,0.4776858435681965,0.006069967429577366,0.4776858435681965,0.006069967429577366
0.7,0.4776858435681965,0.006069967429577366,0.4771642556226735,0.006733258822546334
0.8,0.4776858435681965,0.006069967429577366,0.4776858435681965,0.006069967429577366
0.9,0.4776858435681965,0.006069967429577366,0.4776858435681965,0.006069967429577366
