,train_rmse_mean,train_rmse_std,train_mae_mean,train_mae_std,test_rmse_mean,test_rmse_std,test_mae_mean,test_mae_std
0.3,0.092000894,0.0008953658,0.062116366,0.0005003441,0.092734136,0.004450592,0.062492527,0.0025815286
0.5,0.09685785,0.0005061339,0.067317165,0.00031661507,0.09801326,0.0024843982,0.068064064,0.0016854848
0.7,0.10481451,0.0013083982,0.073290125,0.0009463983,0.10486207,0.0019025946,0.0732647,0.0016293775
