,random,zero,Mean,MF,KNN,MICE,Missforest,XGB,OT,Hyper,GAIN,notmiwae,miwae,tabcsdi
concrete_compression,15.78003328914183,15.885846942477944,14.358835239502374,14.909899492007872,14.443858249610804,14.058930860647653,14.421728636685321,13.949248169529202,14.935225414804226,14.095565276199192,14.953746167284873,14.784835377519283,14.936552991914615,16.71207257152825
wine_quality_white,0.8751332259655682,0.8204135761255437,0.7892936064345462,0.7965777143940616,0.8263246854920057,0.780604847802012,0.7854866181072861,0.7892936064345462,0.8284208627263286,0.7869684526824051,0.8280806621052953,0.9191968162301064,0.9087888995157799,0.886834676378473
wine_quality_red,0.7841677789109175,0.7313655063738167,0.7084390644944965,0.7169100138586957,0.7583523225680151,0.7098687878658437,0.7190877517183164,,0.7393049235115454,0.7128562609383962,0.7212178904077995,0.7531872448960923,0.7536632635803122,0.833136995556961
california,1.1177823068495454,0.9605160057401788,0.968428207165215,0.9867337131556029,1.02870778911122,0.931270102769527,0.9018330339802226,0.9709629737994326,1.0215190680071213,0.9148634274327586,0.968520094376886,2.2406860143316045,2.260839921650551,1.1799494015340124
yacht_hydrodynamics,15.502533818552084,15.625306565311217,14.68783943071988,14.843753896320033,15.308988089193909,14.83512963043818,14.999702521816113,15.146744174395355,14.935840171729705,15.05395536102771,15.836232053526322,16.318040701450336,16.128546052330602,16.84752278429319
