,random,zero,Mean,MF,KNN,MICE,Missforest,XGB,OT,Hyper,GAIN,notmiwae,miwae,tabcsdi
concrete_compression,16.279960261173272,15.662376387069154,14.865722895360378,15.343040031619722,15.2946520465534,14.898740995771623,15.217639511121538,15.200352630564925,15.716520958232332,15.471552937941652,15.270439695152083,15.967145031331123,15.83326568414052,16.699767333892236
wine_quality_white,0.8834974756973952,0.8753797655137989,0.8483251063870842,0.8559917994083778,0.8574287552884545,0.8448565489887102,0.846802512737472,0.8483251063870842,0.868777551039227,0.8520816565381306,0.8612188994446572,0.8553682153182915,0.8583535016937212,0.8857205442481921
wine_quality_red,0.8035839840395754,0.7878357144340973,0.7556483434209168,0.7646813076826844,0.7730365749877564,0.7540831113046427,0.755675467987053,0.7556483434209168,0.7811241985443338,0.7522488238654688,0.768856822512824,0.7619690065767329,0.7593875561103876,0.8078531130893392
california,1.1449879018778983,1.1285907528518087,1.0627169197247588,1.0893693840497036,1.1001642509802159,1.0695141563857589,1.034823949993946,1.0938937724109201,1.116653564725995,1.0696033009563712,1.1110557459155606,1.412192528456016,1.3431833668771638,1.1540035510522588
yacht_hydrodynamics,15.145414436911157,14.959577500580002,14.100066987258995,14.476445044555243,14.988710586286038,14.208459489156676,14.487897837586232,14.90194630048158,14.367474204465097,15.404115820054354,15.366157976548644,14.67113944210568,14.612423919311482,15.066994743371122
