,train_ML_rmse_mean,train_ML_rmse_std,test_ML_rmse_mean,test_ML_rmse_std
0.1,8.968096063612437,0.17779508307328437,9.021437509972065,0.7694377348089663
0.2,9.109911406257524,0.17868379117734254,9.202638799597834,1.0131308504006462
0.3,8.969262696779952,0.1777461353150452,9.001715078153277,0.7724794008722872
0.4,10.276514057409749,0.19663110515225848,10.353308729996366,0.7949476078152001
0.5,8.97798864713635,0.1789838907301739,8.994766728257241,0.7578394691737571
0.6,8.99884997596801,0.1912964462080971,8.955357780699575,0.7985514200919042
0.7,11.948883869806076,0.1915534688694361,11.988300245375344,0.8957076747378993
0.8,8.975719927984139,0.17748796165687167,8.956836362126577,0.7518330532039719
