,train_ML_rmse_mean,train_ML_rmse_std,test_ML_rmse_mean,test_ML_rmse_std
0.1,12.319381333926284,0.31044679454339225,12.048732378244072,1.4120878362407414
0.2,13.797781158087384,0.26693508023971935,13.554090522570954,1.4428519815210996
0.3,12.440134512291408,0.3292036024301125,12.161005990756674,1.4016187047642088
0.4,14.886646565683623,0.31115085788735963,14.597061122294448,1.4843831922811763
0.5,12.29947015421107,0.2810029642792325,12.008611972525916,1.4415300121545875
0.6,12.706855411504867,0.27235214547660225,12.392805817132407,1.4248526726625197
0.7,15.292774775650603,0.30881456897742926,14.949895619783025,1.5585298481837964
0.8,12.796771854038386,0.2929854030972188,12.497061814577407,1.4121392909871497
