,train_rmse_mean,train_rmse_std,train_mae_mean,train_mae_std,test_rmse_mean,test_rmse_std,test_mae_mean,test_mae_std
0.1,0.43851447,0.011853638,0.31388193,0.00936507,0.43734843,0.033296626,0.31263477,0.03548028
0.2,0.32690576,0.007337052,0.22779778,0.006607115,0.33204788,0.029159876,0.23500812,0.030028611
0.3,0.52466893,0.008752923,0.44676915,0.010679419,0.5214058,0.020175183,0.44069737,0.03240099
0.4,0.39044753,0.0045565376,0.29105228,0.005784882,0.39350113,0.016234687,0.2947597,0.022275683
0.5,0.4118665,0.0067138798,0.3071069,0.0073107085,0.41290483,0.021850284,0.31008327,0.020105585
0.6,0.64780223,0.010524583,0.602733,0.010970822,0.6452342,0.02103885,0.6002079,0.020340726
0.7,0.5852262,0.0097642075,0.53216344,0.0069592963,0.58137465,0.025268603,0.5299877,0.019220712
0.8,0.56534296,0.0071458365,0.51844996,0.006824063,0.56281495,0.02537824,0.5160357,0.021717392
