,train_ML_rmse_mean,train_ML_rmse_std,test_ML_rmse_mean,test_ML_rmse_std
0.1,12.016912861801023,0.5789585805761331,12.5996527637603,0.5858444431871782
0.2,11.33025424140525,0.4990053987953178,12.651940883405526,0.8216607618329154
0.3,14.06672687127778,0.4676606864650656,16.061004433958217,0.7132970732333114
0.4,14.973233145993882,0.5321602375320464,17.8203055746145,0.5638783863412242
0.5,12.694771161416254,0.5621970241551314,14.268494016963547,0.7977775998595723
0.6,13.301705601577993,0.4810106109913388,14.99426324556104,0.5923851428707337
0.7,13.854890334444837,0.5182797010074136,16.499103175647242,0.5445676926060431
0.8,13.405205457149242,0.6570922625846806,14.560634141725462,0.5683001303657862
