,random,zero,mean,knn,mice,XGB,missforest,mf,hyper,gain,notmiwae,miwae,tabcsdi,ot
0.1,0.43840,0.80847,0.41777,0.43894,0.58535,0.56446,0.43109,0.44477,0.43601,0.50709,0.41391,0.42545,0.44605,0.41506
0.2,0.66064,0.80847,0.78568,0.79218,0.79102,0.79091,0.77694,0.79458,0.79956,0.77604,0.53608,0.79665,0.47189,0.77558
0.3,0.40436,0.80847,0.45974,0.58971,0.67643,0.74480,0.54373,0.55754,0.58411,0.71537,0.39842,0.63151,0.46609,0.49922
0.4,0.43535,0.80847,0.41316,0.44074,0.57632,0.56133,0.41877,0.46567,0.47295,0.52235,0.42557,0.45233,0.44974,0.44363
0.5,0.42630,0.80453,0.41276,0.42614,0.49104,0.43737,0.42144,0.46232,0.44975,0.46080,0.39842,0.44795,0.47509,0.44238
0.6,0.39842,0.81811,0.39842,0.39842,0.45095,0.41249,0.39842,0.40115,0.40381,0.44792,0.39842,0.42593,0.51081,0.39842
0.7,0.45019,0.81165,0.40080,0.40347,0.42926,0.49004,0.40080,0.40912,0.40607,0.53137,0.39842,0.42075,0.48267,0.40080
0.8,0.40139,0.76427,0.39842,0.39842,0.46829,0.40115,0.39842,0.39842,0.39842,0.45284,0.39842,0.40607,0.50191,0.39842
