,random,zero,mean,knn,mice,XGB,missforest,mf,hyper,gain,notmiwae,miwae,tabcsdi,ot
0.1,0.47670 ± 0.034,0.84489 ± 0.033,0.51471 ± 0.144,0.62009 ± 0.142,0.77538 ± 0.032,0.69944 ± 0.108,0.56450 ± 0.144,0.55745 ± 0.130,0.61209 ± 0.137,0.58782 ± 0.111,0.41602 ± 0.076,0.56172 ± 0.136,0.49465 ± 0.016,0.53628 ± 0.101
0.2,0.63255 ± 0.083,0.84489 ± 0.033,0.72302 ± 0.148,0.75417 ± 0.075,0.72540 ± 0.084,0.74454 ± 0.040,0.73026 ± 0.135,0.70515 ± 0.149,0.72482 ± 0.159,0.51204 ± 0.113,0.47206 ± 0.066,0.73370 ± 0.080,0.48979 ± 0.032,0.69816 ± 0.151
0.3,0.41921 ± 0.018,0.84489 ± 0.033,0.47954 ± 0.105,0.58027 ± 0.178,0.62301 ± 0.099,0.73571 ± 0.102,0.56300 ± 0.196,0.50213 ± 0.124,0.56618 ± 0.177,0.45231 ± 0.048,0.44424 ± 0.054,0.59490 ± 0.137,0.47767 ± 0.016,0.48322 ± 0.086
0.4,0.42212 ± 0.025,0.84489 ± 0.033,0.39842 ± 0.008,0.39842 ± 0.008,0.49942 ± 0.076,0.47114 ± 0.060,0.39842 ± 0.008,0.41935 ± 0.028,0.46136 ± 0.119,0.47106 ± 0.143,0.39842 ± 0.008,0.45179 ± 0.069,0.48994 ± 0.025,0.44282 ± 0.082
0.5,0.40367 ± 0.009,0.84516 ± 0.037,0.39842 ± 0.008,0.39842 ± 0.008,0.52388 ± 0.096,0.40656 ± 0.014,0.39842 ± 0.008,0.46802 ± 0.117,0.48079 ± 0.150,0.40727 ± 0.016,0.39842 ± 0.008,0.46286 ± 0.115,0.49107 ± 0.039,0.46715 ± 0.123
0.6,0.39842 ± 0.008,0.84677 ± 0.031,0.39842 ± 0.008,0.39842 ± 0.008,0.43692 ± 0.027,0.40983 ± 0.019,0.39842 ± 0.008,0.39842 ± 0.008,0.39842 ± 0.008,0.41492 ± 0.023,0.39842 ± 0.008,0.44160 ± 0.037,0.50806 ± 0.030,0.39842 ± 0.008
0.7,0.40164 ± 0.012,0.84209 ± 0.031,0.39842 ± 0.008,0.39842 ± 0.008,0.41256 ± 0.013,0.54075 ± 0.078,0.39842 ± 0.008,0.40115 ± 0.004,0.39842 ± 0.008,0.41622 ± 0.022,0.39842 ± 0.008,0.47687 ± 0.113,0.49664 ± 0.044,0.40115 ± 0.004
0.8,0.39842 ± 0.008,0.72043 ± 0.030,0.39842 ± 0.008,0.39842 ± 0.008,0.58860 ± 0.060,0.41661 ± 0.027,0.39842 ± 0.008,0.39842 ± 0.008,0.39842 ± 0.008,0.49881 ± 0.041,0.45908 ± 0.115,0.41192 ± 0.015,0.48743 ± 0.018,0.39842 ± 0.008
