,random,zero,mean,knn,mice,XGB,missforest,mf,hyper,gain,notmiwae,miwae,tabcsdi,ot
0.1,0.43840 ± 0.030,0.80847 ± 0.032,0.41777 ± 0.019,0.43894 ± 0.034,0.58535 ± 0.049,0.56446 ± 0.069,0.43109 ± 0.032,0.44477 ± 0.033,0.43601 ± 0.034,0.50709 ± 0.054,0.41391 ± 0.024,0.42545 ± 0.024,0.44605 ± 0.019,0.41506 ± 0.017
0.2,0.66064 ± 0.025,0.80847 ± 0.032,0.78568 ± 0.044,0.79218 ± 0.038,0.79102 ± 0.047,0.79091 ± 0.022,0.77694 ± 0.037,0.79458 ± 0.048,0.79956 ± 0.037,0.77604 ± 0.058,0.53608 ± 0.065,0.79665 ± 0.034,0.47189 ± 0.021,0.77558 ± 0.044
0.3,0.40436 ± 0.010,0.80847 ± 0.032,0.45974 ± 0.048,0.58971 ± 0.060,0.67643 ± 0.056,0.74480 ± 0.044,0.54373 ± 0.075,0.55754 ± 0.060,0.58411 ± 0.066,0.71537 ± 0.129,0.39842 ± 0.008,0.63151 ± 0.028,0.46609 ± 0.013,0.49922 ± 0.057
0.4,0.43535 ± 0.021,0.80847 ± 0.032,0.41316 ± 0.009,0.44074 ± 0.026,0.57632 ± 0.038,0.56133 ± 0.069,0.41877 ± 0.012,0.46567 ± 0.043,0.47295 ± 0.070,0.52235 ± 0.082,0.42557 ± 0.024,0.45233 ± 0.027,0.44974 ± 0.030,0.44363 ± 0.041
0.5,0.42630 ± 0.021,0.80453 ± 0.036,0.41276 ± 0.016,0.42614 ± 0.019,0.49104 ± 0.063,0.43737 ± 0.023,0.42144 ± 0.016,0.46232 ± 0.054,0.44975 ± 0.063,0.46080 ± 0.111,0.39842 ± 0.008,0.44795 ± 0.064,0.47509 ± 0.029,0.44238 ± 0.054
0.6,0.39842 ± 0.008,0.81811 ± 0.027,0.39842 ± 0.008,0.39842 ± 0.008,0.45095 ± 0.044,0.41249 ± 0.018,0.39842 ± 0.008,0.40115 ± 0.004,0.40381 ± 0.005,0.44792 ± 0.080,0.39842 ± 0.008,0.42593 ± 0.017,0.51081 ± 0.017,0.39842 ± 0.008
0.7,0.45019 ± 0.015,0.81165 ± 0.038,0.40080 ± 0.004,0.40347 ± 0.006,0.42926 ± 0.009,0.49004 ± 0.068,0.40080 ± 0.004,0.40912 ± 0.010,0.40607 ± 0.010,0.53137 ± 0.102,0.39842 ± 0.008,0.42075 ± 0.015,0.48267 ± 0.029,0.40080 ± 0.004
0.8,0.40139 ± 0.009,0.76427 ± 0.025,0.39842 ± 0.008,0.39842 ± 0.008,0.46829 ± 0.064,0.40115 ± 0.004,0.39842 ± 0.008,0.39842 ± 0.008,0.39842 ± 0.008,0.45284 ± 0.024,0.39842 ± 0.008,0.40607 ± 0.010,0.50191 ± 0.021,0.39842 ± 0.008
