,random,zero,mean,knn,mice,XGB,missforest,mf,hyper,gain,notmiwae,miwae,tabcsdi,ot
0.1,0.41654 ± 0.022,0.83632 ± 0.041,0.39842 ± 0.008,0.39842 ± 0.008,0.40477 ± 0.018,0.40477 ± 0.018,0.39842 ± 0.008,0.40164 ± 0.012,0.39842 ± 0.008,0.40477 ± 0.018,0.39842 ± 0.008,0.39842 ± 0.008,0.39842 ± 0.008,0.39842 ± 0.008
0.2,0.50637 ± 0.038,0.83632 ± 0.041,0.60893 ± 0.086,0.68701 ± 0.066,0.73403 ± 0.084,0.76235 ± 0.030,0.62462 ± 0.113,0.74928 ± 0.073,0.72374 ± 0.084,0.73643 ± 0.052,0.39842 ± 0.008,0.75691 ± 0.060,0.39842 ± 0.008,0.60566 ± 0.109
0.3,0.39842 ± 0.008,0.83632 ± 0.041,0.39842 ± 0.008,0.42491 ± 0.024,0.50563 ± 0.073,0.56713 ± 0.059,0.41219 ± 0.016,0.45867 ± 0.052,0.42816 ± 0.030,0.62704 ± 0.152,0.39842 ± 0.008,0.46796 ± 0.028,0.39842 ± 0.008,0.40381 ± 0.005
0.4,0.41798 ± 0.011,0.83632 ± 0.041,0.39842 ± 0.008,0.40472 ± 0.014,0.52390 ± 0.087,0.47475 ± 0.035,0.39842 ± 0.008,0.44706 ± 0.039,0.43606 ± 0.055,0.41832 ± 0.034,0.39842 ± 0.008,0.44234 ± 0.043,0.39842 ± 0.008,0.41865 ± 0.034
0.5,0.39842 ± 0.008,0.83496 ± 0.039,0.39842 ± 0.008,0.39842 ± 0.008,0.39842 ± 0.008,0.39842 ± 0.008,0.39842 ± 0.008,0.39842 ± 0.008,0.39842 ± 0.008,0.39842 ± 0.008,0.39842 ± 0.008,0.39842 ± 0.008,0.39842 ± 0.008,0.39842 ± 0.008
0.6,0.39842 ± 0.008,0.83451 ± 0.034,0.39842 ± 0.008,0.39842 ± 0.008,0.39842 ± 0.008,0.39842 ± 0.008,0.39842 ± 0.008,0.39842 ± 0.008,0.39842 ± 0.008,0.39842 ± 0.008,0.39842 ± 0.008,0.39809 ± 0.007,0.39842 ± 0.008,0.39842 ± 0.008
0.7,0.40115 ± 0.004,0.82450 ± 0.033,0.39842 ± 0.008,0.39842 ± 0.008,0.39842 ± 0.008,0.39842 ± 0.008,0.39842 ± 0.008,0.39842 ± 0.008,0.39842 ± 0.008,0.39842 ± 0.008,0.39842 ± 0.008,0.39842 ± 0.008,0.39842 ± 0.008,0.39842 ± 0.008
0.8,0.39842 ± 0.008,0.80665 ± 0.024,0.39842 ± 0.008,0.39842 ± 0.008,0.39842 ± 0.008,0.39842 ± 0.008,0.39842 ± 0.008,0.39842 ± 0.008,0.39842 ± 0.008,0.39842 ± 0.008,0.39842 ± 0.008,0.39842 ± 0.008,0.39842 ± 0.008,0.39842 ± 0.008
