,train_ML_f1_mean,train_ML_f1_std,test_ML_f1_mean,test_ML_f1_std
0.1,0.28338173825146123,0.1611399538849211,0.27744918467438745,0.161939816754458
0.2,0.5401141164655542,0.037399381670531244,0.5064590165224144,0.060560209818179
0.3,0.428097762010771,0.0043976530345746345,0.439331349882356,0.01944863776770697
0.4,0.4003203473092586,0.007287044214351189,0.41306039863059085,0.027977246035311917
0.5,0.32767044631224806,0.04914073546797247,0.2940636784043341,0.06417597691436894
0.6,0.29071267506730175,0.009898777898028528,0.2858714421955204,0.03637743801135393
0.7,0.3092850627833343,0.03709975290691101,0.27452436746174363,0.058576759410459166
0.8,0.42177782015469856,0.013813989618999807,0.3769276369583786,0.0829904706671203
