,train_ML_f1_mean,train_ML_f1_std,test_ML_f1_mean,test_ML_f1_std
0.1,0.28071669063288973,0.18152145471687892,0.28324370266278576,0.19141054865623525
0.2,0.566370398048806,0.04430247173866372,0.5189556568283467,0.057258287532766
0.3,0.4469819111869084,0.010442959630531306,0.45067641698686833,0.02879959688014015
0.4,0.4125878993156931,0.013678170025748934,0.43209706368277995,0.03586721529645251
0.5,0.3392833628990658,0.05279704899567139,0.30987045804657987,0.07212717121833123
0.6,0.341276365817372,0.021534195677477375,0.328410105377165,0.028976725686425977
0.7,0.32787153862645224,0.05213883054930612,0.28844117562129024,0.07396967859375592
0.8,0.3932026844842271,0.04397464804213365,0.35244764369416026,0.08094787761348748
