,train_rmse_mean,train_rmse_std,train_mae_mean,train_mae_std,test_rmse_mean,test_rmse_std,test_mae_mean,test_mae_std
0.3,0.119024456,0.0025902123,0.06296389,0.0015604655,0.11960075,0.002581493,0.062413782,0.0037630494
0.5,0.13795441,0.0023208144,0.072175875,0.0015101333,0.13846119,0.0033184106,0.07183706,0.002669972
0.7,0.1562399,0.0072361752,0.08592087,0.004219369,0.15502873,0.009468573,0.08444627,0.0047474634
