,train_ML_rmse_mean,train_ML_rmse_std,test_ML_rmse_mean,test_ML_rmse_std
0.1,0.6924822807474085,0.0029953975255133203,0.7180066843652492,0.009781090782724667
0.2,0.7151484398293873,0.0028451113053858707,0.7427860762590228,0.009902568307584413
0.3,0.7411998587897474,0.007039217793484715,0.7715908692547733,0.016648885308552273
0.4,0.7682022068424158,0.005517494828782511,0.7984017989435859,0.010501532771684967
0.5,0.8004393176664196,0.004827841206155404,0.8263246854920057,0.016053111001213
0.6,0.8187879594227038,0.005289951482454223,0.8449129465388043,0.012932317421928049
0.7,0.8385270892240231,0.004862009712487868,0.8565297329195435,0.01138113312284811
0.8,0.850759645541878,0.0034723474030406718,0.8671347416053544,0.013464586179172872
0.9,0.8586212853343674,0.005174755119722103,0.8717930463133772,0.013833873742303533
