,train_ML_f1_mean,train_ML_f1_std,test_ML_f1_mean,test_ML_f1_std
0.1,0.4776858435681965,0.006069967429577366,0.47590698162344014,0.04135604590197935
0.2,0.4776858435681965,0.006069967429577366,0.4885734069164811,0.0716660155162979
0.3,0.4776858435681965,0.006069967429577366,0.46964305543532053,0.046090799419390524
0.4,0.4776858435681965,0.006069967429577366,0.47056193893812653,0.038388019671790015
0.5,0.4776858435681965,0.006069967429577366,0.49002605252951226,0.05658287091471007
0.6,0.4776858435681965,0.006069967429577366,0.4595378054955327,0.046827504987879354
0.7,0.4776858435681965,0.006069967429577366,0.4954288386547897,0.060807333495834406
0.8,0.4776858435681965,0.006069967429577366,0.4966851234306552,0.048468046972525394
0.9,0.4776858435681965,0.006069967429577366,0.4909565689908553,0.061522151420625726
