,train_ML_f1_mean,train_ML_f1_std,test_ML_f1_mean,test_ML_f1_std
0.1,0.8523149756804742,0.01693561256511564,0.7747473632932413,0.08111755615039923
0.2,0.85149175694878,0.01888307897909892,0.7562815051863575,0.06256491100453143
0.3,0.8454611365760606,0.013493738487999856,0.7597669463398363,0.06012847289117543
0.4,0.8307143309417253,0.028355614559206276,0.7521184733780618,0.031085127048982492
0.5,0.77313615969435,0.026523289931536992,0.68618792952695,0.05832097026420148
0.6,0.8379245582022461,0.012207321818208496,0.7499910107690427,0.053412430506507076
0.7,0.806233830490348,0.011223696291931819,0.7530742701415135,0.08719066097941244
0.8,0.8124089806175483,0.02063974426004287,0.7733109906598774,0.023306478145754858
