,train_ML_rmse_mean,train_ML_rmse_std,test_ML_rmse_mean,test_ML_rmse_std
0.1,12.50518728925377,0.3009701608109429,12.178179228754336,1.4114012827903795
0.2,14.048858685322864,0.28327641472508797,13.740679680845716,1.4318380526953485
0.3,12.432845957610471,0.27649978419050136,12.149611029640534,1.4624080696242505
0.4,14.905481728278028,0.3206715230286087,14.600831832214624,1.4512642890756604
0.5,12.555947014890977,0.2934477218924777,12.235754628482006,1.368557847820393
0.6,12.631607907069592,0.2790292598533564,12.310713500377387,1.375138655653415
0.7,15.316500932688708,0.31525141501772963,14.935285503963826,1.5721440075086228
0.8,12.68355538777756,0.2811849343333343,12.377276123049029,1.4678506019664133
