,train_ML_rmse_mean,train_ML_rmse_std,test_ML_rmse_mean,test_ML_rmse_std
0.1,8.983918954188592,0.18990383100290217,9.027955615328263,0.8008207387261865
0.2,9.455171670290534,0.2576740642591024,9.657879342047803,0.9846958945161673
0.3,8.961540354074847,0.1780653558729667,9.04057305560791,0.765803530187924
0.4,11.025105749840648,0.35181206839119233,11.100403563466253,1.2277040916111257
0.5,8.984312867781203,0.18475991988512985,9.019646465989208,0.762104893101552
0.6,8.992578293296509,0.18984755848923163,8.968472510337978,0.8026527374190537
0.7,13.081359861937983,0.19455655614805614,13.004318663195898,1.2098489599729643
0.8,8.975139420800264,0.17844563212808867,9.00579647344151,0.7601746652231651
