,train_ML_rmse_mean,train_ML_rmse_std,test_ML_rmse_mean,test_ML_rmse_std
0.1,11.745919291079765,0.3301028203729142,11.494927488653113,1.5610115276765804
0.2,12.893249883506684,0.30047927572307764,12.697825008390193,1.5884478561643731
0.3,11.836318878498153,0.3734805719776619,11.57552659716043,1.6801823455016398
0.4,15.204787116729175,0.5299635172669658,15.031869545021049,1.619798732723507
0.5,11.447039713689522,0.2811733857951752,11.179712779490334,1.6468390286276997
0.6,10.943625169270423,0.32539661183655216,10.687454557484289,1.6434932520009546
0.7,16.848488343066972,0.386311941434639,16.44950842848997,1.6525140519958545
0.8,11.049381442204169,0.36607896444890586,10.724338465635489,1.4719018177990888
