,train_ML_rmse_mean,train_ML_rmse_std,test_ML_rmse_mean,test_ML_rmse_std
0.1,10.563749849018063,0.7843825204460154,11.131154024196883,0.6672834493818465
0.2,10.624698013603185,0.7685346331050723,11.846977265434774,0.8909012455553738
0.3,10.889508175721497,0.7341437425970058,12.920132305839712,0.9754194787071092
0.4,10.740701548318356,0.7334399367682362,13.204034859648141,0.766424601422872
0.5,11.03809257248479,0.6590259288909835,14.622777073553872,0.854494756064583
0.6,11.685968456743279,0.5484740648790148,16.01494266313642,0.48440869740089765
0.7,11.991299109393612,0.7376727103461918,15.948895112883253,0.8440661300297789
0.8,13.887808772071907,0.5388546463894633,19.33303170714617,1.2616756106947566
0.9,15.47322768633575,0.3879546946285112,23.354815372541385,2.424021186358336
