,train_ML_rmse_mean,train_ML_rmse_std,test_ML_rmse_mean,test_ML_rmse_std
0.1,12.819644715517786,0.6463976421431928,13.029879944202559,0.5978013541516274
0.2,12.928120141838201,0.6212913842871066,13.47923953761997,0.7199835128642218
0.3,13.67095148643376,0.6226794290014288,14.015653953121035,0.8417085645485711
0.4,13.473498178091114,0.5500895637009788,14.22796865057695,0.6178845315295279
0.5,14.426600424419437,0.46544336995787106,14.995981370143124,0.4134349981650138
0.6,14.478513624940977,0.671107405746654,15.59950333379883,0.41782777224035544
0.7,14.24980356917439,0.7662916637915452,15.41818708812844,0.6751493548173124
0.8,15.3696762737467,0.3504277879277835,16.83478978958183,0.6242043285850293
0.9,15.883305970449209,0.5554784406344149,19.30966185726738,1.4235003122787322
