,train_ML_f1_mean,train_ML_f1_std,test_ML_f1_mean,test_ML_f1_std
0.1,0.2914626989944408,0.04438471387985971,0.35866232578058627,0.023476769357327665
0.2,0.25614176247249987,0.05879360195399004,0.2817436801709559,0.02636612470521592
0.3,0.24185025654681222,0.04990768403253397,0.2696576785675588,0.02385382017000365
0.4,0.2685416480087698,0.08529916977885453,0.2751350626953994,0.010385291051330719
0.5,0.16842894367205105,0.017678438349280567,0.19137224931945696,0.029246797687765908
0.6,0.21090755375445824,0.06728291667364618,0.17210344051896112,0.009868107181256474
0.7,0.14388796144760702,0.02142220721157905,0.12502031179207757,0.036867119357759943
0.8,0.14625420107903145,0.02310178666998677,0.09450577887623716,0.01189352107480533
0.9,0.08898183123972717,0.0052411112015153275,0.03548896530961508,0.01395271973000489
