,train_ML_f1_mean,train_ML_f1_std,test_ML_f1_mean,test_ML_f1_std
0.1,0.445384858875705,0.06389304110380074,0.47902429752713704,0.04578355057484426
0.2,0.3911618555815502,0.07303007881670899,0.4000347186837878,0.04591152563482502
0.3,0.30624506499038073,0.04064941854427653,0.30831862900039775,0.0233326126205247
0.4,0.3499887137408155,0.07845844063428395,0.31982356479371454,0.04932957810447904
0.5,0.2362258371699688,0.042235084193683235,0.2440965050534647,0.04780857589933081
0.6,0.25743052349009815,0.055807634597898455,0.22165023306822343,0.05041991326424986
0.7,0.1849891820704328,0.014384761666371454,0.14007020370675533,0.02770095379386338
0.8,0.15950089159159558,0.03663188093586727,0.11659307607580922,0.026121614714476174
0.9,0.08661385865296464,0.012519485417698177,0.05048621714668755,0.026610780077585664
