,train_rmse_mean,train_rmse_std,train_mae_mean,train_mae_std,test_rmse_mean,test_rmse_std,test_mae_mean,test_mae_std
0.3,0.3512121,0.0007853097,0.2908545,0.00078396033,0.35284156,0.006751017,0.29257235,0.008449259
0.5,0.35720468,0.0031370625,0.2954453,0.0028737027,0.3577972,0.004952919,0.29543594,0.004066868
0.7,0.35566658,0.0013180587,0.2941435,0.0016505694,0.3560451,0.0067907926,0.29371515,0.0062475665
