,train_ML_rmse_mean,train_ML_rmse_std,test_ML_rmse_mean,test_ML_rmse_std
0.1,0.4909563268088567,0.0020391685061534087,0.6402611119430615,0.008619161169488404
0.2,0.5236535365895942,0.00261885246574246,0.6860393467899206,0.00877684229741692
0.3,0.5569149893113728,0.0013980460549058132,0.7325158708844741,0.00778062340923961
0.4,0.5976371086750837,0.0025600378659729603,0.7931053437463637,0.011352440491184286
0.5,0.6303524652175165,0.0017420291938034802,0.8401516225624368,0.008799514195740649
0.6,0.7074827145415811,0.0014450455377422705,0.9391609671501652,0.0020399951686428572
0.7,0.7490083229832523,0.0021566246287726886,0.9756891096520752,0.010298781226053606
0.8,0.7848478188944988,0.0018742218703981333,0.9713775957644083,0.006687783585944948
0.9,0.9789882576877733,0.005398072707883193,1.1094072746359256,0.0051201322857415705
