,train_ML_rmse_mean,train_ML_rmse_std,test_ML_rmse_mean,test_ML_rmse_std
0.1,0.7090167590880957,0.008231337941040029,0.7165939350968319,0.01569725102707069
0.2,0.7502264920084996,0.008332703608379843,0.7561475868584994,0.011037458950900766
0.3,0.8382760977078307,0.004959974342198963,0.8434990876156977,0.00980630939665911
0.4,0.8673288963893363,0.0019421096116173282,0.8720069981040641,0.01573825367036403
0.5,0.9127271661331647,0.0024268823074569653,0.9185501458130441,0.00814629659627598
0.6,0.9953750768136649,0.003534032394386963,1.0001424802382206,0.008944052513598439
0.7,1.013367745509336,0.004347908183469796,1.0176698260030395,0.012751028842089287
0.8,1.005802954275579,0.0022365157629195415,1.0112860480060053,0.007905750127845215
0.9,1.1157189995369663,0.0036670032689908407,1.1194995806161139,0.00663996578600135
