,train_ML_rmse_mean,train_ML_rmse_std,test_ML_rmse_mean,test_ML_rmse_std
0.1,0.8152481845433435,0.001849551024536354,0.8161219149844715,0.007875520986209233
0.2,0.8526123296322476,0.002772668346615693,0.851202274245366,0.010783096972187621
0.3,0.9080407050609768,0.00321956947739191,0.9080320958247292,0.011352489408313588
0.4,0.9420586821397915,0.0036478061268743864,0.9426337256781995,0.01134209228938042
0.5,0.9849400160263657,0.0027268047347008247,0.9870307824677781,0.007977934174050481
0.6,1.0375285457168906,0.0024686061883983225,1.037672375556123,0.008786708322060108
0.7,1.0607628883135722,0.0030029841529455948,1.0627169197247588,0.010382650408870396
0.8,1.0850444968656687,0.0028315107925409,1.0873100924405543,0.008587801451012822
0.9,1.1242045116554755,0.0019087527847846007,1.125734099914152,0.006105207424754371
