,train_ML_rmse_mean,train_ML_rmse_std,test_ML_rmse_mean,test_ML_rmse_std
0.1,0.7728219311135522,0.0019119742712366515,0.7758869365411749,0.011476524441825038
0.2,0.815281503424312,0.0027940930464048093,0.8160821966457755,0.010378156658579996
0.3,0.8765091936299264,0.0036790729711738937,0.8786789003795554,0.013357012736150807
0.4,0.9188573997835505,0.003902066099871016,0.9213228146169264,0.013744774150654011
0.5,0.9651187424962826,0.003590613902604045,0.968428207165215,0.009982908479819069
0.6,1.0390832906832195,0.002891823080616362,1.0406194981957353,0.00930264388658456
0.7,1.0636407355587916,0.00333016552335626,1.0662000450558737,0.01300572281171547
0.8,1.0559176319445336,0.002897776764923918,1.0589575496303878,0.00880098737617021
0.9,1.1457624919488558,0.0019458624761112542,1.1487071333861123,0.008890197750463468
