,train_rmse_mean,train_rmse_std,train_mae_mean,train_mae_std,test_rmse_mean,test_rmse_std,test_mae_mean,test_mae_std
0.1,0.14162466,0.00056545885,0.088899225,0.0003790554,0.14246893,0.0021820017,0.08970473,0.0017827682
0.2,0.14346802,0.00022959078,0.090050295,0.00016634788,0.14334157,0.00082915457,0.089810744,0.0010979773
0.3,0.14382243,0.00030179165,0.09048201,0.00024488333,0.1441408,0.0013671356,0.09068005,0.0012587904
0.4,0.15102217,0.0005204568,0.094270386,0.00041154743,0.15105338,0.0013378159,0.0943326,0.0011220884
0.5,0.151759,0.00042129724,0.09431013,0.0002975561,0.15197319,0.0009765323,0.09451751,0.0007435667
0.6,0.14755216,0.00027636832,0.091093995,0.00021503285,0.14773388,0.00081633165,0.09115885,0.00067752396
0.7,0.15425235,0.0001732662,0.09509536,0.00011715266,0.15419371,0.0008375841,0.09508546,0.00047788047
0.8,0.14686406,0.00019920705,0.09111741,0.00012654456,0.14698921,0.00037528406,0.091191076,0.0002581548
0.9,0.14598393,0.00015906969,0.091628835,0.00014361447,0.1461716,0.00049803575,0.09178673,0.0003303004
