,train_ML_rmse_mean,train_ML_rmse_std,test_ML_rmse_mean,test_ML_rmse_std
0.1,14.206474629521768,0.1470083307082728,14.142722052129804,0.6652789498647985
0.2,13.636105671659095,0.14828879620636076,13.60391706468084,0.6572584951243244
0.3,14.882363579164466,0.1461990806092533,14.860340438286347,0.7318637576641455
0.4,16.04640380363635,0.11469883672832679,16.01619542239135,0.7568304516671689
0.5,14.672559498537026,0.13750922675252963,14.679037852548486,0.6113680315335409
0.6,16.031281223278707,0.1619985057740942,15.866385763301867,0.617450043006284
0.7,15.862301552081288,0.21775800732274025,15.854170670881647,0.7661383179211091
0.8,14.738387685753517,0.19363735960413456,14.7548790694096,0.657582544397331
