,train_ML_rmse_mean,train_ML_rmse_std,test_ML_rmse_mean,test_ML_rmse_std
0.1,14.5692521315313,0.1625879182441563,14.386998934493757,0.36696788770648614
0.2,15.20791739111105,0.20857824451358814,14.958498189515751,0.5537572763960817
0.3,16.188730949239122,0.21720088973206259,16.187276216393492,0.6227551788480301
0.4,16.67366288567373,0.34450023929002477,16.594898007577026,0.4049785711965257
0.5,16.523761635866244,0.17510953632755452,16.63157652932083,0.49110514721550846
0.6,17.159405451190786,0.17403183121927474,17.11116282883409,0.6293806117516654
0.7,17.280313466291243,0.18622370601574437,17.08251691503698,0.5742199316708857
0.8,17.25820116838581,0.1442589803547373,17.56088288021793,0.5076339899493834
0.9,17.49356910571729,0.22294910757924083,17.644350153983613,1.0211305314910082
