,train_ML_rmse_mean,train_ML_rmse_std,test_ML_rmse_mean,test_ML_rmse_std
0.1,12.513936719847894,0.24408571263756576,12.59139348191031,0.5029896597228902
0.2,13.434331818155545,0.2044011288587445,13.783908397327277,0.5521455488543029
0.3,14.493499043707164,0.17758569194684357,14.757624171681192,0.5464101185465777
0.4,15.026457520207112,0.26805735328127245,15.476849549636182,0.33346837426099474
0.5,15.47729677127192,0.15830914371327195,15.78003328914183,0.4900277673104061
0.6,15.879064555005382,0.12328024972810742,16.22786797144451,0.5965040007894444
0.7,15.984079537795424,0.08072247813818986,16.35996087770182,0.6236198483604359
0.8,16.277805632886327,0.09162238338603579,16.680613421015572,0.4971813949696072
0.9,16.381223955437832,0.12264731044994134,16.73536000901605,0.6111387534701526
