,train_ML_rmse_mean,train_ML_rmse_std,test_ML_rmse_mean,test_ML_rmse_std
0.1,13.173110969371919,0.6482061962012294,12.877002216627485,0.6450281710768443
0.2,13.02549738855985,0.6331213912931422,13.220220016706438,0.6895186910891224
0.3,13.869612841747633,0.6142788344587952,14.24192525851945,0.6868638606527918
0.4,14.638793873112467,0.4455670268472017,16.55962404808604,0.47541402655391873
0.5,13.434349822139216,0.5625037137108326,13.684417397329995,0.6174690857088845
0.6,15.723161555055048,0.5830740270118943,15.827836378022075,0.619018455055681
0.7,18.043915524506296,0.582218292817421,21.526244254043164,0.874022951304046
0.8,16.42147792687196,0.5180657316744849,17.66566221361484,0.8332214165736609
