,train_ML_rmse_mean,train_ML_rmse_std,test_ML_rmse_mean,test_ML_rmse_std
0.1,0.6605071029602698,0.0056163854114887266,0.6641269782897856,0.020853962563683735
0.2,0.6656490888952847,0.006590468158696208,0.667659338191445,0.02174244148972604
0.3,0.6573909877246245,0.008728175676103463,0.661818639789143,0.022577900667185093
0.4,0.6516503742833186,0.0027898247353607395,0.6530498817826621,0.020472369994862794
0.5,0.6703974222301861,0.008576955751166663,0.6745708215657832,0.010552977690077726
0.6,0.6719835075128231,0.004623564341808249,0.6782180812765431,0.020868079863840223
0.7,0.6796011127060264,0.0038417017914411863,0.680188178603996,0.020340628907192262
0.8,0.6794041509359824,0.004722628239966491,0.6813937032883393,0.02311717244373195
