,train_ML_rmse_mean,train_ML_rmse_std,test_ML_rmse_mean,test_ML_rmse_std
0.1,0.6654504357655167,0.018188841384134444,0.6768897318576617,0.01869560450334417
0.2,0.6858928027789786,0.029005800165396733,0.6793052057407988,0.02981444475303982
0.3,0.6976826752888782,0.029689345216703585,0.6745443653203136,0.024815037045842318
0.4,0.7211896706201406,0.02620511032216983,0.704272208357956,0.03049927549298358
0.5,0.7232654505437003,0.026345402924773047,0.7276268342683212,0.024929597105590708
0.6,0.7530288407926652,0.04357746800271974,0.7308164682084625,0.00893865789511763
0.7,0.7843971884124565,0.028735139425299205,0.7726137670570624,0.03744680651358291
0.8,0.8463175948028056,0.02789758875967815,0.8463135380137665,0.030640147389990473
0.9,0.9383847000162013,0.0619121742359837,0.8717087795231272,0.03341127234272554
