,train_ML_rmse_mean,train_ML_rmse_std,test_ML_rmse_mean,test_ML_rmse_std
0.1,0.6489544336042534,0.018397929533129857,0.6631586215504268,0.020614583221624492
0.2,0.6509114698321496,0.01741736993469186,0.6686221365736751,0.024461349641571487
0.3,0.6510311876528798,0.01814563087184387,0.6685454694944825,0.025748457277641294
0.4,0.654700487582559,0.01427204421580486,0.7007701853266501,0.027231710642360796
0.5,0.6554219054992737,0.016825783963206054,0.7255320815437718,0.029710968270976832
0.6,0.6564007826008731,0.023211191170543724,0.7248801972037308,0.015193461098804059
0.7,0.6774808652894362,0.012336567793590313,0.7704652647988312,0.03330564453392427
0.8,0.7120973765921865,0.02884040704253223,0.8356440412005742,0.0238941035602522
0.9,0.7524347075343372,0.04473358512749085,0.8434722669025208,0.044150040389891516
