,train_ML_rmse_mean,train_ML_rmse_std,test_ML_rmse_mean,test_ML_rmse_std
0.1,12.51577406407947,0.3053112758152006,12.18966951404306,1.4246886783793749
0.2,14.026548253026638,0.2910105523096436,13.715590164692202,1.4437789095352838
0.3,12.41642717097337,0.29048220817191117,12.125551652895549,1.4447831706558274
0.4,14.886892033685498,0.31088577973851833,14.580517792534142,1.4452755607187435
0.5,12.55752540859678,0.2976166146744714,12.237884107854654,1.3689077760226365
0.6,12.708261000241967,0.29112686245914543,12.390981243991739,1.3864544875779907
0.7,15.302705175144137,0.30580176711166934,14.945074152779,1.522880849388288
0.8,12.866578643705532,0.3189371896010279,12.536361063496447,1.4258982344057256
