,train_ML_f1_mean,train_ML_f1_std,test_ML_f1_mean,test_ML_f1_std
0.1,0.944804189000239,0.004172894162594856,0.9353018017654463,0.0177942137191564
0.2,0.892498123721111,0.012187584470003192,0.8807233703009205,0.03161620615638696
0.3,0.8561102448346565,0.013149661355866964,0.8282674515439215,0.025853513998324744
0.4,0.8009480574035297,0.009052780149235775,0.7889337334100148,0.016512582798663196
0.5,0.7906782454503464,0.04187323728826908,0.7640028393241687,0.02381262782046918
0.6,0.7198544544002166,0.007861837790447081,0.6824147183890086,0.03724660604214462
0.7,0.7048146650564251,0.02389351381505354,0.6710491850441074,0.03548200737644642
0.8,0.5748328127000117,0.01958257834637476,0.5347989920708877,0.033177608118658
0.9,0.508623854224815,0.017402525390447246,0.5023509292187673,0.02832987001125026
