,train_ML_f1_mean,train_ML_f1_std,test_ML_f1_mean,test_ML_f1_std
0.1,0.950413678727059,0.002412686423901418,0.9467150125400083,0.007173655339144804
0.2,0.9048829014475487,0.005577007533713678,0.9021339909564366,0.030391171854032506
0.3,0.8511765466994202,0.005110099924401424,0.8480565675067009,0.015166043556383138
0.4,0.8073464414597267,0.006397780615183069,0.8087451278488871,0.025071714217379127
0.5,0.7695299306542858,0.02993364553497771,0.7781949935354323,0.01700759480822961
0.6,0.6923477648187928,0.007763319210444571,0.6916597934356835,0.0438736530076232
0.7,0.690158799746586,0.010248407792977286,0.6734874673888581,0.03101494699661446
0.8,0.530510778159486,0.020764976448956182,0.523813069344261,0.02151013106323724
0.9,0.4877419561914257,0.020692718128489017,0.4974790115404151,0.028899254116759983
