,train_ML_rmse_mean,train_ML_rmse_std,test_ML_rmse_mean,test_ML_rmse_std
0.1,0.8463472237307069,0.07578746192929936,0.8530358564196361,0.06754882647667673
0.2,0.8817302920181742,0.012482772755034175,0.8791292977048221,0.008258819482295206
0.3,0.8573617966451714,0.05550803071500538,0.8636755895037679,0.051266190143365975
0.4,0.7873522466373349,0.05269051851571614,0.807180944199174,0.03803056777967493
0.5,0.7724439781961043,0.002905979425777546,0.7892936064345462,0.008555699986376451
0.6,0.7978876099257619,0.004811589503470907,0.8189082889230566,0.014634512422033398
0.7,0.8297467827752287,0.004669344854772538,0.8422068722041056,0.014847019386950376
0.8,0.8417203749699572,0.004091181403007652,0.8533696165153101,0.013433030751445344
0.9,0.8699961385778169,0.00456629008807839,0.8745628950251634,0.016978388522611014
