,train_ML_rmse_mean,train_ML_rmse_std,test_ML_rmse_mean,test_ML_rmse_std
0.1,34601853186.96243,68815679216.76459,146224639054.86047,279991413872.4562
0.2,2.0853236185456784e+17,4.170647237036047e+17,1.2394750802003212e+28,2.4789501604006428e+28
0.3,8.716626728542095e+28,1.7433253457075268e+29,1.6962900706610918e+20,3.3916519618339504e+20
0.4,1.9525741568153952e+26,3.90514831363079e+26,1.9513141320900628e+28,3.902628264180126e+28
0.5,0.8029471907318146,0.0022662045372635014,0.805619443935955,0.00918390820352207
0.6,0.8211650270870422,0.004996178529375438,0.8257475971065883,0.01347993568669061
0.7,0.8495029929285975,0.005119494497919078,0.8498336801632356,0.01387496821876713
0.8,0.8571878246055478,0.0038423983223096507,0.8593125140330985,0.012402511997731234
0.9,0.8916507206239734,0.008154758485100177,0.8908780204996948,0.018420781722162174
