,train_rmse_mean,train_rmse_std,train_mae_mean,train_mae_std,test_rmse_mean,test_rmse_std,test_mae_mean,test_mae_std
0.1,1142193100000.0,2236426700000.0,21053860000.0,39573955000.0,19788342000000.0,39469525000000.0,614320100000.0,1220514700000.0
0.2,inf,,1.0760974e+18,2.1521949e+18,inf,,2.2085266e+28,inf
0.3,inf,,2.3678335e+29,inf,inf,,8.903747e+20,inf
0.4,,,,,,,,
0.5,0.1067088,0.00043986904,0.07691175,0.00021764493,0.10646316,0.001654641,0.07676016,0.0007480373
0.6,0.10778336,0.00054865424,0.07682522,0.00025249916,0.10769334,0.0017784614,0.0768104,0.000747297
0.7,0.10776695,0.00054927263,0.07621423,0.0002445845,0.107434645,0.0017109493,0.07604794,0.0006923537
0.8,0.10827585,0.00037585018,0.07811368,0.00023703312,0.10807021,0.0009930064,0.07795242,0.00051201886
0.9,0.11132314,0.0002627676,0.07775474,0.00014482954,0.111041546,0.001796837,0.07760316,0.0007494166
