,train_ML_rmse_mean,train_ML_rmse_std,test_ML_rmse_mean,test_ML_rmse_std
0.1,0.7425213486990726,0.0016282358837529103,0.7467026684574172,0.009626315893385442
0.2,0.7613333593917624,0.003144075538173708,0.7668290852724897,0.009418290629391033
0.3,0.8025966832229505,0.00452684320810625,0.8120580598352352,0.008553742304993533
0.4,0.8454426577881768,0.004731033705128573,0.8633243961769754,0.006597596543608517
0.5,0.8966100527405756,0.007559209619354787,0.9212821480269489,0.014167658165622092
0.6,1.0011116056765148,0.003346838797544818,1.0156124959231227,0.00870891740981631
0.7,1.0372912955668763,0.005946516860630182,1.0696033018604738,0.013415050610342554
0.8,1.0376926226036058,0.013477450533929297,1.101925157715913,0.017261937055632386
0.9,1.1360356276440815,0.002273273879252496,1.1538874382229924,0.015214013802749695
