,train_ML_rmse_mean,train_ML_rmse_std,test_ML_rmse_mean,test_ML_rmse_std
0.1,0.6940769379348616,0.0009499744964383425,0.700393760291553,0.00850457768513343
0.2,0.7192323226615723,0.002973975230356903,0.7252277343862252,0.009784505039453122
0.3,0.7743604215668887,0.0049683125453654844,0.7862461364488056,0.01246850230011836
0.4,0.8197103601235964,0.0047356208645374384,0.8439879467939105,0.006478992527859394
0.5,0.8819950351675369,0.007600885378659457,0.9148634274327586,0.016286685230772268
0.6,1.0010070377347615,0.004452778940957658,1.0235365397198108,0.01617450569592484
0.7,1.0379607602775667,0.006007418652795784,1.0819231602944122,0.017197195762349776
0.8,1.045071167331314,0.015064995083836753,1.120062565381134,0.02215938854681259
0.9,1.1564709007632747,0.0015989991303464114,1.179264245982134,0.016953351893194628
