,train_ML_f1_mean,train_ML_f1_std,test_ML_f1_mean,test_ML_f1_std
0.1,0.2666695909307343,0.02333345894594742,0.27680299182949086,0.046093556186810436
0.2,0.2632003353945058,0.04497495354162233,0.2453341219019225,0.04535154488494901
0.3,0.2418742444060406,0.040721072546799145,0.22594608319783957,0.03034285757333568
0.4,0.2794404596017152,0.00955208314271939,0.3106895773390096,0.050564530021948204
0.5,0.16598910257079225,0.0108185396189338,0.1754873975262715,0.025730073211932394
0.6,0.17693291588227783,0.021915460690304357,0.17947599949658613,0.017985924440473262
0.7,0.12847316051639782,0.03433763436251256,0.10480725443721343,0.00829368420922167
0.8,0.14380131143658542,0.047262658499154925,0.15634975001950008,0.07674229342138346
