,train_ML_f1_mean,train_ML_f1_std,test_ML_f1_mean,test_ML_f1_std
0.1,0.20016675495791234,0.013112041138413947,0.2040674632039127,0.041415760883547696
0.2,0.14366529308541226,0.018903274856751223,0.14719534588893776,0.009989924930608428
0.3,0.15326208905442656,0.009294904964116025,0.15757151962436053,0.019349960307012436
0.4,0.2034775881395198,0.02752837862169523,0.1930269531576289,0.030971426094821553
0.5,0.10780169076289854,0.013265770271331877,0.121777785371237,0.02909050562050648
0.6,0.1371730238693111,0.0044813253728930285,0.14540671261818763,0.014312552113435564
0.7,0.09716756364676228,0.003521688985379743,0.1009956618889228,0.009908616839214379
0.8,0.09343200933924774,0.02799767097931874,0.09235501935344735,0.030028616336463455
