,train_rmse_mean,train_rmse_std,train_mae_mean,train_mae_std,test_rmse_mean,test_rmse_std,test_mae_mean,test_mae_std
0.3,0.10673118,0.0006999173,0.07628831,0.0004925844,0.10671061,0.0029438846,0.076245025,0.0019499767
0.5,0.106128514,0.000639575,0.07561888,0.00048223478,0.10615542,0.0024211877,0.075725056,0.0016209586
0.7,0.1063414,0.00030956077,0.07565001,0.0003163391,0.10628204,0.0011076728,0.07567456,0.00091726787
