,train_ML_rmse_mean,train_ML_rmse_std,test_ML_rmse_mean,test_ML_rmse_std
0.1,0.6621653764621491,0.010704750696558588,0.6693911267576119,0.024025650667888546
0.2,0.6732225823365929,0.007658946952148956,0.6773087090731205,0.026613199628619518
0.3,0.6626303744219546,0.011428149345035294,0.6696710896991773,0.0260711633426528
0.4,0.6730945896495181,0.011212151596633885,0.6783016195971726,0.024815501172839205
0.5,0.6956225750362764,0.011158410255129023,0.7008131133369011,0.01970781016758045
0.6,0.6932186264578795,0.005600561476764552,0.700297725699612,0.019900479621489307
0.7,0.7065724493997874,0.011067019771044063,0.7119200230324549,0.021631968846598047
0.8,0.6760429805491526,0.006910951524014624,0.6838933599133806,0.021450693701229845
