,random,zero,Mean,MF,KNN,MICE,Missforest,XGB,OT,Hyper,GAIN,notmiwae,miwae,tabcsdi
concrete_compression,0.04607103201382618,0.14456441082083435,0.6339982630803315,0.6250495215412128,0.2945708939145246,0.46539009004291926,0.46830275662814264,0.39938123548027804,0.5807487932837512,0.6469820815632896,0.46910542479160205,0.7030760012634822,0.5097107359810147,0.4134930968181666
wine_quality_white,0.005879457033330963,0.3642596819717437,1.0,0.9167401678410378,0.8334803356820757,0.4296389724136695,0.8,0.8,0.9167401678410378,0.8,1.0,0.8,0.8,1.0
wine_quality_red,0.04024499920498825,0.3950847787984146,0.960817110685339,0.8810813227623988,0.9267730735042315,0.7849003281898203,0.8973734313263027,0.21778251408390212,0.8450327320300733,0.9378573617760259,0.8850128998376908,0.8449374410486952,0.9659559628188926,0.8293124511612022
california,0.004306050296728352,1.0,1.0,0.6,1.0,0.6388630009462009,0.8,0.7194315004731004,0.8,0.7194315004731004,1.0,0.8,0.6,1.0
qsar_biodegradation,0.0,0.04026768750697577,0.8817870035353612,0.8704882295799645,0.8352104442754185,0.8536452742128663,0.7798111768004627,0.8693183627902217,0.5258115928833423,0.8939938242130163,0.7114366141129664,0.8685608213195708,0.8801126304781436,0.7104711646401594
yeast,0.7278560408966028,0.884628426736635,1.0,0.9694970450100626,0.9694970450100626,0.9694970450100626,0.9694970450100626,0.9694970450100626,0.9584279676145357,0.9694970450100626,0.9300693095945265,1.0,1.0,1.0
yacht_hydrodynamics,0.30889042143349366,0.10430589589850196,0.5158596213482932,0.389230125903247,0.3611535102975326,0.5606404529260995,0.5858013239671258,0.5920477392754702,0.5169993226801612,0.4549920962410523,0.12733712724537866,0.5334201043177221,0.47446053525509635,0.319959168593504
