,train_ML_f1_mean,train_ML_f1_std,test_ML_f1_mean,test_ML_f1_std
0.1,0.5165852204937329,0.057192758318783926,0.48135623344320677,0.06511230653984175
0.2,0.49361960286856965,0.03635073931998395,0.4179909649355289,0.046065584866735794
0.3,0.43934471214156545,0.08767028024852232,0.3604506844003458,0.03492396311622731
0.4,0.3876732605613701,0.044384311180989185,0.2959243898663777,0.030073650464415642
0.5,0.28349286229576565,0.02303435393080133,0.248874507338649,0.02390395620673337
0.6,0.27659624470465216,0.02940545340435845,0.24449043448885693,0.042966513099615515
0.7,0.22665571945883894,0.04705254677132384,0.19752923267469297,0.01899568351380533
0.8,0.1592832145178335,0.03979761412945688,0.1601097976013867,0.035384950948342986
0.9,0.14373999985888902,0.035990894128730626,0.095698336333122,0.016850294959187447
