,mean,knn,mice,XGB,missforest,mf,hyper,gain,notmiwae,miwae,tabcsdi,ot
0.1,13.45537 ± 0.491,13.01862 ± 0.711,12.95584 ± 0.681,13.09763 ± 0.612,13.20862 ± 0.568,13.53164 ± 0.477,12.99704 ± 0.642,14.30975 ± 0.513,14.65268 ± 0.379,14.38821 ± 0.472,101201.56156 ± 11888.125,13.55481 ± 0.434
0.2,14.27708 ± 0.642,13.93738 ± 0.610,13.59735 ± 0.713,13.59929 ± 0.690,13.70586 ± 0.666,14.57804 ± 0.600,13.47311 ± 0.770,15.04798 ± 0.742,15.21700 ± 0.472,15.24907 ± 0.944,94210.62162 ± 10261.905,14.39197 ± 0.742
0.3,15.10186 ± 0.709,14.56869 ± 0.635,14.44801 ± 0.586,14.61508 ± 0.590,14.68865 ± 0.787,15.33148 ± 0.752,14.34063 ± 0.646,15.34588 ± 0.712,15.85638 ± 0.468,15.93071 ± 0.546,90216.85193 ± 3503.055,15.26399 ± 0.687
0.4,15.20971 ± 0.537,15.21788 ± 0.509,14.47057 ± 0.672,14.69528 ± 0.593,14.73815 ± 0.526,15.65785 ± 0.442,14.38188 ± 0.684,15.54869 ± 0.542,16.01926 ± 0.640,15.85516 ± 0.603,87913.79200 ± 2245.413,15.44616 ± 0.369
0.5,15.81439 ± 0.499,15.64881 ± 0.360,15.19332 ± 0.529,14.95382 ± 0.368,15.71290 ± 0.346,16.60982 ± 0.606,15.35294 ± 0.371,16.12205 ± 0.668,16.43751 ± 0.447,16.53642 ± 0.420,74782.45820 ± 4872.168,16.17944 ± 0.590
0.6,16.24629 ± 0.716,15.91812 ± 0.659,15.75055 ± 0.466,15.83934 ± 0.333,15.95583 ± 0.418,17.06515 ± 0.841,16.10731 ± 0.622,16.44998 ± 0.762,16.36359 ± 0.428,16.40495 ± 0.451,62705.52003 ± 9305.678,16.53194 ± 0.645
0.7,16.12671 ± 0.624,16.20746 ± 0.589,15.91473 ± 0.534,15.93569 ± 0.669,15.83651 ± 0.742,16.65088 ± 0.656,15.96137 ± 0.659,15.81832 ± 0.537,16.50721 ± 0.699,16.38628 ± 0.557,56197.76653 ± 10008.116,16.41304 ± 0.641
0.8,16.54732 ± 0.500,16.48523 ± 0.565,16.45547 ± 0.547,16.54577 ± 0.714,16.52667 ± 0.420,17.30205 ± 0.460,16.96808 ± 0.926,17.50332 ± 0.876,16.33821 ± 0.514,16.61547 ± 0.603,36300.89493 ± 3656.985,16.80275 ± 0.562
0.9,16.60732 ± 0.715,16.51541 ± 0.658,16.67176 ± 0.665,16.69210 ± 0.542,16.80009 ± 0.601,17.10076 ± 0.912,17.65860 ± 1.297,20.19453 ± 1.440,16.62940 ± 0.473,16.66325 ± 0.568,29485.24323 ± 6986.049,16.87128 ± 0.719
