,random,zero,mean,knn,mice,XGB,missforest,mf,hyper,gain,notmiwae,miwae,tabcsdi,ot
0.1,12.59139,12.34907,11.43685,11.21843,11.11537,11.19313,11.28341,11.58251,11.14447,12.97002,12.56801,12.45458,16.81203,11.77933
0.2,13.78391,13.86847,12.23622,12.08039,11.86403,11.92228,11.71318,12.53078,11.70570,13.59875,12.88743,12.95129,16.79662,12.48110
0.3,14.75762,14.53346,12.90221,12.96164,12.81380,12.70674,12.75679,13.18877,12.68701,13.73859,13.79763,14.01476,16.78214,13.36234
0.4,15.47685,14.73419,13.29738,13.72915,13.13915,13.49069,13.39823,13.68809,13.12609,14.07970,14.46763,14.26551,16.80621,14.01625
0.5,15.78003,15.88585,14.35884,14.44386,14.05893,13.94925,14.42173,14.90990,14.09557,15.00803,15.17199,15.42514,16.82485,14.93523
0.6,16.22787,15.90228,15.01922,15.04143,15.10884,15.31666,15.35778,15.51956,15.42463,15.47176,15.81710,15.80636,16.80789,15.64757
0.7,16.35996,15.90225,15.15586,15.47455,14.99511,15.18036,15.52410,15.59519,15.53558,15.56778,16.01396,15.37028,16.63689,15.85939
0.8,16.68061,16.33656,16.06202,16.14891,16.17097,16.24062,16.14753,16.34092,16.69949,16.40076,15.84434,16.16551,16.67876,16.44639
0.9,16.73536,16.29043,16.42840,16.31343,16.45711,16.57460,16.45076,16.62597,16.66124,16.70990,16.54800,16.49893,16.62745,16.65698
