,random,zero,mean,knn,mice,XGB,missforest,mf,hyper,gain,notmiwae,miwae,tabcsdi,ot
0.1,12.78566,12.34659,11.41083,11.01281,10.94855,11.01782,11.13720,11.59948,11.04223,12.77793,11.61951,11.57109,16.76738,11.69261
0.2,13.97591,13.89143,12.21309,11.85172,11.58789,11.67027,11.67001,12.56889,11.55622,13.44661,12.29378,12.27828,16.83221,12.32546
0.3,14.80500,14.31173,12.69292,12.97887,12.63873,12.59442,12.63044,13.02487,12.53263,13.58516,13.13703,13.19552,16.74201,13.19665
0.4,15.77663,14.12796,13.01984,13.36683,12.78374,13.02051,12.88756,13.54030,12.67995,13.82168,13.90046,13.81596,16.86404,13.81320
0.5,16.10616,15.82588,14.21346,14.15889,13.90808,13.84511,14.10916,14.72085,13.91932,14.88450,14.38182,14.79509,16.81684,14.77668
0.6,16.41788,15.74436,14.82768,14.77621,14.97073,15.32166,15.02953,15.20996,15.25453,15.20593,15.31078,15.43686,16.76726,15.47580
0.7,16.27996,15.66238,14.86572,15.29465,14.89874,15.20035,15.21764,15.34304,15.47155,15.32887,15.74799,15.04121,16.75605,15.71652
0.8,16.67632,16.27407,15.78038,16.08332,15.82635,16.24067,16.01481,16.34926,17.28768,16.32072,15.66522,15.87670,16.73606,16.30744
0.9,16.78569,16.06133,16.26579,16.13456,16.39941,16.67041,16.40388,16.81974,17.42914,17.14091,16.49502,16.30616,16.82955,16.66878
