,mean,knn,mice,XGB,missforest,mf
0.1,8.78840 ± 0.505,8.45047 ± 0.455,8.28760 ± 0.480,8.40791 ± 0.498,8.40820 ± 0.529,9.04369 ± 0.519
0.2,9.97241 ± 0.840,10.01919 ± 0.760,9.54463 ± 0.842,9.81813 ± 0.888,9.62567 ± 0.701,10.51250 ± 0.699
0.3,11.00322 ± 0.748,11.60468 ± 0.514,11.02755 ± 0.539,10.83736 ± 0.576,10.78158 ± 0.700,11.61897 ± 0.828
0.4,11.47302 ± 0.685,12.17096 ± 0.643,11.57555 ± 0.697,11.60465 ± 0.716,11.50324 ± 0.524,12.03047 ± 0.877
0.5,13.00104 ± 0.620,13.71278 ± 0.152,12.96321 ± 0.337,13.21526 ± 0.436,12.75388 ± 0.392,13.61415 ± 0.607
0.6,14.20843 ± 0.673,14.43227 ± 0.649,286.17665 ± 542.799,14.97653 ± 0.360,14.43964 ± 0.448,15.08639 ± 0.569
0.7,14.32433 ± 0.392,14.89655 ± 0.281,14.44545 ± 0.382,14.98099 ± 0.426,14.76637 ± 0.570,14.92807 ± 0.708
0.8,15.18340 ± 0.496,15.71189 ± 0.434,15.33107 ± 0.471,16.42545 ± 0.687,15.42012 ± 0.459,16.48552 ± 0.932
0.9,16.00712 ± 0.245,16.14060 ± 0.416,16.05744 ± 0.296,19.54720 ± 5.191,16.26820 ± 0.259,16.68359 ± 0.636
