,mean,knn,mice,XGB,missforest,mf,hyper,gain,notmiwae,miwae,tabcsdi,ot
0.1,11.43685 ± 0.535,11.21843 ± 0.504,11.11537 ± 0.547,11.19313 ± 0.544,11.28341 ± 0.563,11.58251 ± 0.504,11.14447 ± 0.539,12.97002 ± 0.530,12.56801 ± 0.448,12.45458 ± 0.570,16.81203 ± 0.681,11.77933 ± 0.583
0.2,12.23622 ± 0.635,12.08039 ± 0.569,11.86403 ± 0.754,11.92228 ± 0.789,11.71318 ± 0.685,12.53078 ± 0.616,11.70570 ± 0.779,13.59875 ± 0.686,12.88743 ± 0.543,12.95129 ± 0.856,16.79662 ± 0.590,12.48110 ± 0.685
0.3,12.90221 ± 0.696,12.96164 ± 0.623,12.81380 ± 0.552,12.70674 ± 0.534,12.75679 ± 0.619,13.18877 ± 0.711,12.68701 ± 0.572,13.73859 ± 0.636,13.79763 ± 0.476,14.01476 ± 0.550,16.78214 ± 0.540,13.36234 ± 0.712
0.4,13.29738 ± 0.565,13.72915 ± 0.578,13.13915 ± 0.631,13.49069 ± 0.615,13.39823 ± 0.460,13.68809 ± 0.607,13.12609 ± 0.612,14.07970 ± 0.623,14.46763 ± 0.755,14.26551 ± 0.502,16.80621 ± 0.527,14.01625 ± 0.640
0.5,14.35884 ± 0.408,14.44386 ± 0.317,14.05893 ± 0.372,13.94925 ± 0.529,14.42173 ± 0.478,14.90990 ± 0.397,14.09557 ± 0.449,15.00803 ± 0.561,15.17199 ± 0.529,15.42514 ± 0.350,16.82485 ± 0.564,14.93523 ± 0.610
0.6,15.01922 ± 0.422,15.04143 ± 0.467,15.10884 ± 0.291,15.31666 ± 0.206,15.35778 ± 0.332,15.51956 ± 0.534,15.42463 ± 0.650,15.47176 ± 0.503,15.81710 ± 0.443,15.80636 ± 0.502,16.80789 ± 0.494,15.64757 ± 0.467
0.7,15.15586 ± 0.469,15.47455 ± 0.349,14.99511 ± 0.481,15.18036 ± 0.577,15.52410 ± 0.648,15.59519 ± 0.631,15.53558 ± 0.534,15.56778 ± 0.275,16.01396 ± 0.540,15.37028 ± 0.524,16.63689 ± 0.510,15.85939 ± 0.722
0.8,16.06202 ± 0.567,16.14891 ± 0.441,16.17097 ± 0.640,16.24062 ± 0.629,16.14753 ± 0.534,16.34092 ± 0.536,16.69949 ± 0.633,16.40076 ± 0.562,15.84434 ± 0.565,16.16551 ± 0.699,16.67876 ± 0.480,16.44639 ± 0.592
0.9,16.42840 ± 0.542,16.31343 ± 0.547,16.45711 ± 0.508,16.57460 ± 0.487,16.45076 ± 0.491,16.62597 ± 0.663,16.66124 ± 0.626,16.70990 ± 0.518,16.54800 ± 0.506,16.49893 ± 0.510,16.62745 ± 0.535,16.65698 ± 0.705
