,random,zero,mean,knn,mice,XGB,missforest,mf,hyper,gain,notmiwae,miwae,tabcsdi,ot
0.1,0.43333,0.39903,0.23506,0.14277,0.14139,0.15782,0.18571,0.25934,0.14758,0.23484,0.15203,0.1545,0.26019,0.26251
0.2,0.436,0.43929,0.23649,0.19102,0.17328,0.18676,0.20149,0.26197,0.17451,0.25872,0.18495,0.18498,0.27712,0.25516
0.3,0.42497,0.42229,0.22116,0.21742,0.18379,0.19157,0.19676,0.24857,0.17531,0.21854,0.18497,0.18327,0.25715,0.24212
0.4,0.41374,0.44086,0.23328,0.24375,0.20035,0.21533,0.21321,0.26739,0.19979,0.2386,0.2043,0.20542,0.27569,0.25359
0.5,0.43026,0.40512,0.2249,0.23661,0.20813,0.226,0.22966,0.26016,0.2074,0.24041,0.21026,0.20768,0.263,0.2486
0.6,0.42078,0.42727,0.22299,0.23253,0.21065,0.25893,0.22442,0.2598,0.21685,0.2605,0.20579,0.21065,0.26463,0.24511
0.7,0.42448,0.42515,0.22939,0.23743,0.22598,0.24119,0.2423,0.25671,0.23119,0.30553,0.22725,0.22162,0.2721,0.25283
0.8,0.42876,0.4183,0.22636,0.24292,0.24457,0.25665,0.2754,0.25568,0.27145,0.31824,0.23602,0.2244,0.27401,0.24914
0.9,0.43039,0.42002,0.22602,0.23752,0.23601,0.26907,0.31188,0.24459,0.28246,0.40026,1.31147,0.2306,0.27642,0.24976
