,mean,knn,mice,XGB,missforest,mf
0.1,0.23506 ± 0.015,0.14277 ± 0.008,0.14139 ± 0.013,0.15746 ± 0.012,0.18571 ± 0.017,0.26019 ± 0.018
0.2,0.23649 ± 0.011,0.19102 ± 0.022,0.17328 ± 0.013,0.18556 ± 0.016,0.20149 ± 0.014,0.26202 ± 0.015
0.3,0.22116 ± 0.010,0.21742 ± 0.010,0.18379 ± 0.008,0.19111 ± 0.008,0.19676 ± 0.006,0.24915 ± 0.010
0.4,0.23328 ± 0.010,0.24375 ± 0.016,0.20035 ± 0.013,0.21443 ± 0.016,0.21321 ± 0.012,0.26722 ± 0.013
0.5,0.22490 ± 0.010,0.23661 ± 0.004,0.20813 ± 0.006,0.22544 ± 0.009,0.22966 ± 0.010,0.26005 ± 0.011
0.6,0.22299 ± 0.007,0.23253 ± 0.013,0.21065 ± 0.008,0.25798 ± 0.019,0.22442 ± 0.010,0.25994 ± 0.008
0.7,0.22939 ± 0.005,0.23743 ± 0.007,0.22598 ± 0.002,0.24153 ± 0.004,0.24230 ± 0.010,0.25686 ± 0.006
0.8,0.22636 ± 0.006,0.24292 ± 0.006,0.24457 ± 0.019,0.25580 ± 0.003,0.27540 ± 0.013,0.25585 ± 0.006
0.9,0.22602 ± 0.005,0.23752 ± 0.004,0.23601 ± 0.014,0.27376 ± 0.025,0.31188 ± 0.019,0.24449 ± 0.005
