,mean,knn,mice,XGB,missforest,mf,gain,mcflow,notmiwae,miwae,tabcsdi
0.1,0.23506 ± 0.015,0.14277 ± 0.008,0.14139 ± 0.013,0.15782 ± 0.012,0.18571 ± 0.017,0.25934 ± 0.017,0.23484 ± 0.026,0 ± 0,0 ± 0,0 ± 0,0 ± 0
0.2,0.23649 ± 0.011,0.19102 ± 0.022,0.17328 ± 0.013,0.18676 ± 0.016,0.20149 ± 0.014,0.26197 ± 0.015,0.25872 ± 0.025,0 ± 0,0 ± 0,0 ± 0,0 ± 0
0.3,0.22116 ± 0.010,0.21742 ± 0.010,0.18379 ± 0.008,0.19157 ± 0.008,0.19676 ± 0.006,0.24857 ± 0.010,0.21854 ± 0.009,0 ± 0,0 ± 0,0 ± 0,0 ± 0
0.4,0.23328 ± 0.010,0.24375 ± 0.016,0.20035 ± 0.013,0.21533 ± 0.015,0.21321 ± 0.012,0.26739 ± 0.012,0.23860 ± 0.006,0 ± 0,0 ± 0,0 ± 0,0 ± 0
0.5,0.22490 ± 0.010,0.23661 ± 0.004,0.20813 ± 0.006,0.22600 ± 0.009,0.22966 ± 0.010,0.26016 ± 0.011,0.24041 ± 0.013,0 ± 0,0 ± 0,0 ± 0,0 ± 0
0.6,0.22299 ± 0.007,0.23253 ± 0.013,0.21065 ± 0.008,0.25893 ± 0.019,0.22442 ± 0.010,0.25980 ± 0.008,0.26050 ± 0.027,0 ± 0,0 ± 0,0 ± 0,0 ± 0
0.7,0.22939 ± 0.005,0.23743 ± 0.007,0.22598 ± 0.002,0.24119 ± 0.005,0.24230 ± 0.010,0.25671 ± 0.006,0.30553 ± 0.015,0 ± 0,0 ± 0,0 ± 0,0 ± 0
0.8,0.22636 ± 0.006,0.24292 ± 0.006,0.24457 ± 0.019,0.25665 ± 0.006,0.27540 ± 0.013,0.25568 ± 0.006,0.31824 ± 0.017,0 ± 0,0 ± 0,0 ± 0,0 ± 0
0.9,0.22602 ± 0.005,0.23752 ± 0.004,0.23601 ± 0.014,0.26907 ± 0.020,0.31188 ± 0.019,0.24459 ± 0.005,0.40026 ± 0.010,0 ± 0,0 ± 0,0 ± 0,0 ± 0
