,random,zero,mean,knn,mice,XGB,missforest,mf,hyper,gain,notmiwae,miwae,tabcsdi,ot
0.1,0.43333 ± 0.005,0.39903 ± 0.025,0.23506 ± 0.015,0.14277 ± 0.008,0.14139 ± 0.013,0.15782 ± 0.012,0.18571 ± 0.017,0.25934 ± 0.017,0.14758 ± 0.010,0.23484 ± 0.026,0.15203 ± 0.015,0.15450 ± 0.016,0.26019 ± 0.016,0.26251 ± 0.014
0.2,0.43600 ± 0.005,0.43929 ± 0.007,0.23649 ± 0.011,0.19102 ± 0.022,0.17328 ± 0.013,0.18676 ± 0.016,0.20149 ± 0.014,0.26197 ± 0.015,0.17451 ± 0.013,0.25872 ± 0.025,0.18495 ± 0.014,0.18498 ± 0.018,0.27712 ± 0.009,0.25516 ± 0.016
0.3,0.42497 ± 0.009,0.42229 ± 0.008,0.22116 ± 0.010,0.21742 ± 0.010,0.18379 ± 0.008,0.19157 ± 0.008,0.19676 ± 0.006,0.24857 ± 0.010,0.17531 ± 0.014,0.21854 ± 0.009,0.18497 ± 0.009,0.18327 ± 0.010,0.25715 ± 0.009,0.24212 ± 0.008
0.4,0.41374 ± 0.003,0.44086 ± 0.009,0.23328 ± 0.010,0.24375 ± 0.016,0.20035 ± 0.013,0.21533 ± 0.015,0.21321 ± 0.012,0.26739 ± 0.012,0.19979 ± 0.013,0.23860 ± 0.006,0.20430 ± 0.010,0.20542 ± 0.009,0.27569 ± 0.008,0.25359 ± 0.011
0.5,0.43026 ± 0.007,0.40512 ± 0.009,0.22490 ± 0.010,0.23661 ± 0.004,0.20813 ± 0.006,0.22600 ± 0.009,0.22966 ± 0.010,0.26016 ± 0.011,0.20740 ± 0.011,0.24041 ± 0.013,0.21026 ± 0.006,0.20768 ± 0.010,0.26300 ± 0.007,0.24860 ± 0.008
0.6,0.42078 ± 0.007,0.42727 ± 0.005,0.22299 ± 0.007,0.23253 ± 0.013,0.21065 ± 0.008,0.25893 ± 0.019,0.22442 ± 0.010,0.25980 ± 0.008,0.21685 ± 0.010,0.26050 ± 0.027,0.20579 ± 0.007,0.21065 ± 0.009,0.26463 ± 0.006,0.24511 ± 0.004
0.7,0.42448 ± 0.004,0.42515 ± 0.004,0.22939 ± 0.005,0.23743 ± 0.007,0.22598 ± 0.002,0.24119 ± 0.005,0.24230 ± 0.010,0.25671 ± 0.006,0.23119 ± 0.008,0.30553 ± 0.015,0.22725 ± 0.004,0.22162 ± 0.005,0.27210 ± 0.008,0.25283 ± 0.008
0.8,0.42876 ± 0.004,0.41830 ± 0.005,0.22636 ± 0.006,0.24292 ± 0.006,0.24457 ± 0.019,0.25665 ± 0.006,0.27540 ± 0.013,0.25568 ± 0.006,0.27145 ± 0.009,0.31824 ± 0.017,0.23602 ± 0.009,0.22440 ± 0.006,0.27401 ± 0.006,0.24914 ± 0.004
0.9,0.43039 ± 0.003,0.42002 ± 0.001,0.22602 ± 0.005,0.23752 ± 0.004,0.23601 ± 0.014,0.26907 ± 0.020,0.31188 ± 0.019,0.24459 ± 0.005,0.28246 ± 0.015,0.40026 ± 0.010,1.31147 ± 0.652,0.23060 ± 0.008,0.27642 ± 0.004,0.24976 ± 0.006
