,random,zero,mean,knn,mice,XGB,missforest,mf,hyper,gain,notmiwae,miwae,tabcsdi,ot
0.1,0.95510,0.82183,0.77043,0.76084,0.75980,40757605860847.86719,0.76139,0.77139,0.75855,0.77646,0.80542,0.80503,14453275.33524,0.78141
0.2,1.10559,0.87885,0.77973,0.77718,0.77000,2420916573557251644351339036672.00000,0.77123,0.78203,0.76493,0.78316,0.81127,0.81707,13435516.90387,0.79935
0.3,1.23166,0.93653,0.79848,0.79760,0.78522,5889715379122208768000.00000,0.78748,0.80308,0.77691,0.80604,0.81768,0.82669,12838231.24463,0.83175
0.4,1.34149,0.99786,0.82024,0.82984,0.80023,992308029795961533669442866567446528.00000,0.79838,0.82975,0.78629,0.82413,0.83359,0.83393,11948912.45936,0.86767
0.5,1.41825,0.98711,0.81696,0.85072,0.82649,0.81696,0.80514,0.83048,0.79183,0.82698,0.83914,0.83335,10635921.62515,0.86884
0.6,1.43149,1.03611,0.84417,0.86963,0.82483,0.84417,0.83740,0.85216,0.82240,0.86560,0.84211,0.85218,9805004.11580,0.90882
0.7,1.50770,1.06243,0.85994,0.88717,0.84542,0.85994,0.87743,0.86914,0.85135,0.91592,0.85651,0.86583,8346108.63201,0.93123
0.8,1.53326,1.08685,0.86976,0.90276,0.88202,0.86976,0.91211,0.87955,0.86939,0.96412,0.88618,0.88154,6667975.90442,0.95050
0.9,1.50937,1.09254,0.90017,0.91033,0.90602,0.90017,0.99524,0.90917,0.93717,0.98897,3.30001,0.91601,4902675.60227,0.99167
