,random,zero,mean,knn,mice,XGB,missforest,mf,hyper,gain,notmiwae,miwae,tabcsdi,ot
0.1,0.85371,0.79616,0.72738,0.71679,0.71527,0.81343,0.71893,0.72844,0.71406,0.73791,0.79000,0.78881,0.98437,0.74706
0.2,0.93047,0.86900,0.74475,0.74102,0.73289,0.90669,0.73836,0.74563,0.73103,0.75875,0.79242,0.79759,0.98437,0.78585
0.3,0.94536,0.90413,0.77296,0.77272,0.75981,0.88972,0.75830,0.77997,0.74923,0.79162,0.80509,0.81137,0.98437,0.83208
0.4,0.97792,0.93779,0.79530,0.80777,0.77365,0.84271,0.77365,0.80727,0.76000,0.80468,0.82523,0.82280,0.98437,0.87295
0.5,0.99642,0.93055,0.79911,0.84403,0.78130,0.79911,0.79537,0.81395,0.77512,0.81315,0.83335,0.82544,0.98435,0.89228
0.6,0.99742,0.97055,0.82456,0.85899,0.80872,0.82456,0.84235,0.83590,0.81039,0.85986,0.83475,0.84646,0.98430,0.92704
0.7,1.00274,0.98023,0.85168,0.88038,0.84219,0.85168,0.87828,0.86614,0.85232,0.89672,0.86012,0.86291,0.98478,0.96604
0.8,1.00337,0.97535,0.86234,0.90323,0.86220,0.86234,0.91448,0.87626,0.86968,0.97569,0.88330,0.88181,0.98080,0.99570
0.9,0.99905,0.98592,0.90205,0.91586,0.91041,0.90205,0.98569,0.91415,0.95920,0.94390,1.00994,0.92270,0.97028,1.04335
