,random,zero,mean,knn,mice,XGB,missforest,mf,hyper,gain,notmiwae,miwae,tabcsdi,ot
0.1,0.90684,0.83000,0.75034,0.73981,0.73826,37833990939291.86719,0.74088,0.75319,0.73803,0.75564,0.80543,0.80416,10839724.84810,0.76261
0.2,1.01530,0.93997,0.76440,0.76263,0.75168,470725940361739783655210876928.00000,0.75432,0.76624,0.74931,0.76764,0.81136,0.82491,9842346.94102,0.78987
0.3,1.10328,1.08851,0.78806,0.78478,0.77042,30670686575374750449664.00000,0.77242,0.79299,0.76137,0.79593,0.82445,0.82492,9313399.94485,0.82439
0.4,1.22775,1.28403,0.80639,0.81916,0.78691,3326285607465598905662659089901027328.00000,0.78550,0.81883,0.77261,0.81283,0.83522,0.83701,8623086.18541,0.86100
0.5,1.30095,1.43462,0.81109,0.84565,0.80855,0.81109,0.79660,0.82830,0.78215,0.82162,0.84759,0.83536,7949467.12491,0.86202
0.6,1.30318,1.70741,0.84312,0.86710,0.81931,0.84312,0.82606,0.85943,0.81454,0.86844,0.84957,0.86205,7308442.44224,0.90400
0.7,1.37284,1.95183,0.85652,0.88717,0.84615,0.85652,0.87628,0.87694,0.84874,0.95114,0.86311,0.86797,6277311.97455,0.93025
0.8,1.39886,2.18647,0.87529,0.90583,0.88457,0.87529,0.90662,0.88961,0.86654,1.17598,0.91334,0.90081,5155924.10997,0.95136
0.9,1.39148,2.45638,0.87946,0.89704,0.88817,0.87946,0.99391,0.89083,0.93556,1.37669,3.60330,0.88758,3674607.68626,1.00130
