,train_ML_f1_mean,train_ML_f1_std,test_ML_f1_mean,test_ML_f1_std
0.1,0.9462266655065996,0.009623849035925166,0.9452270187264503,0.020593875200305613
0.2,0.9156785907278205,0.01175163594439741,0.9066921143449461,0.02911401392388126
0.3,0.8998807703891902,0.019945463974281086,0.8904852346411808,0.027026613164638218
0.4,0.8938290434214631,0.02369430488690897,0.8820753445079103,0.04735252285786433
0.5,0.9053445479292088,0.028172966032448274,0.8941649421920902,0.045468069149532296
0.6,0.8956042164577317,0.015265265508215886,0.8818082359052868,0.02197214419571573
0.7,0.9431245208318405,0.016213547899383805,0.9222153672751567,0.015104859756623994
0.8,0.785764689676254,0.006836504210920757,0.7793518806069081,0.018966615778670905
