,train_ML_f1_mean,train_ML_f1_std,test_ML_f1_mean,test_ML_f1_std
0.1,0.9405891076214445,0.006815490943611081,0.9348346633932044,0.02333690444895857
0.2,0.9075416474594247,0.008770777752119232,0.8999366578844732,0.018184467400330476
0.3,0.8989852065424511,0.014350082101274975,0.8934539192045758,0.02717708160623419
0.4,0.8554212102776914,0.04023298402793774,0.8525450969060108,0.054798275662128186
0.5,0.8874615715487154,0.031816159140468286,0.881357654314068,0.04497290206668835
0.6,0.8923955185390268,0.013724325763900612,0.8773424625163541,0.023614809063505788
0.7,0.9241896174195892,0.01926582942972574,0.9081734083202754,0.014475471132094854
0.8,0.7960370152684554,0.0025658786353897124,0.7802322306959288,0.01974173144601771
