,mean,knn,mice,XGB,missforest,mf,hyper,gain,notmiwae,miwae,tabcsdi,ot
0.1,0.83209 ± 0.029,0.83408 ± 0.034,0.83828 ± 0.031,0.82760 ± 0.033,0.83664 ± 0.031,0.83321 ± 0.031,0.83253 ± 0.029,0.77677 ± 0.037,0.82721 ± 0.032,0.82857 ± 0.034,0.53805 ± 0.020,0.83288 ± 0.023
0.2,0.85326 ± 0.041,0.84368 ± 0.038,0.82911 ± 0.030,0.84579 ± 0.022,0.84463 ± 0.032,0.84845 ± 0.048,0.84596 ± 0.022,0.76971 ± 0.048,0.83047 ± 0.023,0.82736 ± 0.028,0.52371 ± 0.041,0.83074 ± 0.038
0.3,0.83510 ± 0.031,0.83532 ± 0.030,0.83483 ± 0.031,0.85315 ± 0.030,0.83448 ± 0.023,0.82938 ± 0.041,0.81276 ± 0.034,0.76999 ± 0.026,0.82308 ± 0.023,0.83701 ± 0.026,0.53395 ± 0.042,0.82208 ± 0.030
0.4,0.83126 ± 0.027,0.83371 ± 0.028,0.82882 ± 0.032,0.83406 ± 0.030,0.83424 ± 0.030,0.83178 ± 0.026,0.82776 ± 0.036,0.74608 ± 0.071,0.81492 ± 0.035,0.82859 ± 0.028,0.54200 ± 0.029,0.82797 ± 0.029
0.5,0.82726 ± 0.035,0.82661 ± 0.039,0.83774 ± 0.034,0.83288 ± 0.039,0.82181 ± 0.032,0.82404 ± 0.037,0.81134 ± 0.038,0.78450 ± 0.029,0.81971 ± 0.036,0.82307 ± 0.031,0.50516 ± 0.026,0.81655 ± 0.035
0.6,0.82765 ± 0.038,0.82477 ± 0.041,0.83998 ± 0.030,0.82783 ± 0.030,0.83753 ± 0.039,0.82407 ± 0.048,0.82073 ± 0.037,0.77865 ± 0.033,0.83007 ± 0.029,0.82073 ± 0.026,0.55407 ± 0.034,0.80890 ± 0.050
0.7,0.83530 ± 0.025,0.84003 ± 0.034,0.82850 ± 0.036,0.83711 ± 0.035,0.83896 ± 0.020,0.83994 ± 0.032,0.82203 ± 0.031,0.75756 ± 0.030,0.82883 ± 0.033,0.81898 ± 0.025,0.53783 ± 0.028,0.83359 ± 0.016
0.8,0.83504 ± 0.026,0.83809 ± 0.028,0.83841 ± 0.027,0.83549 ± 0.030,0.82842 ± 0.034,0.83073 ± 0.032,0.82167 ± 0.046,0.72093 ± 0.035,0.80500 ± 0.039,0.82887 ± 0.030,0.51900 ± 0.012,0.81037 ± 0.028
