,random,zero,mean,knn,mice,XGB,missforest,mf,hyper,gain,notmiwae,miwae,tabcsdi,ot
0.1,0.81050,0.83632,0.80786,0.80750,0.81505,0.81285,0.80155,0.80719,0.80534,0.75972,0.75850,0.79008,0.49524,0.80158
0.2,0.81267,0.83632,0.82265,0.82444,0.82315,0.80979,0.81788,0.81762,0.82005,0.75175,0.74051,0.81936,0.47541,0.80328
0.3,0.80362,0.83632,0.82268,0.82155,0.39842,0.81573,0.82342,0.81931,0.80327,0.76327,0.76333,0.81096,0.45820,0.80995
0.4,0.79885,0.83632,0.81474,0.81471,0.73100,0.80885,0.81977,0.81427,0.81994,0.76151,0.40115,0.79345,0.47588,0.80813
0.5,0.77664,0.83473,0.80386,0.79683,0.58934,0.79908,0.80895,0.80243,0.79017,0.75776,0.76563,0.78587,0.44547,0.79186
0.6,0.76644,0.83055,0.82104,0.80216,0.80524,0.81425,0.81735,0.81518,0.79688,0.75451,0.67618,0.80316,0.52476,0.79375
0.7,0.75589,0.82196,0.78755,0.78717,0.79239,0.78929,0.79629,0.79189,0.78563,0.74644,0.45164,0.79277,0.46824,0.78104
0.8,0.75724,0.81833,0.80335,0.80918,0.39842,0.80550,0.81011,0.80197,0.80853,0.74436,0.78236,0.80195,0.50956,0.78872
