,random,zero,mean,knn,mice,XGB,missforest,mf,hyper,gain,notmiwae,miwae,tabcsdi,ot
0.1,0.79904 ± 0.032,0.80847 ± 0.032,0.79137 ± 0.038,0.79446 ± 0.041,0.80528 ± 0.046,0.80301 ± 0.032,0.79778 ± 0.040,0.79558 ± 0.040,0.78682 ± 0.036,0.75200 ± 0.041,0.79589 ± 0.029,0.78668 ± 0.049,0.58672 ± 0.034,0.79016 ± 0.038
0.2,0.79688 ± 0.037,0.80847 ± 0.032,0.80392 ± 0.041,0.80233 ± 0.037,0.79913 ± 0.039,0.80510 ± 0.025,0.81040 ± 0.037,0.80449 ± 0.038,0.80934 ± 0.030,0.74705 ± 0.041,0.82155 ± 0.027,0.80764 ± 0.034,0.57040 ± 0.055,0.79206 ± 0.037
0.3,0.79682 ± 0.042,0.80847 ± 0.032,0.81056 ± 0.033,0.80819 ± 0.033,0.72351 ± 0.166,0.81112 ± 0.039,0.81411 ± 0.031,0.80472 ± 0.036,0.79657 ± 0.033,0.74806 ± 0.040,0.80208 ± 0.023,0.79441 ± 0.044,0.51858 ± 0.018,0.80324 ± 0.029
0.4,0.80184 ± 0.042,0.80847 ± 0.032,0.79438 ± 0.043,0.79760 ± 0.037,0.75556 ± 0.105,0.80006 ± 0.037,0.80057 ± 0.036,0.80303 ± 0.039,0.80812 ± 0.038,0.75673 ± 0.042,0.80124 ± 0.039,0.77625 ± 0.051,0.58922 ± 0.043,0.80074 ± 0.040
0.5,0.78814 ± 0.041,0.80621 ± 0.034,0.78977 ± 0.032,0.78923 ± 0.036,0.80073 ± 0.039,0.80335 ± 0.034,0.80094 ± 0.036,0.79333 ± 0.030,0.78667 ± 0.031,0.76254 ± 0.045,0.79334 ± 0.033,0.78149 ± 0.042,0.53328 ± 0.038,0.78956 ± 0.041
0.6,0.79389 ± 0.039,0.81339 ± 0.027,0.79998 ± 0.050,0.79905 ± 0.037,0.78966 ± 0.042,0.81091 ± 0.035,0.80438 ± 0.045,0.79740 ± 0.033,0.79186 ± 0.043,0.75862 ± 0.056,0.82634 ± 0.042,0.79586 ± 0.036,0.50107 ± 0.051,0.78545 ± 0.045
0.7,0.75110 ± 0.062,0.79725 ± 0.041,0.77314 ± 0.040,0.78255 ± 0.039,0.77841 ± 0.043,0.77874 ± 0.042,0.79270 ± 0.035,0.78844 ± 0.035,0.78957 ± 0.031,0.73330 ± 0.044,0.81536 ± 0.053,0.79934 ± 0.031,0.54108 ± 0.019,0.78192 ± 0.044
0.8,0.75870 ± 0.034,0.79251 ± 0.037,0.79689 ± 0.058,0.80774 ± 0.048,0.70699 ± 0.155,0.79455 ± 0.048,0.80035 ± 0.053,0.79841 ± 0.050,0.79341 ± 0.055,0.73350 ± 0.025,0.79560 ± 0.044,0.78361 ± 0.040,0.52233 ± 0.030,0.77581 ± 0.041
