,mean,knn,mice,XGB,missforest,mf,hyper,gain,notmiwae,miwae,tabcsdi,ot
0.1,0.59635 ± 0.002,0.57891 ± 0.001,0.58057 ± 0.010,0.57174 ± 0.005,0.59961 ± 0.013,0.56314 ± 0.004,0.57916 ± 0.002,0.54649 ± 0.004,2.49705 ± 0.247,0.56556 ± 0.020,0.06593 ± 0.013,0.60447 ± 0.007
0.2,0.49806 ± 0.007,0.46642 ± 0.016,0.87898 ± 0.852,0.50084 ± 0.039,0.48329 ± 0.012,0.44819 ± 0.016,0.47177 ± 0.014,0.40004 ± 0.023,3.51085 ± 0.416,0.43299 ± 0.017,0.07384 ± 0.005,0.50373 ± 0.014
0.3,0.43039 ± 0.003,0.41020 ± 0.003,13600.50300 ± 17503.062,0.41465 ± 0.009,0.42861 ± 0.008,0.39344 ± 0.009,0.40611 ± 0.011,0.39148 ± 0.063,2.62541 ± 0.147,0.40499 ± 0.013,0.06830 ± 0.003,0.44068 ± 0.011
0.4,0.48632 ± 0.006,0.45480 ± 0.001,5878.23100 ± 7213.426,0.49793 ± 0.044,0.47397 ± 0.008,0.44509 ± 0.015,0.47455 ± 0.036,0.51784 ± 0.095,3.24632 ± 0.490,0.43103 ± 0.013,0.07026 ± 0.003,0.48814 ± 0.025
0.5,0.59635 ± 0.006,0.57680 ± 0.004,19419594000000000.00000 ± 38839187000000000.000,0.63134 ± 0.050,0.58805 ± 0.004,0.54401 ± 0.018,0.57809 ± 0.022,0.62371 ± 0.056,3.57673 ± 0.351,0.57421 ± 0.018,0.06957 ± 0.004,0.59954 ± 0.024
0.6,0.47528 ± 0.007,0.44483 ± 0.003,528565400000.00000 ± 1057130800000.000,0.47391 ± 0.030,0.46172 ± 0.009,0.43190 ± 0.016,0.44987 ± 0.029,0.47221 ± 0.052,3.19692 ± 0.170,0.42027 ± 0.021,0.07593 ± 0.002,0.47882 ± 0.021
0.7,0.52858 ± 0.005,0.49859 ± 0.002,6395.64200 ± 12789.600,0.52056 ± 0.032,0.51078 ± 0.004,0.47889 ± 0.013,0.51200 ± 0.022,0.52613 ± 0.044,2.93419 ± 0.245,0.47455 ± 0.008,0.08502 ± 0.003,0.53461 ± 0.015
0.8,0.43778 ± 0.003,0.40793 ± 0.001,6415.32900 ± 11604.338,0.43097 ± 0.031,0.42907 ± 0.012,0.40810 ± 0.011,0.41994 ± 0.012,0.39731 ± 0.020,2.34291 ± 0.216,0.38354 ± 0.020,0.09256 ± 0.002,0.44879 ± 0.010
