,mean,knn,mice,XGB,missforest,mf,gain,mcflow,notmiwae,miwae,tabcsdi
0.1,0.59635 ± 0.002,0.57891 ± 0.001,0.58057 ± 0.010,0.57174 ± 0.005,0 ± 0,0 ± 0,0.54649 ± 0.004,0 ± 0,0 ± 0,0 ± 0,0 ± 0
0.2,0.49806 ± 0.007,0.46642 ± 0.016,0.87898 ± 0.852,0.50084 ± 0.039,0 ± 0,0 ± 0,0.40004 ± 0.023,0 ± 0,0 ± 0,0 ± 0,0 ± 0
0.3,0.43039 ± 0.003,0.41020 ± 0.003,13600.50300 ± 17503.062,0.41465 ± 0.009,0 ± 0,0 ± 0,0.39148 ± 0.063,0 ± 0,0 ± 0,0 ± 0,0 ± 0
0.4,0.48632 ± 0.006,0.45480 ± 0.001,5878.23100 ± 7213.426,0.49793 ± 0.044,0 ± 0,0 ± 0,0.51784 ± 0.095,0 ± 0,0 ± 0,0 ± 0,0 ± 0
0.5,0.59635 ± 0.006,0.57680 ± 0.004,19419594000000000.00000 ± 38839187000000000.000,0.63134 ± 0.050,0 ± 0,0 ± 0,0.62371 ± 0.056,0 ± 0,0 ± 0,0 ± 0,0 ± 0
0.6,0.47528 ± 0.007,0.44483 ± 0.003,528565400000.00000 ± 1057130800000.000,0.47391 ± 0.030,0 ± 0,0 ± 0,0.47221 ± 0.052,0 ± 0,0 ± 0,0 ± 0,0 ± 0
0.7,0.52858 ± 0.005,0.49859 ± 0.002,6395.64200 ± 12789.600,0.52056 ± 0.032,0 ± 0,0 ± 0,0.52613 ± 0.044,0 ± 0,0 ± 0,0 ± 0,0 ± 0
0.8,0.43778 ± 0.003,0.40793 ± 0.001,6415.32900 ± 11604.338,0.43097 ± 0.031,0 ± 0,0 ± 0,0.39731 ± 0.020,0 ± 0,0 ± 0,0 ± 0,0 ± 0
