,random,zero,mean,knn,mice,XGB,missforest,mf,hyper,gain,notmiwae,miwae,tabcsdi,ot
0.3,0.48921 ± 0.007,0.31257 ± 0.017,0.13458 ± 0.005,0.09220 ± 0.005,0.09411 ± 0.012,101.83591 ± 203.277,0.09514 ± 0.002,0.13341 ± 0.010,0.12650 ± 0.019,0.14366 ± 0.018,0.11195 ± 0.004,0.11333 ± 0.004,0.14845 ± 0.003,0.16852 ± 0.004
0.5,0.48721 ± 0.004,0.31126 ± 0.011,0.13112 ± 0.005,0.12260 ± 0.005,0.10662 ± 0.003,0.18036 ± 0.042,0.10401 ± 0.005,0.13384 ± 0.010,0.11208 ± 0.006,0.15391 ± 0.015,0.11346 ± 0.004,0.11472 ± 0.004,0.14654 ± 0.004,0.16572 ± 0.004
0.7,0.48621 ± 0.003,0.31154 ± 0.008,0.13057 ± 0.005,0.15571 ± 0.006,35407.29000 ± 70809.750,0.22049 ± 0.048,0.12249 ± 0.005,0.13675 ± 0.008,0.12889 ± 0.006,0.20513 ± 0.004,0.12049 ± 0.005,0.12225 ± 0.005,0.14708 ± 0.004,0.16515 ± 0.005
