,train_ML_f1_mean,train_ML_f1_std,test_ML_f1_mean,test_ML_f1_std
0.1,0.8013535558018331,0.09871763039616617,0.7414192584914993,0.06182457433984537
0.2,0.756965733495975,0.051798930501146506,0.6703582512755757,0.0705156296653689
0.3,0.7469723784973062,0.06505996896080078,0.6587620675544887,0.04824827422582179
0.4,0.6693012413035457,0.06923581747296015,0.6566116112207437,0.09920939321514637
0.5,0.6474903793170871,0.07313437567823199,0.6379796078910756,0.02834235841842155
0.6,0.46394986407501904,0.08263707700010853,0.5063762451262855,0.0784656725129108
0.7,0.6372839694274537,0.12010531799451057,0.48117169355403017,0.06826229569085507
0.8,0.40430898042277025,0.10351783162056644,0.4290171640854835,0.06098957453264811
0.9,0.5057173662820487,0.10622830340557798,0.38987096565934265,0.09404608920002532
