,train_ML_f1_mean,train_ML_f1_std,test_ML_f1_mean,test_ML_f1_std
0.1,0.5853068596434368,0.10539728818908868,0.7576169663723646,0.09833584050278844
0.2,0.5356618969934643,0.05044045022668217,0.638802185727352,0.06807411826582313
0.3,0.49301250473664265,0.029009790719585423,0.6421479587991268,0.07263897024811625
0.4,0.4776858435681965,0.006069967429577366,0.5346600208500966,0.0708773524270028
0.5,0.5247258955020423,0.07665806268737263,0.6289768106603896,0.07531502041191053
0.6,0.4776858435681965,0.006069967429577366,0.5623444418547312,0.09218124244407698
0.7,0.49252587759628075,0.029092071424448883,0.5550305391799613,0.0417507621803297
0.8,0.4776858435681965,0.006069967429577366,0.5585491877363984,0.07811744981155867
0.9,0.4776858435681965,0.006069967429577366,0.5164706513720309,0.046115130874830074
