,train_ML_f1_mean,train_ML_f1_std,test_ML_f1_mean,test_ML_f1_std
0.1,0.7859028493655237,0.027902579555376016,0.7377528006762353,0.08135070598403563
0.2,0.7536643366547822,0.032191811821791205,0.6535849172478123,0.09263185066482753
0.3,0.6499057098489864,0.06287558387125423,0.5103965268516868,0.041401682486174166
0.4,0.6817442044955335,0.07942202743513677,0.6072106448937168,0.04239622477967447
0.5,0.5448712423676716,0.040968904867748485,0.4730546850166797,0.007844024886627566
0.6,0.6197677133847274,0.03551038000774362,0.5194275587769768,0.040058591645962045
0.7,0.48341493470145636,0.013084688338470627,0.4776858435681965,0.006069967429577366
0.8,0.5192679499145498,0.03618970868309501,0.47447728741846384,0.011116203678075346
