,train_rmse_mean,train_rmse_std,train_mae_mean,train_mae_std,test_rmse_mean,test_rmse_std,test_mae_mean,test_mae_std
0.3,0.4198621,0.0022705582,0.3427186,0.0021646349,0.42191774,0.005814647,0.34631675,0.0055160895
0.5,0.4210795,0.0012106143,0.34364098,0.001215289,0.42150062,0.0043736226,0.34541425,0.00424064
0.7,0.42090052,0.00082320604,0.3435462,0.0007475297,0.42097932,0.0039128903,0.34435138,0.0033406157
