,random,zero,Mean,MF,KNN,MICE,Missforest,XGB,OT,Hyper,GAIN,notmiwae,miwae,tabcsdi
concrete_compression,0.009012953691507324,0.06273045334545016,0.2460573341627715,0.23096309391393444,0.1231167328898124,0.17588856828027136,0.17663404198695823,0.24310415115003145,0.20816844685432487,0.16440103463150307,0.18118292947227907,0.1984201532401444,0.18742257341605278,0.18330930368274528
wine_quality_white,0.00023374928590342165,0.5875107566685185,0.4,0.5997090670062658,0.6,0.33267446042144583,0.8,0.4,0.8,0.6,0.6,0.4,0.6,0.8
wine_quality_red,0.0007309140902036799,0.26800633133907104,0.38362750010951713,0.3855251507980381,0.35177903591175264,0.48711034655756913,0.5050203080034,0.2985149994750268,0.44625900292558907,0.4085430307163714,0.3447515110181071,0.40440320193781093,0.3908642133243433,0.4353457894452616
california,-0.00036063552582384203,0.6388104921083556,0.43881049210835565,0.3952673586194311,0.43881049210835565,0.13664212723477234,0.5582157381625334,0.07954746400452248,0.23881049210835567,0.36575880590962545,0.5582157381625334,0.43881049210835565,0.6388104921083556,0.6388104921083556
qsar_biodegradation,0.0,0.0,0.4243338990609507,0.4349316251271736,0.3706077230138326,0.440885040454595,0.49939100938778164,0.35308353754376637,0.0,0.4430417410294784,0.40230557372935777,0.4364547680000637,0.42827196391318045,0.32796953057834577
yeast,0.015088190097620907,0.26429176706855945,0.44315986050543144,0.44315986050543144,0.321077141479848,0.3902443484786885,0.14569155818761945,0.38440547622405263,0.4161730120764637,0.44315986050543144,0.44315986050543144,0.44315986050543144,0.44315986050543144,0.44315986050543144
yacht_hydrodynamics,0.06244932238911851,0.05451196096884882,0.11801208909439398,0.01702087565840344,0.18272384148386026,0.16871092218734626,0.10385632712208404,0.10538920574260797,0.054760544814512924,0.013038744085507181,0.13079829946865268,0.09200180388656858,0.07204070828543209,0.01790574346015516
