,train_ML_f1_mean,train_ML_f1_std,test_ML_f1_mean,test_ML_f1_std
0.1,0.7637109799311622,0.060070969958898095,0.7660786253665031,0.04442760888123678
0.2,0.7499606560466041,0.07355492382281872,0.7789695197589934,0.044158440013728074
0.3,0.7329018559585256,0.07302640078306198,0.7524178708857232,0.07549675163440996
0.4,0.7451356444490933,0.052167769718510594,0.7660466522630482,0.042630213910552155
0.5,0.709281962039437,0.06822409932480812,0.6278037360243244,0.0466260213861336
0.6,0.7505791216900202,0.03390943285518531,0.7162870295536435,0.04206520051633213
0.7,0.7523769058739219,0.04018610545380247,0.713705591095297,0.055162601993607
0.8,0.6915533192219849,0.08122811842945604,0.6490987839580276,0.11108493503131352
