,train_ML_f1_mean,train_ML_f1_std,test_ML_f1_mean,test_ML_f1_std
0.1,1.0,0.0,0.4186321810519315,0.0570383395337053
0.2,0.9973275132510802,0.003273114439601561,0.5261846032954336,0.11505366705390702
0.3,0.9986594575271461,0.002681084945708001,0.4639807551537675,0.1045741990904134
0.4,1.0,0.0,0.5191799879577231,0.07559281228841094
0.5,0.9959856358892452,0.0053458794580806155,0.42623455272296706,0.07530890081473303
0.6,0.9972888516125634,0.00332092218484993,0.4298940930662193,0.09823742495961071
0.7,0.9986594575271461,0.0026810849457080013,0.5140422889933294,0.11331452739395596
0.8,0.9986565760601854,0.0026868478796291837,0.4789986769199574,0.09672158239153904
0.9,0.987864851963139,0.00782657449636289,0.5068437800106746,0.04720820792771433
