,train_ML_f1_mean,train_ML_f1_std,test_ML_f1_mean,test_ML_f1_std
0.1,0.9838473693722104,0.010875211873595234,0.46181754960702326,0.10866536059486527
0.2,0.967477549434323,0.0093547087224801,0.4946722473839607,0.026522637299471602
0.3,0.9824147207824099,0.00937497503917063,0.4220560873746395,0.08823160789008355
0.4,0.9730035290323681,0.012822621230753735,0.44765367681623836,0.08611497042190867
0.5,0.9715875326673638,0.006751303189325506,0.44085034709319376,0.07964984659811482
0.6,0.9717718076181343,0.009715907396043447,0.41948145090250355,0.03662704255248621
0.7,0.9510836469074716,0.013741861009416757,0.5202157540428594,0.06274187552506907
0.8,0.9420680101086691,0.014239269702571705,0.5034760082937568,0.05728762448721301
0.9,0.8570396413991596,0.03613449449140974,0.4745057062992294,0.06934190724405562
