,train_rmse_mean,train_rmse_std,train_mae_mean,train_mae_std,test_rmse_mean,test_rmse_std,test_mae_mean,test_mae_std
0.1,0.10462868,0.0025314533,0.04384887,0.0011331049,0.1044137,0.009381081,0.04400391,0.0038126614
0.2,0.10866419,0.0022890244,0.045898326,0.00092731055,0.11008879,0.010486452,0.046844665,0.0035944209
0.3,0.11844472,0.0011681891,0.05140453,0.001601039,0.119424924,0.0028652677,0.051903926,0.0017025496
0.4,0.11424518,0.00042212402,0.05206897,0.00020458613,0.116688,0.0053821737,0.053023674,0.0017565436
0.5,0.107910946,0.0012471301,0.05193007,0.00054935017,0.10919851,0.005619769,0.052772045,0.0025390247
0.6,0.106531225,0.0008657765,0.053016532,0.0009793756,0.10773189,0.0009702634,0.053612452,0.0008677251
0.7,0.11824314,0.0025131458,0.06015607,0.0013892447,0.11886028,0.004732186,0.06066991,0.0018738307
0.8,0.12358761,0.0024149583,0.065737344,0.0014520468,0.12497963,0.0032464033,0.066328876,0.0016751364
0.9,0.13068144,0.001790783,0.07385771,0.0011226421,0.13206233,0.004772514,0.07453134,0.0017547624
