,train_ML_f1_mean,train_ML_f1_std,test_ML_f1_mean,test_ML_f1_std
0.1,0.7892752520184013,0.006322467212901831,0.7922981949745059,0.044665083897879786
0.2,0.788177236940758,0.019805763806065482,0.7795890642618645,0.033970932934867665
0.3,0.7725863050169971,0.011455443009526639,0.7754092725154231,0.035962636825713185
0.4,0.7541347457844445,0.012122884861732599,0.7523291006441107,0.030820260277422837
0.5,0.7463250516361885,0.009994212300510511,0.7363658847382621,0.03325828047663581
0.6,0.7426295034731962,0.0057215154590592255,0.7238102243468362,0.03757115635678989
0.7,0.6860738856027961,0.0182602687627549,0.680087998385791,0.030751687320001622
0.8,0.6310588525976508,0.03901959906240678,0.6424324634409937,0.027149871530899018
0.9,0.3972315819715694,0.0016907381296862522,0.39842406976903394,0.007541615391697323
