,train_ML_f1_mean,train_ML_f1_std,test_ML_f1_mean,test_ML_f1_std
0.1,0.8498558547802734,0.0060166018870278955,0.834079114905115,0.03403138338957547
0.2,0.8658189423362543,0.011505462424667112,0.8436828419820396,0.038210281835531774
0.3,0.8590102682611522,0.009106762332134845,0.835316738207441,0.030044895317022008
0.4,0.8503208486871421,0.009136119086366846,0.8337082990930075,0.027897780759534894
0.5,0.8493900944616628,0.011439697900782149,0.8266141687904002,0.03941252008814001
0.6,0.8498896105295426,0.011021495994597426,0.8247727172845327,0.04128897735577787
0.7,0.8529302519324993,0.005367257785227241,0.8400278304975662,0.03359349201013357
0.8,0.8438127120362026,0.011176850657960416,0.8380942650000964,0.02823538033014953
