,train_ML_rmse_mean,train_ML_rmse_std,test_ML_rmse_mean,test_ML_rmse_std
0.1,0.7110457514425172,0.0034716232852959198,0.740617815305544,0.01344416531470659
0.2,0.7392790363955115,0.0012425553851634717,0.7724089575226067,0.01095254952359282
0.3,0.7642770428983179,0.006373124222297481,0.7989377196674643,0.018595259175831852
0.4,0.7822787189327518,0.005648082426430256,0.8236188363070228,0.01171614471862406
0.5,0.7975016371117741,0.0050145930814815155,0.8284208627263286,0.018486771538706544
0.6,0.8208261033790855,0.005573847985599112,0.85666262327815,0.01574014768192029
0.7,0.8315773000089928,0.003517179488852457,0.8719920138500965,0.01213507904388773
0.8,0.8503758859205617,0.004010699886376551,0.8807672728347139,0.014372408666497864
0.9,0.8537364541621362,0.0042950700600369075,0.8894936529791163,0.013611687038649904
