,train_ML_rmse_mean,train_ML_rmse_std,test_ML_rmse_mean,test_ML_rmse_std
0.1,0.7798457462193333,0.003595009581432131,0.7792861245565323,0.010660648892284063
0.2,0.7957524101864193,0.003914810355900001,0.7915488074513989,0.01586275160851187
0.3,0.8129272476836376,0.005959072242048409,0.8104510429194212,0.015111085752923803
0.4,0.8298073625622434,0.006008340351699989,0.8322358943159806,0.01350812854580619
0.5,0.8353977918181817,0.003512346303206396,0.8327714329384488,0.01767357566681997
0.6,0.8551018012975551,0.006075086492291752,0.8585494847658246,0.012677246175331896
0.7,0.8684044519687151,0.004349715445473021,0.868777551039227,0.015432640901628063
0.8,0.8797311695727299,0.004441965896296277,0.879014223311037,0.015535789261754888
0.9,0.8865090089072636,0.0038113809690034786,0.8866035809635259,0.013759715390587587
