,train_ML_f1_mean,train_ML_f1_std,test_ML_f1_mean,test_ML_f1_std
0.1,0.8100376155597028,0.0644685856200017,0.8263945343357108,0.08214608782233437
0.2,0.7625569922902911,0.06655076403783237,0.7186826545298945,0.06597703948092493
0.3,0.7317432277365632,0.05784780210535075,0.7850389540105336,0.043281164633160625
0.4,0.6613487282664985,0.06169161715215402,0.7102523856622217,0.09254063349595693
0.5,0.6189792339445036,0.03646553724273407,0.5760461643619539,0.08436873591004732
0.6,0.5050294221873783,0.0559329772902956,0.6447812452854469,0.07871866896946285
0.7,0.5138309295374512,0.05859995516254077,0.7137387716944342,0.06513732351404593
0.8,0.5185414211378737,0.04814213356689687,0.6355345274995561,0.07706834312147307
