,train_ML_f1_mean,train_ML_f1_std,test_ML_f1_mean,test_ML_f1_std
0.1,0.8306321744860276,0.04792618660188007,0.8219848538856883,0.03534350587890281
0.2,0.8053000643119809,0.04749530425319456,0.7364940285908028,0.03543338053699711
0.3,0.7944778828822475,0.03497395885452035,0.7906813250975606,0.03186581807108217
0.4,0.7458318810169201,0.033498477046155786,0.6450614531849285,0.0683094035773973
0.5,0.701186891969851,0.05571980725972121,0.5363947623847732,0.09315825557182024
0.6,0.6208774635897397,0.0707311314561178,0.6989253381522363,0.03770510080727117
0.7,0.6567058638176879,0.16403498385925872,0.6404448311948311,0.06847720478105589
0.8,0.781647027590986,0.0750711655318345,0.4434505194489356,0.1169731248040931
