,train_ML_f1_mean,train_ML_f1_std,test_ML_f1_mean,test_ML_f1_std
0.1,0.7573233880517162,0.06563158425951086,0.7835989773156437,0.0644002044794154
0.2,0.761134467816967,0.08420502301215545,0.746415630013785,0.03212002149990901
0.3,0.7603567400331809,0.07343026903105691,0.7724896763596455,0.05512505627408979
0.4,0.692930902872064,0.06292255801945137,0.6435627915501866,0.07774965877769797
0.5,0.6690705237265405,0.06439962664950227,0.47804735342048776,0.10100128480431625
0.6,0.6521524469498506,0.08701374149691363,0.628688117494655,0.0639072067579933
0.7,0.6544677200214732,0.09039267115071359,0.6274087942443187,0.09359409674397767
0.8,0.6978410259668557,0.051238764488840474,0.46980881207473,0.09678150563428455
