,train_ML_rmse_mean,train_ML_rmse_std,test_ML_rmse_mean,test_ML_rmse_std
0.1,0.7279879922716715,0.0026701294916587777,0.7291999719956794,0.009075560464707987
0.2,0.7295308449437152,0.0025258488431287147,0.7306823849493489,0.007441221228591154
0.3,0.7268945638926132,0.0026681867631318714,0.7280340360612267,0.0077649405062374536
0.4,0.7289679156370962,0.0024264843130685143,0.7303425517001343,0.00841388231779939
0.5,0.7315499392780597,0.002643663248088496,0.7330157020938649,0.008598833691880784
0.6,1.000567752252381,0.005782137811706698,1.0002850006982473,0.009132277570515799
0.7,0.9840630870950908,0.005850434566321623,0.98275037536191,0.008197341725064344
0.8,0.9345892927709697,0.00501311708565495,0.9367346836138377,0.008851742772510596
