,train_ML_rmse_mean,train_ML_rmse_std,test_ML_rmse_mean,test_ML_rmse_std
0.1,0.617139086139791,0.0015041990144010532,0.6267049071898362,0.00890380158138334
0.2,0.6330445796662537,0.00208982608212203,0.6406661958451273,0.005193967016116376
0.3,0.6162353277306198,0.0023679856611722974,0.6252366073834736,0.008809333945110178
0.4,0.6363557128977181,0.0024684145145430535,0.6437909394160339,0.008212377017984916
0.5,0.6446382232914443,0.002749448575464158,0.6504019723706291,0.004472631193346848
0.6,0.9108205301208446,0.006631418788464839,0.917097759024857,0.011597643466681285
0.7,0.8246579081217771,0.005807299046854762,0.8322737374798947,0.00571204364915894
0.8,0.8391687021387391,0.0064639264477845924,0.8439999118402397,0.010541473157300203
