,train_ML_rmse_mean,train_ML_rmse_std,test_ML_rmse_mean,test_ML_rmse_std
0.1,0.6728748533703957,0.0020018213981191036,0.6751683440258773,0.007482704907259305
0.2,0.6767312316521508,0.001649077364593021,0.6790937135811058,0.005828617467658267
0.3,0.673689211872227,0.0017102624339682738,0.6760023031161335,0.006401585482579697
0.4,0.674539642032468,0.0019162472354030456,0.6766186643090466,0.006885216349107104
0.5,0.6771990903132219,0.002017541619134265,0.67931275947217,0.007076271035545328
0.6,0.943361738474372,0.003326617481220218,0.944474183983212,0.0076238855114077715
0.7,0.8925370777780841,0.0032481499342791836,0.8946496814697864,0.007922737832671453
0.8,0.9061026463424072,0.004419032836685971,0.9090606360236958,0.011412125511321387
