,train_ML_f1_mean,train_ML_f1_std,test_ML_f1_mean,test_ML_f1_std
0.1,0.1325913928089499,0.009494012326331494,0.13429668664502795,0.014012179956089017
0.2,0.1182068244345323,0.01118563959972689,0.1235440595708194,0.017594833821114774
0.3,0.11225191974507291,0.0103904249981821,0.11518479591032367,0.013567089913783949
0.4,0.10958241636079391,0.013869133647493346,0.1122073628557001,0.01111245449088343
0.5,0.09247395247646248,0.01566524105332737,0.09393229511064763,0.012398691090419538
0.6,0.08387858931546185,0.011919846661803206,0.08626637203979137,0.017811306776189438
0.7,0.08345926717272428,0.012092688330940576,0.08934278206175837,0.013713893559297464
0.8,0.0682493584095253,0.008754375089316572,0.07405965936963815,0.017336745641964676
0.9,0.059674904056484054,0.003427855082943803,0.06064523437227241,0.009772366302702024
