,train_ML_f1_mean,train_ML_f1_std,test_ML_f1_mean,test_ML_f1_std
0.1,0.20960616861138676,0.02209845422312774,0.2090887526580283,0.021790532553425883
0.2,0.13566696052092952,0.002783815368627895,0.14125985980684502,0.016001847838735376
0.3,0.13651821138813122,0.01610119249625431,0.14452186183608012,0.03319221922412227
0.4,0.12418452511442324,0.011064852794959333,0.13052938877879988,0.015475980790095135
0.5,0.088891931528139,0.016567143125263962,0.088035909611424,0.011632405617785628
0.6,0.07926034409411745,0.01373478634971968,0.07905123012677058,0.018645425613495116
0.7,0.06863378843608085,0.002522945272975687,0.070978784961953,0.00717697411171377
0.8,0.062076819939153594,0.013659470031496906,0.06454558432341892,0.01119801601242455
0.9,0.04881769239566437,0.0020419308324717924,0.05073928554635347,0.0046201835419234045
