,train_ML_f1_mean,train_ML_f1_std,test_ML_f1_mean,test_ML_f1_std
0.1,0.21843499539045128,0.046018578938944975,0.20414840678410032,0.02651459055762908
0.2,0.13740112057928305,0.0037064434703081733,0.14914343449055217,0.015848876571181395
0.3,0.15043791880306684,0.025515590233197764,0.1559042815391721,0.03355322729609419
0.4,0.13160139835208345,0.007287210995066889,0.12928129135804828,0.013667595020291821
0.5,0.11249332309808424,0.015083202070894175,0.11512879363853697,0.018975674962950967
0.6,0.11446858244631256,0.007767962501630288,0.1204477353105807,0.018310099538938474
0.7,0.09818870015640463,0.012721495482137265,0.09876880424040987,0.012483504700704036
0.8,0.10362733939734721,0.03376274285631991,0.09176710590423953,0.027844550542155212
0.9,0.05624145312813815,0.009958998943741816,0.055537685733791434,0.005126608468058713
