,train_ML_f1_mean,train_ML_f1_std,test_ML_f1_mean,test_ML_f1_std
0.1,0.5408073512612595,0.037034529278319246,0.5169446409230437,0.0590416417467165
0.2,0.539807892443268,0.03840518651971217,0.5095852461018107,0.0618204770109245
0.3,0.5410848656208662,0.04063651146411314,0.5107848580923945,0.05602289882473929
0.4,0.5485518407930432,0.03828188525561865,0.5075432300731724,0.05639114486753438
0.5,0.5506180335388793,0.0356290911814179,0.5176548850408621,0.06580161776735126
0.6,0.5392790148562898,0.04132365096126425,0.5024383879265819,0.05037981139580335
0.7,0.4077058887574137,0.0460752283466954,0.36016406470682844,0.04928252906960644
0.8,0.5480072485374609,0.03449639045295961,0.5001656635551035,0.05378670200931187
