,train_ML_f1_mean,train_ML_f1_std,test_ML_f1_mean,test_ML_f1_std
0.1,0.41109974219776485,0.03476157407310635,0.39493698475394606,0.01642706678030369
0.2,0.4089042669993699,0.0328775764836714,0.3922216106792984,0.013058365246325506
0.3,0.4082081326597546,0.02792495953476566,0.38902819674465966,0.015878049425461827
0.4,0.4100930582289647,0.03036225822080667,0.3880681776795618,0.017072772829970915
0.5,0.4268883977908529,0.029710848725041993,0.4021527610289672,0.01707854795335214
0.6,0.43570370260914915,0.02481355033104693,0.4029008504469923,0.01689636870154739
0.7,0.3347241757300566,0.03783296383054835,0.29414659065942256,0.01858830986343043
0.8,0.4559983638931307,0.022479340095422788,0.41451917186385695,0.012403024009732356
