,train_ML_rmse_mean,train_ML_rmse_std,test_ML_rmse_mean,test_ML_rmse_std
0.1,0.7041832981776283,0.009358723885183889,0.7162656239590819,0.040526175456397084
0.2,0.7254577162086769,0.0062504669703129425,0.7407050245569116,0.015544528109492394
0.3,0.7085760155780836,0.006874034266137581,0.7194345072627368,0.02339769685156089
0.4,0.7512537298820375,0.008207935144224092,0.7570041592882432,0.033656999549375864
0.5,0.7268342804048757,0.008158017805513939,0.73967872546463,0.035006468250830564
0.6,0.747810209185712,0.006858130792564094,0.7552986938113362,0.028054249512672564
0.7,0.776385322066228,0.006672709665272953,0.7887357668168946,0.025990469450636447
0.8,0.7739296789310077,0.005382625995858363,0.7858347387067852,0.028426531197466822
0.9,0.7858238077613713,0.007683594575459196,0.7941416255969255,0.03672019267434177
