,train_ML_rmse_mean,train_ML_rmse_std,test_ML_rmse_mean,test_ML_rmse_std
0.1,0.6032167271034082,0.006533183779778384,0.6900744418339746,0.026166443291050778
0.2,0.6141734472426904,0.005369065820712442,0.7113569635577729,0.021479339837734302
0.3,0.5996595926414554,0.007788596586653219,0.7018211176280819,0.02717281646183842
0.4,0.636069977778104,0.007087900880239772,0.7375950697056609,0.021454379948663945
0.5,0.6318135517899601,0.00967294804761025,0.7313655063738167,0.034766654553548
0.6,0.6526534960094125,0.005320063776425385,0.7419520886311027,0.02011893220888631
0.7,0.6952578825159856,0.0037155091896702054,0.7831924720533305,0.018796956660983664
0.8,0.7119279238724202,0.006594479280474842,0.8082048766897161,0.0252104652423861
0.9,0.763222786679128,0.00863723133222035,0.8220622442487764,0.0457203223895462
