,train_rmse_mean,train_rmse_std,train_mae_mean,train_mae_std,test_rmse_mean,test_rmse_std,test_mae_mean,test_mae_std
0.1,0.35178757,0.0010522216,0.2926218,0.0014654992,0.3509572,0.0032013552,0.29194224,0.0034505632
0.2,0.33387023,0.0008863715,0.27497524,0.0012040248,0.33415544,0.0032072493,0.2758442,0.0045683435
0.3,0.31906304,0.0019837618,0.26226372,0.001905201,0.3197484,0.007360365,0.26259884,0.0064435424
0.4,0.32110462,0.0009511879,0.26440945,0.00092814397,0.3214751,0.0033601467,0.26478255,0.0032973543
0.5,0.31712347,0.0006524118,0.2623774,0.00060562417,0.31714964,0.002395825,0.26251745,0.0022206947
0.6,0.3209359,0.0009856579,0.26644173,0.0009848673,0.3204197,0.0031660553,0.2659081,0.003110386
0.7,0.31323925,0.0007606126,0.2593494,0.00032169223,0.31317574,0.002663851,0.259212,0.0012821669
0.8,0.31882203,0.0006290101,0.26487264,0.0004747977,0.3188756,0.0017666377,0.26492715,0.0012409209
0.9,0.3191221,0.00048518184,0.26430207,0.0003279204,0.3192503,0.0016495165,0.26442146,0.0010297297
