,train_ML_rmse_mean,train_ML_rmse_std,test_ML_rmse_mean,test_ML_rmse_std
0.1,10.735969200583515,0.18091435796187136,10.7554223245134,0.6641009462420387
0.2,10.193167760720563,0.15713515032729852,10.285943936439539,0.5944735785017191
0.3,12.537135351221512,0.1803417137928626,12.560096206165513,0.6160408713606804
0.4,12.674916160178293,0.126843697597669,12.797298380431933,0.4467821663115188
0.5,11.834549998924345,0.1501916284969572,11.880526487291878,0.5400594803538848
0.6,12.644572228851246,0.12374246093860002,12.752911565242561,0.4718835832766978
0.7,11.819341453946935,0.18875830577002306,11.805810146215372,0.6113600750195697
0.8,11.782364637343218,0.17525821630550076,11.865343716731,0.6264095845436796
