,train_ML_rmse_mean,train_ML_rmse_std,test_ML_rmse_mean,test_ML_rmse_std
0.1,10.355437323224404,0.14103112403242216,10.4844130454501,0.4689464511597772
0.2,10.69302636214788,0.14098794926828614,10.848582240631904,0.5006428939409088
0.3,12.528288935032862,0.14507118594682314,12.728496225982909,0.5252918367054976
0.4,12.616227753049566,0.1989821796237521,12.852752547633907,0.4225273935430226
0.5,11.714870419664646,0.21422708518698472,11.81761229978768,0.5429146760051689
0.6,12.453898824212025,0.14116294881075445,12.563545171684911,0.451829384464665
0.7,11.697722973501946,0.16350736567331184,11.789554910862702,0.45369944822437475
0.8,11.121691623739782,0.2040341905528212,11.268826454798976,0.534241967896773
