,train_ML_rmse_mean,train_ML_rmse_std,test_ML_rmse_mean,test_ML_rmse_std
0.1,13.03795274947164,0.574880936675264,12.273898859436366,0.5063357753189046
0.2,10.862301381060021,0.48874420311043365,11.224147788183656,0.5387347651171658
0.3,14.243392809728709,0.5122026968056019,14.16165191949489,0.6075979645714551
0.4,15.174565162218354,0.6088824534028938,16.755084506089556,0.563487504687151
0.5,12.600174839710862,0.605273879429034,13.137904267612962,0.6513905335559002
0.6,14.092651205132697,0.5610689770101884,15.005422670587603,0.6104500720345802
0.7,15.019481331574573,0.6066739865685005,16.95734277711753,0.6769841309385927
0.8,14.950084718488714,0.7601536245957472,14.381028523718314,0.5254155272381409
