,train_ML_rmse_mean,train_ML_rmse_std,test_ML_rmse_mean,test_ML_rmse_std
0.1,14.368524606147314,0.609609076890692,14.190259058562393,0.7395183167789324
0.2,13.100926078630929,0.6065572419979502,13.417072025898928,0.7768350099454445
0.3,15.021183009067798,0.6287146404608461,15.411616148141814,0.8283664221369674
0.4,15.895414494705985,0.6565838421338889,18.385488223129148,0.8710894908789424
0.5,14.440397183465748,0.596756462505833,15.71971877986743,0.7212639329534004
0.6,16.247750250066865,0.5650774614878828,17.416172318519305,0.7924039250285947
0.7,18.096874601878106,0.6094648578836799,21.114756093755002,0.8520394035731503
0.8,16.614684866963252,0.5647557482650777,18.73684199584027,0.7430216165176979
