,train_rmse_mean,train_rmse_std,train_mae_mean,train_mae_std,test_rmse_mean,test_rmse_std,test_mae_mean,test_mae_std
0.3,6.790886,0.42781243,6.6852965,0.40113625,6.8027086,0.44438055,6.6854415,0.41479272
0.5,9.693283,1.0528435,9.339926,0.9264207,9.719519,1.048025,9.311922,0.9073327
0.7,9.608335,1.8705237,9.162512,1.9189701,9.463537,1.9006798,8.96555,1.9298248
