,train_ML_rmse_mean,train_ML_rmse_std,test_ML_rmse_mean,test_ML_rmse_std
0.1,12.830289349054999,1.820358165403799,13.122902648478027,1.3059115578202483
0.2,13.079224554137472,1.8128344126392395,13.095155893906565,1.8025399294076059
0.3,13.261391283956499,1.8911951644141467,13.503136349351433,1.9783134818505308
0.4,14.084198377287313,1.937355196702413,14.451860856865977,1.647556021410291
0.5,14.303869721516941,1.5877480213797286,14.695329889859826,1.9214201753533378
0.6,14.512807062160169,1.8186539108197795,14.917305261684566,1.1056426949575544
0.7,15.760299898931834,1.7502797215531316,16.309795029764874,1.995574606238553
0.8,16.133733944743646,1.6021742827331409,16.103087291899076,1.8620476869550864
0.9,16.030722996370155,1.8124707442281045,16.485658834105138,1.730425906744794
