,train_ML_rmse_mean,train_ML_rmse_std,test_ML_rmse_mean,test_ML_rmse_std
0.1,9.284765485089505,0.9341138506443807,10.819730572208968,0.8187907525333153
0.2,9.405472450478175,1.031871003815938,10.969058356260172,1.4415804713049236
0.3,9.691256746338308,0.9196004321812024,12.192372971045158,1.7524676558237555
0.4,10.091106469892054,1.2419074298883255,13.980039559487142,1.1867910467626792
0.5,10.517357052019852,1.2769367306442403,14.954233255262874,1.951391172222017
0.6,11.331695503768263,1.3109344417019877,15.362010131459424,0.4043889668515596
0.7,13.309905261135919,1.1012570616770772,17.96671732364792,1.9814143840331406
0.8,12.981110421481256,1.4221230270789627,18.134142180226213,1.9166053823974991
0.9,13.831150251978901,0.9488323282055698,18.602544225028627,1.777664625951779
