,train_rmse_mean,train_rmse_std,train_mae_mean,train_mae_std,test_rmse_mean,test_rmse_std,test_mae_mean,test_mae_std
0.3,0.3079985,0.008531416,0.23770352,0.009105937,0.3046922,0.022193527,0.23590395,0.022731274
0.5,0.31139493,0.0059365663,0.24279428,0.007408512,0.33554676,0.039761737,0.26399353,0.031783994
0.7,0.31214046,0.0024545572,0.24099842,0.002841957,0.33236554,0.032490633,0.25770012,0.029019382
