,train_rmse_mean,train_rmse_std,train_mae_mean,train_mae_std,test_rmse_mean,test_rmse_std,test_mae_mean,test_mae_std
0.3,0.43144146,0.0016557166,0.34614268,0.0022079365,0.43315655,0.008396757,0.34775066,0.010007397
0.5,0.47108212,0.041951165,0.3712714,0.04221457,0.47261685,0.046124816,0.37355676,0.045699038
0.7,0.46138924,0.047582526,0.35619846,0.044570718,0.46378517,0.047262207,0.35856658,0.04621024
