,train_ML_rmse_mean,train_ML_rmse_std,test_ML_rmse_mean,test_ML_rmse_std
0.1,15.495597664024512,0.3293164618594016,15.114844045753122,1.469865733720342
0.2,15.485174688181667,0.32403919976509543,15.079382156069055,1.522653798351797
0.3,15.429383428883535,0.3128867794478976,15.05474832405319,1.47410541026423
0.4,15.485581630591279,0.325188683415726,15.04831628476415,1.5076515553046008
0.5,15.439107858520822,0.32868352628415604,15.057990842797366,1.5720134918193935
0.6,15.409709184602596,0.28555980131258646,15.043972168191313,1.511674281503534
0.7,15.459808137239529,0.32764221334406113,15.09817222224616,1.4498387235334749
0.8,15.425255253933846,0.3376954324532293,15.045342862552365,1.5365361336501902
0.9,15.395226002293976,0.312541232838616,15.004755631110445,1.4302077204787231
