,train_ML_rmse_mean,train_ML_rmse_std,test_ML_rmse_mean,test_ML_rmse_std
0.1,17.134903595091885,0.3865126303948448,16.684035902427816,1.7816330759112213
0.2,17.125441109279052,0.34611842104653195,16.6627088841828,1.7281078819250453
0.3,16.803143922314568,0.24812097128314864,16.403178581561292,1.8669119536806908
0.4,17.023049101748814,0.39717655052224743,16.498851289671503,1.6958813237818253
0.5,16.87137037225356,0.5054289400170201,16.48613651936863,1.7444087786067826
0.6,16.84252280133798,0.2957822011488136,16.348317885133753,1.8165280745166787
0.7,17.044970538078275,0.41550095139628623,16.521412175545464,1.7824504719065588
0.8,16.809372529993812,0.39212502236233665,16.295482776482228,1.8423938200837848
0.9,17.099786327302247,0.39527923552559174,16.611123349861057,1.821376250651074
