,train_rmse_mean,train_rmse_std,train_mae_mean,train_mae_std,test_rmse_mean,test_rmse_std,test_mae_mean,test_mae_std
0.1,0.27019843,0.009952001,0.19151229,0.010504027,0.2714042,0.025024753,0.19671662,0.021420475
0.2,0.26177254,0.007977628,0.1869524,0.007726413,0.26244363,0.023861395,0.18775511,0.02026614
0.3,0.26769668,0.006508655,0.19635129,0.0049124532,0.27108482,0.024697488,0.19730182,0.020906953
0.4,0.29359314,0.0077359984,0.21414587,0.0062678093,0.29434866,0.012279674,0.21337938,0.009888962
0.5,0.2685118,0.007982036,0.19990888,0.004921396,0.26782647,0.008455288,0.19949119,0.007994277
0.6,0.2921267,0.0062449863,0.22241381,0.007824499,0.29008076,0.0081835035,0.22119367,0.006287577
0.7,0.31202704,0.006173684,0.23849341,0.0055696103,0.3113939,0.018241592,0.23750696,0.014295217
0.8,0.31920406,0.0067997887,0.24927025,0.009538405,0.3175856,0.01520579,0.24730723,0.013816361
0.9,1.3136971,0.6825007,0.978216,0.5065422,1.3203081,0.69586134,0.9855366,0.5165247
