,train_ML_f1_mean,train_ML_f1_std,test_ML_f1_mean,test_ML_f1_std
0.1,0.9874870418471273,0.010013978554711296,0.9552007373724998,0.01608086101011168
0.2,0.9513148285186238,0.016275466564875492,0.769077377390442,0.032128773004418326
0.3,0.9653272250444376,0.015445333903103832,0.878837855514661,0.013601169219267996
0.4,0.9609197480925417,0.009649578223034173,0.8176804032196451,0.015047992040570682
0.5,0.9609087191942406,0.009888768089452412,0.7838540996036096,0.01912069362911113
0.6,0.873562042017288,0.02634384586401985,0.4581839685664594,0.016707218010511695
0.7,0.8968899673664638,0.011589842939861409,0.7429555962252504,0.013787394639932088
0.8,0.8580627937719244,0.029775949206144625,0.4764865388410466,0.03046791319041384
