,train_ML_f1_mean,train_ML_f1_std,test_ML_f1_mean,test_ML_f1_std
0.1,0.9454896109875393,0.019977807541341534,0.9339105149837824,0.017644988550687798
0.2,0.8763806384509276,0.018705986702928192,0.7768822394073798,0.030769683678314126
0.3,0.9126196012875243,0.02263114863282114,0.88435000972353,0.016871900281008972
0.4,0.8605666177430958,0.02720315453696088,0.7899188408998068,0.016061362299213695
0.5,0.9109316087831119,0.006733466922164933,0.7372836136449761,0.02780851807301056
0.6,0.8439937105024449,0.027875144229190924,0.5229533829488809,0.04324180019219563
0.7,0.8879964125350558,0.024549322568232414,0.7441527071065079,0.02469278150332416
0.8,0.8079176318257465,0.037123568346654534,0.36213768392667695,0.005593393666326819
