,train_ML_rmse_mean,train_ML_rmse_std,test_ML_rmse_mean,test_ML_rmse_std
0.1,0.7425643716408781,0.004560838065180868,0.7464693624296573,0.011311824189495792
0.2,0.7346378247404426,0.00302729430920652,0.7393610124228923,0.010847389253328966
0.3,0.7553060296579627,0.004735203739164777,0.7571663650008403,0.01049903566587686
0.4,0.7532310993900636,0.0039711167584956545,0.7568571651730115,0.009972134051941701
0.5,0.7452939053671427,0.0028004682797078927,0.7486686225133485,0.013564498940225645
0.6,0.7707119711845909,0.00575854995538448,0.77179764517576,0.009675494696426137
0.7,0.7329846157799229,0.006358732323968821,0.7349854280793775,0.008822531742308867
0.8,0.8116882120264297,0.007323769115343887,0.8117312509723746,0.016683444792523643
