,train_ML_rmse_mean,train_ML_rmse_std,test_ML_rmse_mean,test_ML_rmse_std
0.1,12.116381746015005,0.3150450101132472,11.794292486200566,1.555749971058311
0.2,15.480933835592513,0.3448298471345205,15.210858695698368,1.70216934251038
0.3,11.99356080234271,0.3849187050051138,11.705391835064471,1.5108120890019363
0.4,17.58146719887531,0.37151167622247283,17.105654388079255,1.8127300559367725
0.5,11.750171524330407,0.34928230284388595,11.438919168152525,1.5267381842447987
0.6,11.12036390024269,0.3185237568153331,10.774620484396669,1.536532804248103
0.7,17.143753619183933,0.4058977602335393,16.64996553200094,1.8049994918192618
0.8,11.00364387452029,0.3945621072755155,10.62464159708247,1.4453371694211334
