,train_ML_rmse_mean,train_ML_rmse_std,test_ML_rmse_mean,test_ML_rmse_std
0.1,12.587840512835225,0.34215478477709305,12.268771259029226,1.3396690231958697
0.2,14.70660184823328,0.2713833020497685,14.42170361169947,1.456853965284302
0.3,12.401847177527783,0.2850188142475179,12.117035212442481,1.408874088255505
0.4,15.4005947494721,0.29923405441120815,15.056182234769569,1.4344404084335671
0.5,12.631430676445538,0.3056205296072463,12.328074820969675,1.335400824795654
0.6,12.746778910212173,0.30065588980608854,12.434842714305884,1.3517679002104677
0.7,15.48517412268771,0.33205524585128127,15.107938234811318,1.5297842016225163
0.8,12.906550662445571,0.3451004967601081,12.574688671680507,1.4115638687160763
