,train_ML_rmse_mean,train_ML_rmse_std,test_ML_rmse_mean,test_ML_rmse_std
0.1,8.990610854650683,0.19157942695344052,9.015981055212773,0.8018301941733613
0.2,13.6337862689164,0.21193803512290715,13.764300982974698,1.151450237568292
0.3,8.965193487214199,0.17747835466393555,9.032342158615801,0.7525694449159629
0.4,15.187727627250705,0.29116839362695746,15.136158785060237,1.360734167392361
0.5,8.987632755876616,0.18715480042744556,9.04228807902825,0.7566289755942976
0.6,8.996140837197892,0.18850379272515014,8.958030632411738,0.7809257614267422
0.7,15.378269309328612,0.2977279101007074,15.278881773120327,1.3567712082277072
0.8,8.977355586874676,0.17613994274612624,8.954647632877748,0.7473740699762849
