,train_rmse_mean,train_rmse_std,train_mae_mean,train_mae_std,test_rmse_mean,test_rmse_std,test_mae_mean,test_mae_std
0.3,0.15119231,0.0140148355,0.10341774,0.013708671,0.14926115,0.016867371,0.102407515,0.01470757
0.5,0.15018567,0.015398985,0.10361014,0.015705166,0.15066704,0.014653782,0.10377462,0.015142556
0.7,0.1642354,0.023193642,0.09759618,0.009351893,0.16382673,0.020637874,0.0973185,0.008564307
