,train_ML_f1_mean,train_ML_f1_std,test_ML_f1_mean,test_ML_f1_std
0.1,0.4027622007086187,0.012300205174082276,0.42374308174702324,0.025900433665468854
0.2,0.5403236154685602,0.03745951039127771,0.5057774024072462,0.060633699605410256
0.3,0.4320377584409479,0.003187267168794718,0.4386849829870575,0.017702824781444738
0.4,0.3854350084234652,0.011585867314354716,0.40090473527967935,0.030873857395685756
0.5,0.30726182525044116,0.04142398198486398,0.2764306950267919,0.05801540555541457
0.6,0.28995500040415206,0.009643520445977005,0.29129922899136684,0.0376848098426327
0.7,0.2650077589128467,0.0462684690950508,0.21980432202447214,0.06143283683804979
0.8,0.3798458464700147,0.042959648022469314,0.36225032894994497,0.07762408165265257
