,train_ML_f1_mean,train_ML_f1_std,test_ML_f1_mean,test_ML_f1_std
0.1,0.3229675494407448,0.011319927899674622,0.34849124468840326,0.0247845262489679
0.2,0.40765949703433557,0.03249184492777079,0.390056625870465,0.012995826267291177
0.3,0.36183102902410064,0.0063248357754307405,0.3702500309279344,0.02496122796896925
0.4,0.31285108418577284,0.00888820864015331,0.3377739256012454,0.01810184080665773
0.5,0.2457646004388483,0.04587735777759316,0.20244374884963082,0.039531894757568624
0.6,0.2724878013691952,0.006314084913619351,0.27227853139275016,0.035980939630330284
0.7,0.20801960649124243,0.047490871739301034,0.1661212687220887,0.04682353572020954
0.8,0.268761989315644,0.04160472101685267,0.2460905938492916,0.008064306339071396
