,train_rmse_mean,train_rmse_std,train_mae_mean,train_mae_std,test_rmse_mean,test_rmse_std,test_mae_mean,test_mae_std
0.1,0.89888495,0.0070966855,0.8710939,0.0071429005,0.89948004,0.010639829,0.8718519,0.012236894
0.2,0.33724117,0.012006328,0.33240795,0.012969426,0.33762893,0.0398486,0.33588302,0.04112676
0.3,0.9723325,0.0008864232,0.95651513,0.0013192461,0.9732045,0.0032351706,0.95792115,0.0048361043
0.4,0.86977845,0.008944955,0.81246215,0.0059004663,0.8695469,0.011474858,0.81177634,0.0114706885
0.5,0.6307785,0.018588165,0.5290738,0.011968739,0.63182294,0.016210891,0.5297654,0.01065463
0.6,0.8870982,0.0030484754,0.824556,0.0043264115,0.8871008,0.010631489,0.82445955,0.015832063
0.7,0.50987834,0.03716722,0.4095866,0.030164428,0.5094934,0.039016586,0.40983734,0.03112884
0.8,0.5023502,0.023378737,0.41873994,0.014412892,0.5015692,0.025918102,0.41795722,0.016769186
