,mean,knn,mice,XGB,missforest,mf,hyper,gain,notmiwae,miwae,tabcsdi,ot
0.1,0.73176 ± 0.071,0.73434 ± 0.079,0.73775 ± 0.081,0.73979 ± 0.086,0.73979 ± 0.086,0.73775 ± 0.081,0.73775 ± 0.081,0.72636 ± 0.082,0.47769 ± 0.006,0.47769 ± 0.006,0.51874 ± 0.058,0.73261 ± 0.073
0.2,0.67269 ± 0.085,0.64907 ± 0.080,0.67269 ± 0.085,0.67501 ± 0.076,0.69141 ± 0.083,0.65358 ± 0.093,0.65096 ± 0.083,0.64905 ± 0.081,0.47769 ± 0.006,0.47769 ± 0.006,0.51447 ± 0.039,0.66344 ± 0.078
0.3,0.53940 ± 0.054,0.52610 ± 0.038,0.53940 ± 0.054,0.50989 ± 0.042,0.53707 ± 0.052,0.51040 ± 0.041,0.53747 ± 0.050,0.53891 ± 0.054,0.47769 ± 0.006,0.47769 ± 0.006,0.52147 ± 0.053,0.52834 ± 0.042
0.4,0.61652 ± 0.023,0.59938 ± 0.088,0.63335 ± 0.021,0.59960 ± 0.064,0.60840 ± 0.087,0.60721 ± 0.042,0.62051 ± 0.042,0.59356 ± 0.047,0.47769 ± 0.006,0.47769 ± 0.006,0.51825 ± 0.025,0.63264 ± 0.032
0.5,0.47305 ± 0.008,0.47461 ± 0.007,0.47359 ± 0.007,0.47461 ± 0.007,0.47407 ± 0.008,0.47305 ± 0.008,0.47357 ± 0.008,0.47461 ± 0.007,0.47769 ± 0.006,0.47769 ± 0.006,0.51234 ± 0.042,0.47305 ± 0.008
0.6,0.53420 ± 0.050,0.54652 ± 0.059,0.53367 ± 0.051,0.53654 ± 0.081,0.52261 ± 0.061,0.51943 ± 0.040,0.55070 ± 0.063,0.52413 ± 0.038,0.47769 ± 0.006,0.47769 ± 0.006,0.49021 ± 0.055,0.51181 ± 0.050
0.7,0.47769 ± 0.006,0.47769 ± 0.006,0.47769 ± 0.006,0.47769 ± 0.006,0.47769 ± 0.006,0.47769 ± 0.006,0.47769 ± 0.006,0.47769 ± 0.006,0.47769 ± 0.006,0.47769 ± 0.006,0.54835 ± 0.077,0.47769 ± 0.006
0.8,0.50351 ± 0.064,0.50351 ± 0.064,0.50351 ± 0.064,0.50351 ± 0.064,0.47448 ± 0.011,0.47448 ± 0.011,0.50351 ± 0.064,0.50351 ± 0.064,0.47769 ± 0.006,0.47769 ± 0.006,0.50868 ± 0.051,0.50351 ± 0.064
