,mean,knn,mice,XGB,missforest,mf,hyper,gain,notmiwae,miwae,tabcsdi,ot
0.1,0.59454 ± 0.087,0.58088 ± 0.088,0.59454 ± 0.087,0.57264 ± 0.056,0.59454 ± 0.087,0.57264 ± 0.056,0.59454 ± 0.087,0.58088 ± 0.088,0.47769 ± 0.006,0.47769 ± 0.006,0.47208 ± 0.006,0.57264 ± 0.056
0.2,0.56794 ± 0.055,0.49303 ± 0.029,0.56794 ± 0.055,0.53891 ± 0.052,0.56522 ± 0.054,0.52257 ± 0.061,0.52257 ± 0.061,0.49353 ± 0.029,0.47769 ± 0.006,0.47769 ± 0.006,0.47930 ± 0.025,0.54526 ± 0.062
0.3,0.50037 ± 0.047,0.47769 ± 0.006,0.50037 ± 0.047,0.50037 ± 0.047,0.47718 ± 0.006,0.47769 ± 0.006,0.47769 ± 0.006,0.49353 ± 0.029,0.47769 ± 0.006,0.47769 ± 0.006,0.48239 ± 0.028,0.51622 ± 0.048
0.4,0.47716 ± 0.007,0.49985 ± 0.048,0.47716 ± 0.007,0.49985 ± 0.048,0.49985 ± 0.048,0.49985 ± 0.048,0.50620 ± 0.063,0.47716 ± 0.007,0.47769 ± 0.006,0.47769 ± 0.006,0.45876 ± 0.009,0.50620 ± 0.063
0.5,0.47716 ± 0.007,0.47716 ± 0.007,0.47664 ± 0.007,0.47716 ± 0.007,0.47716 ± 0.007,0.47664 ± 0.007,0.47716 ± 0.007,0.47614 ± 0.007,0.47769 ± 0.006,0.47769 ± 0.006,0.46881 ± 0.027,0.47769 ± 0.006
0.6,0.47666 ± 0.007,0.47666 ± 0.007,0.47666 ± 0.007,0.47716 ± 0.007,0.47769 ± 0.006,0.49713 ± 0.042,0.47716 ± 0.007,0.47666 ± 0.007,0.47769 ± 0.006,0.47769 ± 0.006,0.50266 ± 0.046,0.49713 ± 0.042
0.7,0.47769 ± 0.006,0.47769 ± 0.006,0.47769 ± 0.006,0.47769 ± 0.006,0.47769 ± 0.006,0.47769 ± 0.006,0.47769 ± 0.006,0.47769 ± 0.006,0.47769 ± 0.006,0.47769 ± 0.006,0.49932 ± 0.036,0.47769 ± 0.006
0.8,0.47716 ± 0.007,0.47769 ± 0.006,0.47716 ± 0.007,0.47716 ± 0.007,0.47769 ± 0.006,0.47716 ± 0.007,0.47769 ± 0.006,0.47716 ± 0.007,0.47769 ± 0.006,0.47769 ± 0.006,0.53129 ± 0.049,0.47769 ± 0.006
