,mean,knn,mice,XGB,missforest,mf,hyper,gain,notmiwae,miwae,tabcsdi,ot
0.1,0.50037 ± 0.003,0.52766 ± 0.013,0.50090 ± 0.004,0.51513 ± 0.008,0.50799 ± 0.006,0.51197 ± 0.017,0.51103 ± 0.006,0.55129 ± 0.016,0.52119 ± 0.010,0.50340 ± 0.002,0.42355 ± 0.020,0.52148 ± 0.009
0.2,0.50324 ± 0.002,0.52794 ± 0.011,0.50345 ± 0.002,0.51284 ± 0.005,0.50748 ± 0.006,0.51042 ± 0.005,0.50924 ± 0.009,0.52449 ± 0.013,0.52054 ± 0.005,0.50621 ± 0.005,0.38808 ± 0.008,0.51555 ± 0.010
0.3,0.50811 ± 0.002,0.53000 ± 0.005,0.50836 ± 0.002,0.51814 ± 0.006,0.51371 ± 0.008,0.51191 ± 0.007,0.51168 ± 0.007,0.52714 ± 0.008,0.52220 ± 0.008,0.50919 ± 0.003,0.35388 ± 0.006,0.52230 ± 0.006
0.4,0.51369 ± 0.006,0.53486 ± 0.008,0.51464 ± 0.006,0.52075 ± 0.005,0.51919 ± 0.007,0.51789 ± 0.009,0.51628 ± 0.007,0.52540 ± 0.006,0.52367 ± 0.007,0.51333 ± 0.006,0.33271 ± 0.010,0.52372 ± 0.009
0.5,0.52156 ± 0.004,0.53410 ± 0.005,0.52220 ± 0.004,0.52721 ± 0.005,0.52513 ± 0.004,0.52535 ± 0.007,0.52442 ± 0.005,0.52227 ± 0.010,0.53157 ± 0.005,0.52386 ± 0.007,0.31833 ± 0.009,0.53090 ± 0.004
0.6,0.53038 ± 0.004,0.53928 ± 0.006,0.53064 ± 0.004,0.53303 ± 0.004,0.53460 ± 0.003,0.53541 ± 0.009,0.53405 ± 0.006,0.52587 ± 0.008,0.53728 ± 0.006,0.53225 ± 0.009,0.30968 ± 0.003,0.54208 ± 0.006
0.7,0.53935 ± 0.003,0.54282 ± 0.003,0.53966 ± 0.003,0.54125 ± 0.003,0.54706 ± 0.005,0.54438 ± 0.004,0.54478 ± 0.004,0.52591 ± 0.005,0.54467 ± 0.006,0.53935 ± 0.008,0.31506 ± 0.004,0.54948 ± 0.006
0.8,0.55189 ± 0.005,0.55495 ± 0.007,0.55208 ± 0.005,0.55353 ± 0.006,0.55564 ± 0.005,0.55352 ± 0.007,0.55408 ± 0.007,0.56636 ± 0.022,0.55667 ± 0.005,0.54949 ± 0.006,0.32013 ± 0.004,0.56188 ± 0.005
