,RD,ZR,Mean,KNN,MF,Mice,MisF,XGB,OT,HI,GAIN,Mi,NMi,CSDI
0.1,0.53196,0.05625,0.50037,0.52766,0.51197,0.5009,0.50799,0.51513,0.52148,0.51103,0.55129,0.5034,0.52119,0.42355
0.2,0.49475,0.11353,0.50324,0.52794,0.51042,0.50345,0.50748,0.51284,0.51555,0.50924,0.52449,0.50621,0.52054,0.38808
0.3,0.46797,0.1718,0.50811,0.53,0.51191,0.50836,0.51371,0.51814,0.5223,0.51168,0.52714,0.50919,0.5222,0.35388
0.4,0.44087,0.22981,0.51369,0.53486,0.51789,0.51464,0.51919,0.52075,0.52372,0.51628,0.5254,0.51333,0.52367,0.33271
0.5,0.40777,0.28642,0.52156,0.5341,0.52535,0.5222,0.52513,0.52721,0.5309,0.52442,0.52227,0.52386,0.53157,0.31833
0.6,0.39197,0.34536,0.53038,0.53928,0.53541,0.53064,0.5346,0.53303,0.54208,0.53405,0.52587,0.53225,0.53728,0.30968
0.7,0.38545,0.40246,0.53935,0.54282,0.54438,0.53966,0.54706,0.54125,0.54948,0.54478,0.52591,0.53935,0.54467,0.31506
0.8,0.38698,0.46112,0.55189,0.55495,0.55352,0.55208,0.55564,0.55353,0.56188,0.55408,0.56636,0.54949,0.55667,0.32013
