,mean,knn,mice,XGB,missforest,mf,gain,mcflow,notmiwae,miwae,tabcsdi
0.1,0.50104 ± 0.002,0.52891 ± 0.005,0.50143 ± 0.002,0.51775 ± 0.002,0 ± 0,0.51483 ± 0.005,0.55042 ± 0.024,0 ± 0,0 ± 0,0 ± 0,0 ± 0
0.2,0.50291 ± 0.002,0.52620 ± 0.004,0.50322 ± 0.002,0.51338 ± 0.002,0 ± 0,0.51031 ± 0.003,0.52680 ± 0.010,0 ± 0,0 ± 0,0 ± 0,0 ± 0
0.3,0.50685 ± 0.002,0.52754 ± 0.002,0.50701 ± 0.002,0.51466 ± 0.003,0 ± 0,0.51420 ± 0.002,0.52016 ± 0.006,0 ± 0,0 ± 0,0 ± 0,0 ± 0
0.4,0.51375 ± 0.001,0.53352 ± 0.002,0.51468 ± 0.002,0.52013 ± 0.002,0 ± 0,0.51793 ± 0.003,0.52177 ± 0.006,0 ± 0,0 ± 0,0 ± 0,0 ± 0
0.5,0.52185 ± 0.001,0.53404 ± 0.002,0.52245 ± 0.001,0.52608 ± 0.002,0 ± 0,0.52648 ± 0.002,0.52377 ± 0.005,0 ± 0,0 ± 0,0 ± 0,0 ± 0
0.6,0.53008 ± 0.001,0.53885 ± 0.002,0.53014 ± 0.001,0.53160 ± 0.001,0 ± 0,0.53505 ± 0.003,0.52493 ± 0.005,0 ± 0,0 ± 0,0 ± 0,0 ± 0
0.7,0.53862 ± 0.001,0.54325 ± 0.002,0.53899 ± 0.002,0.54097 ± 0.002,0 ± 0,0.54273 ± 0.002,0.52610 ± 0.009,0 ± 0,0 ± 0,0 ± 0,0 ± 0
0.8,0.55229 ± 0.001,0.55543 ± 0.002,0.55244 ± 0.002,0.55345 ± 0.002,0 ± 0,0.55457 ± 0.002,0.54395 ± 0.007,0 ± 0,0 ± 0,0 ± 0,0 ± 0
