,train_ML_f1_mean,train_ML_f1_std,test_ML_f1_mean,test_ML_f1_std
0.1,0.8238821089113909,0.036295424632660625,0.8167654971911226,0.0375302275621778
0.2,0.7989125859245025,0.04609023660881662,0.7790633774469077,0.03203188489552398
0.3,0.7989469324376237,0.048232807810908065,0.7812334227400257,0.03127703832360101
0.4,0.7859700147356473,0.04208344674390647,0.6945478609797495,0.06416857918113479
0.5,0.6884229810362534,0.05538524915473528,0.5455051632920188,0.09212117212662772
0.6,0.5733699368163669,0.07227057433854729,0.714637512207326,0.03684932020389348
0.7,0.5978592774840221,0.08708098941048342,0.7058855405934892,0.07939030444140073
0.8,0.7488340477869144,0.06784458502169698,0.49029645472942696,0.1300314421553752
