,train_ML_f1_mean,train_ML_f1_std,test_ML_f1_mean,test_ML_f1_std
0.1,0.7573233880517162,0.06563158425951086,0.788021036737703,0.05876639761610463
0.2,0.7605955702567929,0.08410149903622564,0.7743081467383536,0.03967736713154376
0.3,0.7500025802833091,0.07308826777738753,0.7578493769519042,0.07201217355964103
0.4,0.6902187135919476,0.046590973434460024,0.6687598169241171,0.019336765697920043
0.5,0.6825673547105117,0.043838759073029185,0.4888724095078928,0.09022215203655967
0.6,0.6540335720871038,0.05781715583310736,0.7077963945037918,0.06365659426133165
0.7,0.6752107392183742,0.05653779025962824,0.6786999966380443,0.13168734763290368
0.8,0.6871182287940937,0.06783159593181196,0.497480299037709,0.06606066913026011
