,train_ML_f1_mean,train_ML_f1_std,test_ML_f1_mean,test_ML_f1_std
0.1,0.3040219414668736,0.013675711088552636,0.28818844307783936,0.06993406362521866
0.2,0.3743211188226807,0.0510609936584234,0.34582933275334937,0.08099298053612598
0.3,0.3165433870163693,0.01825383261397644,0.31589878328413734,0.062489110904592006
0.4,0.300804224931098,0.027347277002746303,0.28146435745466647,0.08103858252895271
0.5,0.24344446061986863,0.043752805076664576,0.21745790619175004,0.043135582420767996
0.6,0.2559291082272567,0.01887496358932113,0.2661215134872336,0.03492900982817704
0.7,0.1865666698396301,0.04124288511129144,0.18670354340849823,0.03856634486442725
0.8,0.25347466355275283,0.03132427790867162,0.19591644126306362,0.05661198563272354
