,train_ML_f1_mean,train_ML_f1_std,test_ML_f1_mean,test_ML_f1_std
0.1,0.3858433192621412,0.009938025332047724,0.3373209947513502,0.08334284243196313
0.2,0.5265082047828245,0.04476102079364598,0.41562916700290586,0.11447656194334807
0.3,0.39660431510102995,0.028956170359663302,0.3794884417999694,0.04178549868715779
0.4,0.384595256326075,0.015968894561461364,0.3462695871780769,0.08416788915978023
0.5,0.3258079813463853,0.047746382817243783,0.2931395138011782,0.06321623027040853
0.6,0.2910919165701001,0.012232356809726175,0.30781467661866213,0.029349001303941732
0.7,0.2680865116806625,0.04676585598318851,0.24285640165077682,0.06309102992779539
0.8,0.36315858647021465,0.02887466294612545,0.2577486961365005,0.09158191379885218
