,train_ML_rmse_mean,train_ML_rmse_std,test_ML_rmse_mean,test_ML_rmse_std
0.1,0.7295382377379955,0.008377813285753412,0.7295387404502834,0.0083782225921396
0.2,0.7286654826015498,0.008232575262562596,0.7286791439495639,0.008456523312963
0.3,0.7289862430391881,0.008438833633372477,0.729671091478143,0.008413260991862952
0.4,0.7293479660544897,0.008090677043694176,0.7294480724261012,0.008448451743607425
0.5,0.7318707186798563,0.008006871323806867,0.7322487932111077,0.009287840093714755
0.6,0.8152152080947591,0.010559450762395658,0.9043390909801599,0.005088311911522255
0.7,0.8244911036348702,0.010731264160600794,0.9991511261626286,0.008230031766940954
0.8,0.9893643241579835,0.011878024930112653,1.305716206626674,0.006320231599815304
