,train_ML_rmse_mean,train_ML_rmse_std,test_ML_rmse_mean,test_ML_rmse_std
0.1,0.6754040927825462,0.007008670708469815,0.6753932903956065,0.007007288962791901
0.2,0.6785348064929685,0.006702656107084573,0.6706400910034934,0.006927822742991597
0.3,0.6763942732534157,0.006966068701990913,0.6734496460812001,0.006952671417116803
0.4,0.6755252739171932,0.006606264104208737,0.6742501868773559,0.007169064120252943
0.5,0.6701479564276213,0.0055649210629389635,0.6910864675273451,0.008597103012622238
0.6,0.9181988306152491,0.010833276306469195,0.8672740904349711,0.007424794050973195
0.7,0.9679010636249554,0.00961390683530774,0.9573634857488724,0.012877866938487949
0.8,0.7258599501422854,0.009537757262913435,1.0742777224140514,0.010123518348550903
