,random,zero,mean,knn,mice,XGB,missforest,mf,hyper,gain,notmiwae,miwae,tabcsdi,ot
0.3,0.50353 ± 0.001,0.18877 ± 0.002,0.09780 ± 0.002,0.09780 ± 0.002,0.09780 ± 0.002,0.09780 ± 0.002,0.09780 ± 0.002,0.14940 ± 0.005,0.11360 ± 0.032,0.18878 ± 0.002,5.76536 ± 0.657,0.30494 ± 0.115,0.10272 ± 0.001,0.15306 ± 0.026
0.5,0.53014 ± 0.000,0.13654 ± 0.001,0.07150 ± 0.001,0.07150 ± 0.001,0.07150 ± 0.001,0.07150 ± 0.001,0.07150 ± 0.001,0.21978 ± 0.008,0.08268 ± 0.023,0.13655 ± 0.001,7.67434 ± 1.149,0.26101 ± 0.039,0.07490 ± 0.001,0.13091 ± 0.016
0.7,0.49992 ± 0.000,0.26116 ± 0.001,0.13165 ± 0.019,0.13165 ± 0.019,0.13165 ± 0.019,0.13165 ± 0.019,0.13165 ± 0.019,0.21278 ± 0.010,0.14719 ± 0.024,0.27100 ± 0.008,8.69233 ± 0.749,0.26653 ± 0.071,0.07543 ± 0.001,0.17893 ± 0.020
