,RD,ZR,Mean,KNN,MF,Mice,MisF,XGB,OT,HI,GAIN,Mi,NMi,CSDI
0.3,0.50353,0.18877,0.0978,0.0978,0.1494,0.0978,0.0978,0.0978,0.15306,0.1136,0.18878,0.30494,5.76536,0.10272
0.5,0.53014,0.13654,0.0715,0.0715,0.21978,0.0715,0.0715,0.0715,0.13091,0.08268,0.13655,0.26101,7.67434,0.0749
0.7,0.49992,0.26116,0.13165,0.13165,0.21278,0.13165,0.13165,0.13165,0.17893,0.14719,0.271,0.26653,8.69233,0.07543
