,train_ML_rmse_mean,train_ML_rmse_std,test_ML_rmse_mean,test_ML_rmse_std
0.1,10.68808681008752,0.7388440565659528,11.600337011588323,0.6068706972925217
0.2,10.800824486150804,0.6755951299588602,12.711523101819724,0.8883215648992204
0.3,10.951079482483834,0.7692179683925264,13.387575070620215,0.9725384690887645
0.4,11.428252875808994,0.8181761439068642,14.283272842852606,0.7760701401870777
0.5,10.996665062089459,0.5938910662746181,14.849093010651254,0.9691951064326263
0.6,11.43401308451092,0.6817312985253815,15.976425405322505,0.6002404500576172
0.7,10.875099229063505,0.6971069934068453,15.345568113260333,0.5198393451653717
0.8,11.416126328574524,0.41978814478150644,16.33800801346802,0.4831599239807632
0.9,11.913079443763683,0.5193683853701296,16.632290031668717,0.6285152826423378
