,train_ML_rmse_mean,train_ML_rmse_std,test_ML_rmse_mean,test_ML_rmse_std
0.1,10.499149811896457,0.1267954103006943,10.597393879362233,0.45010008623966874
0.2,10.499149811896457,0.1267954103006943,10.597393879362233,0.45010008623966874
0.3,10.405685761913041,0.13608200723077052,10.519788988021281,0.4351769410348069
0.4,10.869627707800685,0.1504961754934568,10.965154980901408,0.43168190253118743
0.5,10.83714019784803,0.10785278025752718,10.960778555554647,0.44959639081050595
0.6,11.198839067094907,0.1256812048660352,11.319106008042125,0.48738268309961813
0.7,11.79520181389496,0.14002784589952438,11.954017939451258,0.532639360476797
0.8,11.84696808433367,0.1239591847006191,11.942211550666553,0.5573241559953014
