,train_ML_rmse_mean,train_ML_rmse_std,test_ML_rmse_mean,test_ML_rmse_std
0.1,10.433331178586155,0.20540397502544866,10.445794032216414,0.7782817311595428
0.2,10.433331178586155,0.20540397502544866,10.445794032216414,0.7782817311595428
0.3,10.351252544795196,0.2038034871408728,10.36177820629859,0.7672648636319698
0.4,10.775741732469644,0.20790937678586827,10.767928642771157,0.7712024032278211
0.5,10.455276675083718,0.2048944253248693,10.472546279391754,0.7806953745853173
0.6,11.031140382917407,0.17480860887024002,11.066625814341027,0.6968413556754477
0.7,11.153445492348293,0.1565736919951313,11.224787154943044,0.605386015539123
0.8,11.129573599916577,0.15077485292983495,11.159638492437654,0.5890762802448856
