,mean,knn,mice,missforest,mf,gain,hyper,notMIWAE,MIWAE
0.1,0.06385 ± 0.013,0.27730 ± 0.008,0.21687 ± 0.010,0.22104 ± 0.011,0.23569 ± 0.014,0.33393 ± 0.031,0.22403 ± 0.003,0.22203 ± 0.009,0.21865 ± 0.009
0.2,0.10207 ± 0.007,0.27568 ± 0.013,0.21976 ± 0.007,0.22182 ± 0.008,0.23965 ± 0.008,0.34446 ± 0.020,0.22336 ± 0.006,0.22252 ± 0.008,0.22285 ± 0.008
0.3,0.11372 ± 0.007,0.27414 ± 0.009,0.21352 ± 0.006,0.22141 ± 0.006,0.23216 ± 0.005,0.33466 ± 0.016,0.22284 ± 0.009,0.21542 ± 0.005,0.21563 ± 0.005
0.4,0.13504 ± 0.003,0.26794 ± 0.005,0.21669 ± 0.004,0.23204 ± 0.006,0.23523 ± 0.005,0.34365 ± 0.011,0.22593 ± 0.006,0.21998 ± 0.004,0.21707 ± 0.004
0.5,0.15555 ± 0.001,0.26429 ± 0.004,0.26061 ± 0.007,0.24797 ± 0.004,0.23566 ± 0.004,0.33280 ± 0.026,0.23193 ± 0.004,0.21919 ± 0.001,0.21781 ± 0.001
0.6,0.16686 ± 0.005,0.26624 ± 0.009,0.26611 ± 0.005,0.24394 ± 0.012,0.23753 ± 0.005,0.35398 ± 0.008,0.23664 ± 0.008,0.22340 ± 0.005,0.22205 ± 0.005
0.7,0.18033 ± 0.004,0.26256 ± 0.005,0.24357 ± 0.010,0.26455 ± 0.009,0.23720 ± 0.007,0.38468 ± 0.016,0.25695 ± 0.012,0.22118 ± 0.005,0.21986 ± 0.005
0.8,0.19279 ± 0.005,0.25281 ± 0.004,0.24368 ± 0.011,0.26916 ± 0.010,0.23171 ± 0.005,0.34745 ± 0.025,0.26124 ± 0.009,0.22460 ± 0.006,0.21932 ± 0.005
0.9,0.20797 ± 0.004,0.23992 ± 0.003,0.23025 ± 0.003,0.27922 ± 0.015,0.23029 ± 0.004,0.44388 ± 0.028,0.27637 ± 0.026,0.58980 ± 0.129,0.21990 ± 0.004
