,random,zero,mean,knn,mice,XGB,missforest,mf,hyper,gain,notmiwae,miwae,tabcsdi,ot
0.1,0.77783,0.83389,0.79938,0.82388,0.83356,0.81898,0.83856,0.81911,0.82929,0.79900,0.81568,0.83058,0.46060,0.80441
0.2,0.77315,0.83421,0.79451,0.80902,0.80872,0.79914,0.79933,0.78457,0.80386,0.77707,0.78807,0.81358,0.52039,0.77987
0.3,0.79489,0.84506,0.79994,0.80197,0.79731,0.70101,0.79265,0.79470,0.79750,0.79101,0.81286,0.79492,0.52433,0.79009
0.4,0.78743,0.82729,0.81731,0.80136,0.82026,0.81571,0.79702,0.78630,0.79149,0.80512,0.83323,0.80623,0.52824,0.79179
0.5,0.71960,0.81445,0.74360,0.74662,0.73639,0.78482,0.75166,0.76739,0.76223,0.77746,0.76690,0.75106,0.55221,0.73291
0.6,0.71908,0.82072,0.80235,0.80419,0.80479,0.79794,0.79490,0.79026,0.78275,0.73436,0.80431,0.76335,0.52584,0.80772
0.7,0.74709,0.80238,0.75999,0.77597,0.77204,0.80195,0.78136,0.75391,0.76220,0.70578,0.77155,0.79960,0.54327,0.77591
0.8,0.77653,0.77858,0.77946,0.80466,0.76295,0.79059,0.82144,0.80196,0.81521,0.72727,0.81293,0.81885,0.48436,0.79063
