,random,zero,mean,knn,mice,XGB,missforest,mf,hyper,gain,notmiwae,miwae,tabcsdi,ot
0.1,0.77414,0.81511,0.79216,0.79139,0.81124,0.80574,0.79201,0.79034,0.80181,0.78446,0.82367,0.78365,0.48363,0.79657
0.2,0.74383,0.80729,0.76185,0.80261,0.79623,0.78168,0.78719,0.75624,0.76221,0.74884,0.80672,0.77792,0.48651,0.76773
0.3,0.77738,0.84746,0.79319,0.78990,0.80160,0.75566,0.77375,0.77308,0.77671,0.74851,0.84147,0.83160,0.46105,0.77766
0.4,0.77846,0.80139,0.81300,0.80158,0.80775,0.78896,0.80962,0.77537,0.80202,0.71900,0.83745,0.81657,0.47257,0.76196
0.5,0.68931,0.83369,0.73743,0.73587,0.76546,0.72023,0.71557,0.69585,0.74352,0.68432,0.77091,0.77898,0.49343,0.71144
0.6,0.71200,0.79711,0.75284,0.79547,0.81291,0.77052,0.78423,0.74899,0.72794,0.64545,0.77132,0.79743,0.44797,0.74583
0.7,0.72985,0.83693,0.80915,0.77495,0.77371,0.77654,0.78181,0.78518,0.75045,0.68834,0.79057,0.79489,0.54973,0.75214
0.8,0.73685,0.80664,0.83201,0.80797,0.79111,0.83898,0.80369,0.78207,0.80054,0.64820,0.78919,0.81832,0.41978,0.77885
