,mean,knn,mice,XGB,missforest,mf,hyper,gain,notmiwae,miwae,tabcsdi,ot
0.1,0.79216 ± 0.078,0.79139 ± 0.057,0.81124 ± 0.067,0.80574 ± 0.075,0.79201 ± 0.066,0.79034 ± 0.077,0.80181 ± 0.073,0.78446 ± 0.081,0.82367 ± 0.040,0.78365 ± 0.045,0.48363 ± 0.100,0.79657 ± 0.061
0.2,0.76185 ± 0.055,0.80261 ± 0.058,0.79623 ± 0.071,0.78168 ± 0.083,0.78719 ± 0.048,0.75624 ± 0.057,0.76221 ± 0.068,0.74884 ± 0.056,0.80672 ± 0.037,0.77792 ± 0.047,0.48651 ± 0.076,0.76773 ± 0.050
0.3,0.79319 ± 0.053,0.78990 ± 0.051,0.80160 ± 0.058,0.75566 ± 0.034,0.77375 ± 0.064,0.77308 ± 0.067,0.77671 ± 0.049,0.74851 ± 0.065,0.84147 ± 0.032,0.83160 ± 0.055,0.46105 ± 0.065,0.77766 ± 0.049
0.4,0.81300 ± 0.034,0.80158 ± 0.053,0.80775 ± 0.064,0.78896 ± 0.029,0.80962 ± 0.055,0.77537 ± 0.041,0.80202 ± 0.057,0.71900 ± 0.028,0.83745 ± 0.038,0.81657 ± 0.044,0.47257 ± 0.085,0.76196 ± 0.034
0.5,0.73743 ± 0.046,0.73587 ± 0.077,0.76546 ± 0.057,0.72023 ± 0.062,0.71557 ± 0.089,0.69585 ± 0.057,0.74352 ± 0.068,0.68432 ± 0.098,0.77091 ± 0.050,0.77898 ± 0.089,0.49343 ± 0.048,0.71144 ± 0.067
0.6,0.75284 ± 0.033,0.79547 ± 0.045,0.81291 ± 0.029,0.77052 ± 0.065,0.78423 ± 0.029,0.74899 ± 0.046,0.72794 ± 0.077,0.64545 ± 0.036,0.77132 ± 0.034,0.79743 ± 0.051,0.44797 ± 0.075,0.74583 ± 0.030
0.7,0.80915 ± 0.041,0.77495 ± 0.075,0.77371 ± 0.041,0.77654 ± 0.057,0.78181 ± 0.064,0.78518 ± 0.054,0.75045 ± 0.094,0.68834 ± 0.040,0.79057 ± 0.078,0.79489 ± 0.069,0.54973 ± 0.065,0.75214 ± 0.097
0.8,0.83201 ± 0.038,0.80797 ± 0.033,0.79111 ± 0.050,0.83898 ± 0.054,0.80369 ± 0.019,0.78207 ± 0.053,0.80054 ± 0.021,0.64820 ± 0.108,0.78919 ± 0.065,0.81832 ± 0.055,0.41978 ± 0.048,0.77885 ± 0.037
