,random,zero,mean,knn,mice,XGB,missforest,mf,hyper,gain,notmiwae,miwae,tabcsdi,ot
0.1,0.77783 ± 0.043,0.83389 ± 0.019,0.79938 ± 0.050,0.82388 ± 0.036,0.83356 ± 0.029,0.81898 ± 0.043,0.83856 ± 0.026,0.81911 ± 0.040,0.82929 ± 0.044,0.79900 ± 0.050,0.81568 ± 0.030,0.83058 ± 0.059,0.46060 ± 0.109,0.80441 ± 0.057
0.2,0.77315 ± 0.049,0.83421 ± 0.008,0.79451 ± 0.059,0.80902 ± 0.050,0.80872 ± 0.036,0.79914 ± 0.058,0.79933 ± 0.046,0.78457 ± 0.063,0.80386 ± 0.054,0.77707 ± 0.044,0.78807 ± 0.050,0.81358 ± 0.070,0.52039 ± 0.115,0.77987 ± 0.056
0.3,0.79489 ± 0.052,0.84506 ± 0.026,0.79994 ± 0.050,0.80197 ± 0.044,0.79731 ± 0.035,0.70101 ± 0.176,0.79265 ± 0.035,0.79470 ± 0.041,0.79750 ± 0.035,0.79101 ± 0.028,0.81286 ± 0.025,0.79492 ± 0.062,0.52433 ± 0.091,0.79009 ± 0.051
0.4,0.78743 ± 0.064,0.82729 ± 0.035,0.81731 ± 0.027,0.80136 ± 0.055,0.82026 ± 0.034,0.81571 ± 0.046,0.79702 ± 0.042,0.78630 ± 0.040,0.79149 ± 0.052,0.80512 ± 0.041,0.83323 ± 0.062,0.80623 ± 0.054,0.52824 ± 0.078,0.79179 ± 0.044
0.5,0.71960 ± 0.048,0.81445 ± 0.025,0.74360 ± 0.050,0.74662 ± 0.061,0.73639 ± 0.061,0.78482 ± 0.033,0.75166 ± 0.071,0.76739 ± 0.042,0.76223 ± 0.048,0.77746 ± 0.063,0.76690 ± 0.093,0.75106 ± 0.083,0.55221 ± 0.132,0.73291 ± 0.056
0.6,0.71908 ± 0.071,0.82072 ± 0.027,0.80235 ± 0.027,0.80419 ± 0.032,0.80479 ± 0.046,0.79794 ± 0.049,0.79490 ± 0.045,0.79026 ± 0.041,0.78275 ± 0.066,0.73436 ± 0.032,0.80431 ± 0.027,0.76335 ± 0.034,0.52584 ± 0.104,0.80772 ± 0.037
0.7,0.74709 ± 0.069,0.80238 ± 0.027,0.75999 ± 0.071,0.77597 ± 0.074,0.77204 ± 0.050,0.80195 ± 0.069,0.78136 ± 0.073,0.75391 ± 0.071,0.76220 ± 0.079,0.70578 ± 0.087,0.77155 ± 0.076,0.79960 ± 0.052,0.54327 ± 0.097,0.77591 ± 0.099
0.8,0.77653 ± 0.054,0.77858 ± 0.030,0.77946 ± 0.040,0.80466 ± 0.036,0.76295 ± 0.066,0.79059 ± 0.038,0.82144 ± 0.039,0.80196 ± 0.040,0.81521 ± 0.033,0.72727 ± 0.107,0.81293 ± 0.054,0.81885 ± 0.074,0.48436 ± 0.083,0.79063 ± 0.015
