,mean,knn,mice,XGB,missforest,mf,gain,mcflow,notmiwae,miwae,tabcsdi
0.1,0.28001 ± 0.014,0.16356 ± 0.006,0.11443 ± 0.013,0.13560 ± 0.013,0 ± 0,0.24890 ± 0.023,0.13440 ± 0.017,0 ± 0,0 ± 0,0 ± 0,0 ± 0
0.2,0.26460 ± 0.011,0.17021 ± 0.008,0.11925 ± 0.005,0.14053 ± 0.009,0 ± 0,0.23790 ± 0.017,0.18472 ± 0.027,0 ± 0,0 ± 0,0 ± 0,0 ± 0
0.3,0.27953 ± 0.012,0.19365 ± 0.013,0.15417 ± 0.007,0.17783 ± 0.010,0 ± 0,0.25662 ± 0.021,0.22881 ± 0.021,0 ± 0,0 ± 0,0 ± 0,0 ± 0
0.4,0.28704 ± 0.004,0.20674 ± 0.002,0.17532 ± 0.008,0.19272 ± 0.007,0 ± 0,0.26730 ± 0.013,0.23685 ± 0.023,0 ± 0,0 ± 0,0 ± 0,0 ± 0
0.5,0.29065 ± 0.004,0.21807 ± 0.004,0.23020 ± 0.022,0.21223 ± 0.007,0 ± 0,0.26961 ± 0.013,0.27463 ± 0.034,0 ± 0,0 ± 0,0 ± 0,0 ± 0
0.6,0.34344 ± 0.004,0.27017 ± 0.007,0.25629 ± 0.009,0.23518 ± 0.007,0 ± 0,0.32808 ± 0.012,0.39993 ± 0.030,0 ± 0,0 ± 0,0 ± 0,0 ± 0
0.7,0.37096 ± 0.005,0.30458 ± 0.005,0.28669 ± 0.019,0.26689 ± 0.010,0 ± 0,0.35145 ± 0.017,0.46327 ± 0.039,0 ± 0,0 ± 0,0 ± 0,0 ± 0
0.8,0.40896 ± 0.003,0.35772 ± 0.006,0.52910 ± 0.285,0.32370 ± 0.011,0 ± 0,0.38229 ± 0.012,0.59337 ± 0.021,0 ± 0,0 ± 0,0 ± 0,0 ± 0
