,random,zero,mean,knn,mice,XGB,missforest,mf,hyper,gain,notmiwae,miwae,tabcsdi,ot
0.1,0.55196 ± 0.030,0.04389 ± 0.002,0.28001 ± 0.014,0.16356 ± 0.006,0.11443 ± 0.013,0.13560 ± 0.013,0.15206 ± 0.008,0.24890 ± 0.023,0.18125 ± 0.021,0.13440 ± 0.017,0.14184 ± 0.011,0.13797 ± 0.005,0.23226 ± 0.024,0.30503 ± 0.030
0.2,0.54258 ± 0.004,0.07276 ± 0.003,0.26460 ± 0.011,0.17021 ± 0.008,0.11925 ± 0.005,0.14053 ± 0.009,0.15674 ± 0.006,0.23790 ± 0.017,0.16834 ± 0.009,0.18472 ± 0.027,0.15292 ± 0.008,0.14998 ± 0.009,0.20301 ± 0.021,0.29023 ± 0.018
0.3,0.51750 ± 0.008,0.09723 ± 0.003,0.27953 ± 0.012,0.19365 ± 0.013,0.15417 ± 0.007,0.17783 ± 0.010,0.18212 ± 0.005,0.25662 ± 0.021,0.21896 ± 0.017,0.22881 ± 0.021,0.18475 ± 0.005,0.17634 ± 0.005,0.19700 ± 0.013,0.29546 ± 0.023
0.4,0.47837 ± 0.005,0.12489 ± 0.002,0.28704 ± 0.004,0.20674 ± 0.002,0.17532 ± 0.008,0.19272 ± 0.007,0.19657 ± 0.003,0.26730 ± 0.013,0.23731 ± 0.014,0.23685 ± 0.023,0.18896 ± 0.005,0.17655 ± 0.005,0.19307 ± 0.007,0.31338 ± 0.016
0.5,0.47913 ± 0.009,0.14480 ± 0.004,0.29065 ± 0.004,0.21807 ± 0.004,0.23020 ± 0.022,0.21223 ± 0.007,0.20902 ± 0.004,0.26961 ± 0.013,0.24690 ± 0.019,0.27463 ± 0.034,0.20798 ± 0.005,0.20176 ± 0.008,0.17820 ± 0.010,0.31763 ± 0.017
0.6,0.44876 ± 0.009,0.18617 ± 0.006,0.34344 ± 0.004,0.27017 ± 0.007,0.25629 ± 0.009,0.23518 ± 0.007,0.25565 ± 0.007,0.32808 ± 0.012,0.28694 ± 0.007,0.39993 ± 0.030,0.25054 ± 0.006,0.23470 ± 0.006,0.19233 ± 0.010,0.36302 ± 0.019
0.7,0.44516 ± 0.008,0.21150 ± 0.005,0.37096 ± 0.005,0.30458 ± 0.005,0.28669 ± 0.019,0.26689 ± 0.010,0.29559 ± 0.008,0.35145 ± 0.017,0.31426 ± 0.014,0.46327 ± 0.039,0.28975 ± 0.014,0.26571 ± 0.005,0.20237 ± 0.007,0.38968 ± 0.018
0.8,0.43153 ± 0.009,0.25776 ± 0.005,0.40896 ± 0.003,0.35772 ± 0.006,0.52910 ± 0.285,0.32370 ± 0.011,0.37824 ± 0.002,0.38229 ± 0.012,0.38287 ± 0.011,0.59337 ± 0.021,0.41779 ± 0.008,0.33361 ± 0.006,0.21002 ± 0.004,0.42671 ± 0.014
