,train_ML_rmse_mean,train_ML_rmse_std,test_ML_rmse_mean,test_ML_rmse_std
0.1,0.7623486910026175,0.01141520193152551,0.7694425844698055,0.012240488283452896
0.2,0.7630904837310257,0.012320582239561863,0.774696053446432,0.008615372417269495
0.3,0.7883765106599911,0.014920057942781784,0.7983562094121384,0.010255827512634763
0.4,0.788244313287837,0.01532895412819006,0.8009580581055783,0.010691365074196584
0.5,0.7735819663939624,0.013865732958267627,0.7888448390920091,0.014253763151084906
0.6,0.7997201731343064,0.014688383823810089,0.8386325316674327,0.011615641800667612
0.7,0.7664010067688967,0.013331323858735694,0.7734248156584294,0.012832780747452924
0.8,0.8432812642360265,0.018641822750751394,0.9973022218068799,0.015837093436378968
