,train_ML_rmse_mean,train_ML_rmse_std,test_ML_rmse_mean,test_ML_rmse_std
0.1,0.7188914243332067,0.013806351679483374,0.7322158119652017,0.012878516840664322
0.2,0.7206303796426534,0.011572617091525749,0.7413922800338113,0.014521899814193448
0.3,0.7533983173582146,0.019283470060960897,0.7791298882379502,0.010179372690635683
0.4,0.7592956355338185,0.020421919742216455,0.7974242497587517,0.010945856156277328
0.5,0.7895944838073954,0.01260699715256056,0.7827944576764566,0.013048312432968561
0.6,0.7660601327301549,0.014979103822402159,0.778773543525947,0.01173452561954886
0.7,0.7413556124700648,0.010815004291118714,0.8279067799882128,0.016311894094905577
0.8,0.9031840862015104,0.020424676605698917,0.836145937027078,0.020214167832362216
