,train_ML_f1_mean,train_ML_f1_std,test_ML_f1_mean,test_ML_f1_std
0.1,0.2417868390823182,0.0350468271162019,0.13470369085691408,0.020639157559395323
0.2,0.16401638956992576,0.02003805424892464,0.10920149968692835,0.015484931080704556
0.3,0.1851668165612899,0.02459254419431952,0.10755709858608582,0.011143367620717388
0.4,0.15353671319652465,0.005960850900798047,0.10784587715255703,0.021176728171085932
0.5,0.169471342711676,0.015755112772011606,0.08786594440639604,0.02119577577220709
0.6,0.15182987330281678,0.014668518232134534,0.09180631150194188,0.026199782269571113
0.7,0.15135269641140353,0.005124207953407638,0.08895770332424122,0.016929236549621897
0.8,0.1650164727375373,0.04859515308600329,0.07659861300408002,0.011076053876808087
0.9,0.06865606271231812,0.018097350706410362,0.06458008529487798,0.014190543042410811
