,train_ML_f1_mean,train_ML_f1_std,test_ML_f1_mean,test_ML_f1_std
0.1,0.22291056981476892,0.03726851089096114,0.10779924097322276,0.0209087134299966
0.2,0.1555642665089823,0.012700419534634829,0.08857481447752671,0.015193834435321931
0.3,0.16445898645398344,0.018228337877154405,0.08451587654203993,0.013404168531321536
0.4,0.16163754567862618,0.010232204452522176,0.08905325550587809,0.013240748854427498
0.5,0.1588036553691031,0.00844409091863163,0.08195013814385883,0.017390699995929484
0.6,0.14068998557138182,0.02006294630040728,0.08420605728207475,0.018996056570410244
0.7,0.16030795406703024,0.01612571599970698,0.07881699401239502,0.01330384070309199
0.8,0.12596704095788522,0.023007216890467645,0.07051325110838459,0.012016317193545619
0.9,0.08998110969245351,0.0066589913274005645,0.06568319241810064,0.012139703317082447
