,train_ML_f1_mean,train_ML_f1_std,test_ML_f1_mean,test_ML_f1_std
0.1,0.2422491214150261,0.04001054656765652,0.12184737091522066,0.017895226754152314
0.2,0.19561045964789708,0.022200125318785697,0.08375733174108521,0.008114455249483826
0.3,0.21596158978535313,0.04894937040791945,0.0858374212089613,0.011570197423464908
0.4,0.1663209549609754,0.024179773695221504,0.09279731819302259,0.015449735629894445
0.5,0.15498294656329764,0.017779736643504927,0.07702457431007365,0.01717682549200321
0.6,0.128086867674316,0.04997816009103371,0.07244983775423827,0.016101958976396283
0.7,0.13052146408967283,0.03157399128533839,0.08201872517536588,0.012078480164718962
0.8,0.10495208283842486,0.029304145439996224,0.06666755235892634,0.012931761354137743
0.9,0.06124015525622688,0.010972276201112659,0.05726020650567448,0.00848356227980847
