,train_ML_f1_mean,train_ML_f1_std,test_ML_f1_mean,test_ML_f1_std
0.1,0.9638738248526529,0.013079585365651533,0.9683487237798415,0.00824610605111138
0.2,0.9598343872819077,0.009690766844139534,0.9087120884961376,0.008306713911633996
0.3,0.9599464218867169,0.009282064351035239,0.9625138064855753,0.004850072854073301
0.4,0.9793370580253932,0.009192935673694539,0.9631728126993245,0.012975651723402426
0.5,0.9800440952868825,0.008909528790601137,0.9427850950562779,0.021578410192831788
0.6,0.7737525256037873,0.034025652054564946,0.709940531514305,0.01485366205420993
0.7,0.884440902416926,0.01317753664560671,0.7960061367220769,0.016661290046700864
0.8,0.48509890141829065,0.01231178828311855,0.6501038388778688,0.031489970565943874
