,train_ML_rmse_mean,train_ML_rmse_std,test_ML_rmse_mean,test_ML_rmse_std
0.1,0.6637390875314493,0.02539886293449225,0.6752288152022229,0.02279874189666837
0.2,0.6739760132362196,0.025725742695432704,0.7497370231031801,0.03468925441554329
0.3,0.6653306527785586,0.019310937617983415,0.7108282474351346,0.03341034154352704
0.4,0.6709468790038248,0.0281016745179945,0.70433963861717,0.026004365793898712
0.5,0.7083170179285978,0.029001196987738512,0.8474245353341585,0.021957259289685394
0.6,0.7030117245638157,0.02949076976519095,0.9384123139765584,0.06594171190581508
0.7,0.7213714198401092,0.05455641611783079,0.9621855136461667,0.07325684211409217
0.8,0.7094749676727929,0.0363494252514334,1.0641677414326793,0.08585137077144087
