,train_ML_rmse_mean,train_ML_rmse_std,test_ML_rmse_mean,test_ML_rmse_std
0.1,0.7702206913410821,0.0028127652652317568,0.7804979112088779,0.01244082195768817
0.2,0.799782586730932,0.007750977308852109,0.8105405776951191,0.014192989234981605
0.3,0.8387006912294085,0.01339135057747242,0.8447433357006175,0.0122920248168057
0.4,0.8504256634248518,0.005930063596998748,0.8595209336841361,0.013501264372611652
0.5,0.8540304603506224,0.007941573036996268,0.867669808928099,0.011975069804648466
0.6,0.8712346261613927,0.006769971515367317,0.8834804844962129,0.014913271280130147
0.7,0.879723099482888,0.005181522887352542,0.8845947183934566,0.013687921786979619
0.8,0.8815447310203046,0.007366208725547138,0.8879549814518117,0.012043505616880569
0.9,0.8806535203516944,0.0071309730875301885,0.8905087930853256,0.014719414241349987
