,train_ML_rmse_mean,train_ML_rmse_std,test_ML_rmse_mean,test_ML_rmse_std
0.1,0.8206159964329448,0.0034790299665289084,0.8167506961123451,0.013134416497033312
0.2,0.8307648439409642,0.0060449048367896595,0.8293721580916648,0.016235615034528913
0.3,0.8472758926621189,0.007284182626366032,0.8471715039141932,0.013508519268352068
0.4,0.8623333291353559,0.0054257812549813695,0.8622656563489454,0.015927921909870302
0.5,0.8704401974069855,0.003865560872584792,0.8693718734953565,0.012151066961390684
0.6,0.8763814820434316,0.006022593421064569,0.8807661708255019,0.014461110477900094
0.7,0.8831180184005124,0.004661040748011514,0.8834974756973952,0.013348400483701858
0.8,0.8862366534851553,0.004905683835574338,0.8871487927372952,0.013047262140715233
0.9,0.8874226646194223,0.004452901060420424,0.8863360251578122,0.014429113700384386
