,train_ML_rmse_mean,train_ML_rmse_std,test_ML_rmse_mean,test_ML_rmse_std
0.1,0.7123763115015213,0.004341352327358733,0.7721181113257158,0.007945942338225712
0.2,0.7326398244747174,0.005960153875232244,0.8041008561896259,0.021762711482679338
0.3,0.7621097150927794,0.007891312577032163,0.8393721246882198,0.010352825415458348
0.4,0.7749884761975107,0.005100206980931592,0.863444922184625,0.019789415602308756
0.5,0.783810266770287,0.006276394942956906,0.8751332259655682,0.010915403155328674
0.6,0.793605604184806,0.006396318096939976,0.891980350067605,0.013841465378797038
0.7,0.8050985148098675,0.00932794097753111,0.899820750436691,0.014984332785909188
0.8,0.8088596058313506,0.0050121821275481825,0.9041587933673189,0.014073826766457034
0.9,0.8088565218213913,0.00604873537103246,0.9052271648131878,0.011224747136397458
