,train_ML_rmse_mean,train_ML_rmse_std,test_ML_rmse_mean,test_ML_rmse_std
0.1,51992.62855234038,1699.1527342120796,85368.49915166172,5057.493523483814
0.2,61585.31542310926,2087.836591624853,82576.38159897139,3176.939641479542
0.3,51419.86757688975,601.4855570348388,88891.32898626014,2005.9761497175157
0.4,43889.96892464097,1400.219931497598,84356.66023720849,2936.574932261811
0.5,50518.66096448846,1400.3232281726482,90387.26906163621,4450.7136494004
0.6,48148.23170918982,1775.386092520231,89381.82042111827,6664.631194043234
0.7,37233.64339439277,1230.840825038776,69810.06407026688,4075.0291263630716
0.8,36214.79164819811,1334.2944747300508,71015.1660120025,4083.378653472006
