,train_ML_rmse_mean,train_ML_rmse_std,test_ML_rmse_mean,test_ML_rmse_std
0.1,16.319636658367973,0.09841227614845786,16.68008650184516,0.5899073930410957
0.2,16.305454939853576,0.10293552563666557,16.792429522370277,0.5964176687071177
0.3,16.183372303281324,0.09680540499206029,16.57394600330958,0.5500432847972281
0.4,15.975582760002329,0.07183971746861148,16.410972817830633,0.6146016761448437
0.5,16.26978451577111,0.10323710819527016,16.73045903389406,0.596835237333281
0.6,16.115460563854207,0.07444513044655618,16.49673546042784,0.613479302051082
0.7,16.093963834762594,0.09666511325994755,16.44186185496182,0.5450199340122115
0.8,16.384510649249815,0.07547050421951469,16.711770148138022,0.5770140576088999
