,train_ML_f1_mean,train_ML_f1_std,test_ML_f1_mean,test_ML_f1_std
0.1,0.8200768955641269,0.05186346218506078,0.8203066382713529,0.060236630285099624
0.2,0.7902301639422383,0.06657805989223127,0.8072360822360822,0.0739776023800808
0.3,0.8011286545159144,0.0677828739749671,0.7853547464367537,0.05221147527548644
0.4,0.7725032346609254,0.056461802448412916,0.8032129120522814,0.06413258579694334
0.5,0.7600770352785342,0.05437079432641745,0.6867617447423908,0.02528302374611756
0.6,0.6923549672559727,0.06291728768095502,0.727037594812414,0.07381259955251566
0.7,0.6432894317740511,0.023401680486711384,0.689283611884951,0.08987989522586955
0.8,0.7260274940587081,0.04005081113795505,0.7363013923032673,0.041714574490414054
