,train_ML_rmse_mean,train_ML_rmse_std,test_ML_rmse_mean,test_ML_rmse_std
0.1,0.6670714827671602,0.009355723513410946,0.6822930134254246,0.0265917896564977
0.2,0.6720350964428784,0.007623170248131734,0.6885258741959556,0.02807068983334469
0.3,0.6698290888086348,0.008536280441889412,0.6854646327481506,0.019509455111981554
0.4,0.696046006946724,0.006671315821440325,0.7060928114106767,0.029337081875772768
0.5,0.7008598265776496,0.01262506162889164,0.7113319466464636,0.030985927152525388
0.6,0.7026302281315254,0.010602692519471641,0.7154734990300641,0.008687124488685243
0.7,0.751779039377124,0.007463842181884341,0.7542251490473941,0.030044189484687123
0.8,0.7708037152004292,0.009486227134895437,0.7804702044678147,0.024611766535795623
0.9,0.809005879303324,0.004307520700947079,0.8133708383507825,0.03112239982900661
