,train_ML_rmse_mean,train_ML_rmse_std,test_ML_rmse_mean,test_ML_rmse_std
0.1,0.6860304048444323,0.009785774291069879,0.6847987065382682,0.024141231284543922
0.2,0.6909945651911275,0.012157619540431075,0.6954124536204124,0.026078474799125867
0.3,0.6823477779256959,0.008532688851812279,0.6831764950500439,0.02105774717390219
0.4,0.7119173136009983,0.00552775831363849,0.7115190460508132,0.029047583874541667
0.5,0.7312754738588866,0.016648970640067054,0.7287681443848507,0.02826647651635327
0.6,0.7324344211057044,0.019464443372942935,0.7342728694187548,0.02438394178070964
0.7,0.7974983741043773,0.008984948104151473,0.7961650433008759,0.03566250747292678
0.8,0.8015824002810646,0.009550155311697825,0.8049284244208298,0.03345715401194851
0.9,0.8109641944624888,0.011851623769965024,0.8131422926340264,0.031606324463244254
