,train_ML_rmse_mean,train_ML_rmse_std,test_ML_rmse_mean,test_ML_rmse_std
0.1,0.6812322032540071,0.0073838662652516915,0.6807622373359646,0.02406850319634151
0.2,0.6855497926095524,0.008129527454096197,0.6888119027517188,0.02485515537839276
0.3,0.6786626694309195,0.0075534568085768835,0.680923452076159,0.020491766915371343
0.4,0.7041299800390878,0.005586466600191525,0.7035261822854869,0.02726417246974255
0.5,0.718476250055988,0.011656808513973016,0.7171612231327493,0.027456459023747434
0.6,0.715405109804258,0.014920372032863323,0.7186813722067245,0.013100388008338194
0.7,0.7634893889660652,0.009151361665873462,0.761337278317921,0.03320913106192877
0.8,0.7798194504240825,0.007472405679468387,0.7842926943515758,0.02480946886573069
0.9,0.7981058705089552,0.006777945117185335,0.799135920039048,0.03027749430847269
