,train_ML_rmse_mean,train_ML_rmse_std,test_ML_rmse_mean,test_ML_rmse_std
0.1,0.7115022734629088,0.012755071577914627,0.7167528495373071,0.012715923385810112
0.2,0.7146456181655874,0.011847241475279182,0.7179060977313622,0.011741301679923016
0.3,0.7261594609922069,0.014010177638841456,0.7385804235998428,0.014286078708088776
0.4,0.7350359325721567,0.013744999471705262,0.752989790966873,0.010893546789692276
0.5,0.7718859662969101,0.01914193398193188,0.7720204110690527,0.014517360666671308
0.6,0.7448862553297934,0.01348840753704275,0.7680424151956904,0.008948714689127377
0.7,0.7435961133784255,0.022209856668635192,0.7926991441335904,0.017738147840956824
0.8,0.7774110610230908,0.009898539291136965,0.8455391894579318,0.024379058025523155
