,train_ML_rmse_mean,train_ML_rmse_std,test_ML_rmse_mean,test_ML_rmse_std
0.1,0.7376712446188058,0.00971214461731167,0.7418175979802376,0.013330384750253766
0.2,0.734720434163931,0.011176647178119751,0.7368054560281028,0.01051599361497759
0.3,0.7471986173196505,0.009520559254271942,0.759005651632461,0.01789468912698526
0.4,0.7508626035529256,0.012421064164808975,0.7636642072905111,0.01626294559146432
0.5,0.7504511305611542,0.017720435763344967,0.7620220756437047,0.009945896072819848
0.6,0.7800325787883684,0.014237581846270855,0.7987285606143668,0.011846506783158127
0.7,0.7707566174388056,0.011559453883904662,0.7426864447526482,0.009842525090072623
0.8,0.8321339024422608,0.025593109722659792,1.0006487955294667,0.029928725931853025
