,train_ML_rmse_mean,train_ML_rmse_std,test_ML_rmse_mean,test_ML_rmse_std
0.1,0.7569592821925293,0.011128412500738956,0.7600368034058422,0.011702718083744797
0.2,0.7561614738871666,0.011252577478757728,0.7604422747676202,0.009090430405074783
0.3,0.76469028702148,0.01147581532467368,0.7675833703164597,0.011699053848549266
0.4,0.7658135384943927,0.012316948661000233,0.7694339541791997,0.011445880579442376
0.5,0.7658742735247298,0.01452213918268782,0.7815493410563614,0.012819863006555986
0.6,0.7705665227297803,0.012023209241736095,0.8125589141644737,0.009855871410388966
0.7,0.7651192796393508,0.012467679902975877,0.7670244900300551,0.011942083561084803
0.8,0.8177611341591742,0.014777035791221567,0.9856827851624731,0.02309592787019206
