,train_ML_rmse_mean,train_ML_rmse_std,test_ML_rmse_mean,test_ML_rmse_std
0.1,0.612815540911625,0.0005107767744919866,0.6206478613021986,0.007156023435722551
0.2,0.5901231481454794,0.001861204184706652,0.6023141428793217,0.00592648793057932
0.3,0.6116201413133128,0.0027917097699371876,0.623214757591672,0.008695394222233394
0.4,0.586786623817668,0.0036147410755545083,0.5955812459409454,0.005685880229601914
0.5,0.5843481881605368,0.0034202795532822165,0.5940287415608007,0.01020069584580399
0.6,0.6482678064588239,0.003762113137391198,0.6563530490622573,0.006918605825681557
0.7,0.6669304019729931,0.002897264073089939,0.6739248571365452,0.004199329863207188
0.8,0.6836000631601331,0.003981137059660626,0.6906451692388543,0.008106214622947834
