,train_rmse_mean,train_rmse_std,train_mae_mean,train_mae_std,test_rmse_mean,test_rmse_std,test_mae_mean,test_mae_std
0.3,0.24398081,0.0017104031,0.188065,0.0011282184,0.24385121,0.006895096,0.18801408,0.0043634544
0.5,0.3432629,0.0006857804,0.29666287,0.00063786434,0.34306106,0.002434268,0.2963559,0.0022853392
0.7,0.32984266,0.0009515781,0.2815875,0.0005439515,0.32986712,0.0034105992,0.28129274,0.0018657903
