,train_ML_f1_mean,train_ML_f1_std,test_ML_f1_mean,test_ML_f1_std
0.1,0.7548286381615248,0.011356509246532349,0.7519957848907414,0.04130579738853641
0.2,0.758254980091351,0.012897606720511863,0.7470508356923948,0.04053800573370278
0.3,0.7696259409283405,0.02489507309697375,0.7480646274151926,0.04043293495757369
0.4,0.7527159362398302,0.013733786523152516,0.7567320629173933,0.041932484360821476
0.5,0.7647287831831621,0.012213923248009783,0.7625410928436616,0.04503403309981866
0.6,0.7576032503131485,0.021020819666700965,0.75862065273655,0.0560106310135145
0.7,0.7436684259226369,0.01175073292671123,0.7332991662269299,0.04370054915973478
0.8,0.7566913818049571,0.010215825334487562,0.7335003504525929,0.0253494179594669
