,train_ML_f1_mean,train_ML_f1_std,test_ML_f1_mean,test_ML_f1_std
0.1,0.7665110742208683,0.009923545596227466,0.7597243564021675,0.036419105373515503
0.2,0.7749405535341588,0.011829081791174553,0.7517478851981959,0.033637696086896304
0.3,0.7863502652929173,0.019980585358577142,0.7632656360462764,0.031273855922089915
0.4,0.7641148404589577,0.014264633208433066,0.7615071521840638,0.036175683323261765
0.5,0.7660528151218143,0.011902170551716074,0.7577590987205489,0.03797185479899202
0.6,0.7619514861096299,0.02018338554065669,0.7545101271301844,0.052165170035411754
0.7,0.7364301485300635,0.017929792659269535,0.7464426130315059,0.04292632583219289
0.8,0.7678990260254425,0.02564791437235382,0.7443585816932583,0.024103988042678808
