,train_ML_rmse_mean,train_ML_rmse_std,test_ML_rmse_mean,test_ML_rmse_std
0.1,8.976715317826857,0.18731475371376724,9.036930017026249,0.7919376503578154
0.2,9.87105672483366,0.2785575748711627,9.870012417579415,0.8685005437657246
0.3,8.964409978606845,0.18249905159605034,9.02919022716976,0.7797668884109591
0.4,11.615725003320483,0.2752209586615731,11.689607816749486,0.718838236822344
0.5,8.974723716009755,0.18187896820051055,9.042169113919565,0.7662103309810051
0.6,8.991733852065234,0.1929205701784157,8.98972405918214,0.8170570291992704
0.7,12.811954836466697,0.3460683659473791,12.758927608068635,0.8132297072491491
0.8,8.977793054552967,0.17723393683746796,8.957454582647978,0.7521860998208162
