,train_rmse_mean,train_rmse_std,train_mae_mean,train_mae_std,test_rmse_mean,test_rmse_std,test_mae_mean,test_mae_std
0.3,0.31115746,0.023531895,0.24624257,0.024253882,0.28188497,0.022589626,0.21479356,0.023335407
0.5,0.2973192,0.015934162,0.2277827,0.014966587,0.2733447,0.014247341,0.20422348,0.014996316
0.7,0.3244471,0.024215937,0.2531534,0.023261374,0.28993854,0.02522069,0.22036755,0.024208376
