,train_ML_rmse_mean,train_ML_rmse_std,test_ML_rmse_mean,test_ML_rmse_std
0.1,10.24730983624688,0.26602131824934194,10.276099528167999,0.937653348988655
0.2,10.408257359300263,0.3761019254958187,10.2595371835296,1.4690689564767299
0.3,10.29169467173938,0.33421536046870226,10.30750198050625,1.272143328179206
0.4,12.467107545213695,0.4276116750980484,12.040698308054662,1.3475194671603634
0.5,12.983534196461923,0.31655367987284705,13.04045433513618,2.426768402168622
0.6,13.579943960252598,0.3100142277805545,15.039178535462852,3.1000521934698995
0.7,14.41561265162064,0.30600692666402796,14.208459489156676,1.5462260897113609
0.8,14.490074611717143,0.43190100362076667,14.412258310941365,1.451616726444548
0.9,15.035325525529037,0.40310907255273326,14.719873674240642,1.7573142312045666
