,train_ML_rmse_mean,train_ML_rmse_std,test_ML_rmse_mean,test_ML_rmse_std
0.1,13.536110601046706,0.35705808251066135,13.22932411526143,1.626766656314165
0.2,13.915038609313427,0.536584758873685,13.533079297279063,2.080795300644396
0.3,13.741506171302428,0.4472811493308917,13.412887935969774,2.0117088782149914
0.4,14.881295967703258,0.5029914901140431,14.50123797749722,1.753987273126298
0.5,15.200383210847056,0.4819042181948383,14.83512963043818,1.9938465991689607
0.6,15.810029341849633,0.3774254547444406,15.331149148843977,1.7236275463660313
0.7,16.370129875776346,0.4857640765202505,15.98017930997971,1.8680671043092452
0.8,16.5496754560511,0.34841007146231184,16.231183674072078,1.7666531678802162
0.9,16.937749890689336,0.3916833110369565,16.436546428414356,1.8661110890726282
