,train_ML_f1_mean,train_ML_f1_std,test_ML_f1_mean,test_ML_f1_std
0.1,0.5304482994059493,0.04251258280228867,0.641854915871033,0.12417598628143917
0.2,0.5389075597947632,0.05240513685458747,0.5634226022308695,0.09808498934337649
0.3,0.5162208262384645,0.04791772795158865,0.5331367553287583,0.11383633343563739
0.4,0.5003725771244952,0.04728107433398308,0.4761903596470833,0.004924039383262648
0.5,0.4776858435681965,0.006069967429577366,0.47718417132739377,0.0058955496106883635
0.6,0.4776858435681965,0.006069967429577366,0.4766625833818708,0.006536546687704701
0.7,0.4776858435681965,0.006069967429577366,0.47668249908659116,0.005671609626346073
0.8,0.5067220704991604,0.062253399411226984,0.47668249908659116,0.005671609626346073
0.9,0.4776858435681965,0.006069967429577366,0.47517713276680273,0.0046622896816618945
