,train_ML_rmse_mean,train_ML_rmse_std,test_ML_rmse_mean,test_ML_rmse_std
0.1,0.7271674735511946,0.0033358335368015605,0.7323830795938739,0.01154840081671575
0.2,0.7271674735511946,0.0033358335368015605,0.7323830795938739,0.01154840081671575
0.3,0.7271674735511946,0.0033358335368015605,0.7323830795938739,0.01154840081671575
0.4,0.7271674735511946,0.0033358335368015605,0.7323830795938739,0.01154840081671575
0.5,0.7271674735511946,0.0033358335368015605,0.7323830795938739,0.01154840081671575
0.6,0.7271674735511946,0.0033358335368015605,0.7323830795938739,0.01154840081671575
0.7,0.7271674735511946,0.0033358335368015605,0.7323830795938739,0.01154840081671575
0.8,0.7271674735511946,0.0033358335368015605,0.7323830795938739,0.01154840081671575
0.9,0.7271674735511946,0.0033358335368015605,0.7323830795938739,0.01154840081671575
