,train_ML_rmse_mean,train_ML_rmse_std,test_ML_rmse_mean,test_ML_rmse_std
0.1,0.75559129489269,0.003637593730395473,0.7547167180086944,0.011274256919459626
0.2,0.75559129489269,0.003637593730395473,0.7547167180086944,0.011274256919459626
0.3,0.75559129489269,0.003637593730395473,0.7547167180086944,0.011274256919459626
0.4,0.75559129489269,0.003637593730395473,0.7547167180086944,0.011274256919459626
0.5,0.75559129489269,0.003637593730395473,0.7547167180086944,0.011274256919459626
0.6,0.75559129489269,0.003637593730395473,0.7547167180086944,0.011274256919459626
0.7,0.75559129489269,0.003637593730395473,0.7547167180086944,0.011274256919459626
0.8,0.75559129489269,0.003637593730395473,0.7547167180086944,0.011274256919459626
0.9,0.75559129489269,0.003637593730395473,0.7547167180086944,0.011274256919459626
