,train_ML_rmse_mean,train_ML_rmse_std,test_ML_rmse_mean,test_ML_rmse_std
0.1,0.682100699466712,0.0036691430841874354,0.7082706123152908,0.012019457169343618
0.2,0.682100699466712,0.0036691430841874354,0.7082706123152908,0.012019457169343618
0.3,0.682100699466712,0.0036691430841874354,0.7082706123152908,0.012019457169343618
0.4,0.682100699466712,0.0036691430841874354,0.7082706123152908,0.012019457169343618
0.5,0.682100699466712,0.0036691430841874354,0.7082706123152908,0.012019457169343618
0.6,0.682100699466712,0.0036691430841874354,0.7082706123152908,0.012019457169343618
0.7,0.682100699466712,0.0036691430841874354,0.7082706123152908,0.012019457169343618
0.8,0.682100699466712,0.0036691430841874354,0.7082706123152908,0.012019457169343618
0.9,0.682100699466712,0.0036691430841874354,0.7082706123152908,0.012019457169343618
