,random,zero,mean,knn,mice,XGB,missforest,mf,hyper,gain,notmiwae,miwae,tabcsdi,ot
0.1,0.77212 ± 0.008,0.75060 ± 0.007,0.72613 ± 0.012,0.71801 ± 0.010,0.71580 ± 0.010,0.85304 ± 0.068,0.71942 ± 0.009,0.72651 ± 0.011,0.71438 ± 0.010,0.80169 ± 0.040,0.74731 ± 0.010,0.74832 ± 0.012,0.91417 ± 0.024,0.74062 ± 0.013
0.2,0.80410 ± 0.022,0.77136 ± 0.012,0.74355 ± 0.012,0.74279 ± 0.010,0.73489 ± 0.011,0.87913 ± 0.008,0.74202 ± 0.011,0.74570 ± 0.013,0.73505 ± 0.010,0.81383 ± 0.019,0.75815 ± 0.009,0.76290 ± 0.011,0.90917 ± 0.026,0.77241 ± 0.011
0.3,0.83937 ± 0.010,0.79575 ± 0.016,0.77101 ± 0.015,0.77159 ± 0.017,0.75872 ± 0.014,0.86368 ± 0.051,0.75917 ± 0.015,0.77658 ± 0.018,0.75269 ± 0.014,0.83410 ± 0.033,0.78867 ± 0.009,0.78356 ± 0.020,0.90532 ± 0.020,0.79894 ± 0.019
0.4,0.86344 ± 0.020,0.81620 ± 0.016,0.78647 ± 0.014,0.79840 ± 0.011,0.77494 ± 0.012,0.80718 ± 0.038,0.77482 ± 0.014,0.79024 ± 0.012,0.76729 ± 0.017,0.82376 ± 0.016,0.81162 ± 0.020,0.80254 ± 0.011,0.90669 ± 0.012,0.82362 ± 0.012
0.5,0.87513 ± 0.011,0.82041 ± 0.015,0.78929 ± 0.009,0.82632 ± 0.016,0.78060 ± 0.012,0.78929 ± 0.009,0.78549 ± 0.013,0.79658 ± 0.007,0.78697 ± 0.017,0.82808 ± 0.023,0.80160 ± 0.012,0.80997 ± 0.021,0.89754 ± 0.019,0.82842 ± 0.018
0.6,0.89198 ± 0.014,0.84251 ± 0.018,0.81891 ± 0.015,0.84491 ± 0.013,0.81333 ± 0.013,0.81891 ± 0.015,0.81583 ± 0.012,0.82377 ± 0.015,0.82332 ± 0.015,0.85107 ± 0.025,0.82082 ± 0.010,0.83676 ± 0.016,0.90786 ± 0.018,0.85666 ± 0.016
0.7,0.89982 ± 0.015,0.85147 ± 0.015,0.84221 ± 0.015,0.85653 ± 0.011,0.83825 ± 0.014,0.84221 ± 0.015,0.84078 ± 0.012,0.85077 ± 0.015,0.85284 ± 0.015,0.85364 ± 0.018,0.85149 ± 0.014,0.85045 ± 0.015,0.90335 ± 0.014,0.87199 ± 0.012
0.8,0.90416 ± 0.014,0.86688 ± 0.019,0.85337 ± 0.013,0.86713 ± 0.013,0.85480 ± 0.015,0.85337 ± 0.013,0.86050 ± 0.016,0.85745 ± 0.013,0.87049 ± 0.014,0.89603 ± 0.019,0.86564 ± 0.014,0.86038 ± 0.010,0.90131 ± 0.017,0.88077 ± 0.014
0.9,0.90523 ± 0.011,0.88028 ± 0.014,0.87456 ± 0.017,0.87179 ± 0.014,0.87480 ± 0.017,0.87456 ± 0.017,0.87742 ± 0.014,0.87806 ± 0.016,0.89671 ± 0.022,0.88328 ± 0.012,0.88381 ± 0.015,0.87688 ± 0.015,0.89243 ± 0.014,0.88949 ± 0.014
