,mean,knn,mice,XGB,missforest,mf,hyper,gain,notmiwae,miwae,tabcsdi,ot
0.1,0.75028 ± 0.009,0.74104 ± 0.011,0.73972 ± 0.007,146224639054.86047 ± 279991413872.456,0.74085 ± 0.011,0.74908 ± 0.009,0.73777 ± 0.011,0.81596 ± 0.029,0.77769 ± 0.012,0.78167 ± 0.015,21822.36371 ± 1608.446,0.75910 ± 0.008
0.2,0.76422 ± 0.013,0.76329 ± 0.009,0.75050 ± 0.012,12394750802003211564848513024.00000 ± 24789501604006427527743537152.000,0.76033 ± 0.013,0.76663 ± 0.013,0.75442 ± 0.013,0.81353 ± 0.012,0.78779 ± 0.015,0.79207 ± 0.009,22704.17725 ± 1664.556,0.78424 ± 0.014
0.3,0.78900 ± 0.014,0.78852 ± 0.012,0.77123 ± 0.013,169629007066109181952.00000 ± 339165196183395041280.000,0.77747 ± 0.016,0.79221 ± 0.014,0.76716 ± 0.011,0.85000 ± 0.053,0.80955 ± 0.011,0.80586 ± 0.024,24140.03166 ± 793.151,0.80839 ± 0.014
0.4,0.80652 ± 0.013,0.81334 ± 0.013,0.78730 ± 0.015,19513141320900628383814123520.00000 ± 39026282641801261165674758144.000,0.78967 ± 0.014,0.80812 ± 0.013,0.77905 ± 0.019,0.83541 ± 0.019,0.82361 ± 0.022,0.82173 ± 0.018,26008.92387 ± 579.743,0.82989 ± 0.013
0.5,0.80562 ± 0.009,0.83302 ± 0.016,0.78486 ± 0.013,0.80562 ± 0.009,0.79438 ± 0.013,0.81179 ± 0.010,0.79241 ± 0.015,0.84086 ± 0.028,0.82825 ± 0.012,0.82807 ± 0.023,25396.95366 ± 1489.994,0.83265 ± 0.017
0.6,0.82575 ± 0.013,0.84534 ± 0.012,0.81566 ± 0.014,0.82575 ± 0.013,0.81917 ± 0.011,0.83339 ± 0.016,0.82873 ± 0.018,0.85671 ± 0.019,0.82579 ± 0.015,0.83925 ± 0.018,28847.35394 ± 855.050,0.85897 ± 0.013
0.7,0.84983 ± 0.014,0.85862 ± 0.009,0.84337 ± 0.013,0.84983 ± 0.014,0.85048 ± 0.014,0.85570 ± 0.014,0.85589 ± 0.019,0.86740 ± 0.018,0.85595 ± 0.017,0.85487 ± 0.016,28001.23003 ± 1304.408,0.86791 ± 0.015
0.8,0.85931 ± 0.012,0.87137 ± 0.014,0.86406 ± 0.016,0.85931 ± 0.012,0.86302 ± 0.018,0.86918 ± 0.014,0.88184 ± 0.024,0.87828 ± 0.010,0.87181 ± 0.011,0.86961 ± 0.012,26560.73454 ± 885.869,0.87979 ± 0.016
0.9,0.89088 ± 0.018,0.87491 ± 0.013,0.88285 ± 0.015,0.89088 ± 0.018,0.88152 ± 0.015,0.87687 ± 0.016,0.93406 ± 0.036,0.88274 ± 0.009,0.88660 ± 0.013,0.88881 ± 0.015,18099.69826 ± 2177.590,0.88715 ± 0.014
