,mean,knn,mice,XGB,missforest,mf,hyper,gain,notmiwae,miwae,tabcsdi,ot
0.1,0.77024 ± 0.010,0.76122 ± 0.009,0.76017 ± 0.010,2.94852 ± 2.726,0.76177 ± 0.011,0.77035 ± 0.010,0.75877 ± 0.011,0.79944 ± 0.025,0.77927 ± 0.009,0.78165 ± 0.014,0.88595 ± 0.014,0.77929 ± 0.011
0.2,0.77725 ± 0.015,0.77659 ± 0.012,0.77028 ± 0.013,7601573683975237418193256448.00000 ± 15203147367950477035409768448.000,0.77143 ± 0.014,0.77894 ± 0.014,0.76569 ± 0.012,0.79657 ± 0.012,0.78894 ± 0.016,0.79048 ± 0.011,0.88687 ± 0.014,0.79155 ± 0.016
0.3,0.79544 ± 0.014,0.79591 ± 0.010,0.78333 ± 0.015,111332380854701604864.00000 ± 222577926910156505088.000,0.78682 ± 0.016,0.80032 ± 0.014,0.77781 ± 0.012,0.82501 ± 0.015,0.80855 ± 0.013,0.81011 ± 0.019,0.88583 ± 0.015,0.81045 ± 0.015
0.4,0.81109 ± 0.015,0.81898 ± 0.012,0.79842 ± 0.016,25390946827286889503043616768.00000 ± 50781893654573779006087233536.000,0.79587 ± 0.017,0.81625 ± 0.013,0.78780 ± 0.019,0.82913 ± 0.013,0.82057 ± 0.023,0.81843 ± 0.016,0.88652 ± 0.015,0.83224 ± 0.014
0.5,0.81125 ± 0.011,0.83735 ± 0.016,0.80817 ± 0.012,0.81125 ± 0.011,0.79960 ± 0.012,0.82166 ± 0.013,0.79668 ± 0.016,0.82677 ± 0.016,0.82187 ± 0.014,0.82282 ± 0.021,0.88442 ± 0.015,0.83277 ± 0.018
0.6,0.82949 ± 0.015,0.84536 ± 0.013,0.82024 ± 0.015,0.82949 ± 0.015,0.82324 ± 0.014,0.83689 ± 0.015,0.82781 ± 0.020,0.84773 ± 0.020,0.82646 ± 0.015,0.83837 ± 0.019,0.88549 ± 0.015,0.85855 ± 0.013
0.7,0.84833 ± 0.014,0.85743 ± 0.011,0.84486 ± 0.013,0.84833 ± 0.014,0.84680 ± 0.014,0.85599 ± 0.014,0.85208 ± 0.017,0.86122 ± 0.017,0.85126 ± 0.018,0.85184 ± 0.015,0.88668 ± 0.014,0.86878 ± 0.015
0.8,0.86086 ± 0.014,0.87243 ± 0.014,0.86600 ± 0.015,0.86086 ± 0.014,0.86364 ± 0.019,0.86837 ± 0.014,0.86775 ± 0.019,0.87639 ± 0.014,0.86780 ± 0.013,0.86225 ± 0.012,0.88699 ± 0.014,0.87901 ± 0.016
0.9,0.87403 ± 0.014,0.87285 ± 0.013,0.87685 ± 0.014,0.87403 ± 0.014,0.87920 ± 0.015,0.87674 ± 0.014,0.88773 ± 0.013,0.87987 ± 0.012,0.88298 ± 0.014,0.87751 ± 0.015,0.88703 ± 0.016,0.88660 ± 0.014
