,mean,knn,mice,XGB,missforest,mf,gain,mcflow,notmiwae,miwae,tabcsdi
0.1,0.10834 ± 0.001,0.08342 ± 0.001,0.07391 ± 0.001,0 ± 0,0 ± 0,0.10697 ± 0.002,0.12161 ± 0.003,0 ± 0,0 ± 0,0 ± 0,0 ± 0
0.2,0.10731 ± 0.000,0.10084 ± 0.001,0.09514 ± 0.003,0 ± 0,0 ± 0,0.10891 ± 0.000,0.11810 ± 0.007,0 ± 0,0 ± 0,0 ± 0,0 ± 0
0.3,0.10784 ± 0.001,0.11482 ± 0.001,0.09366 ± 0.001,0 ± 0,0 ± 0,0.11132 ± 0.001,0.11963 ± 0.006,0 ± 0,0 ± 0,0 ± 0,0 ± 0
0.4,0.10970 ± 0.000,0.12480 ± 0.000,0.09491 ± 0.002,0 ± 0,0 ± 0,0.11387 ± 0.000,0.11638 ± 0.003,0 ± 0,0 ± 0,0 ± 0,0 ± 0
0.5,0.10671 ± 0.000,0.12928 ± 0.001,0.10390 ± 0.002,0 ± 0,0 ± 0,0.11395 ± 0.001,0.11684 ± 0.002,0 ± 0,0 ± 0,0 ± 0,0 ± 0
0.6,0.10778 ± 0.001,0.12644 ± 0.000,0.10135 ± 0.001,0 ± 0,0 ± 0,0.11591 ± 0.000,0.13795 ± 0.013,0 ± 0,0 ± 0,0 ± 0,0 ± 0
0.7,0.10777 ± 0.001,0.12612 ± 0.001,0.10330 ± 0.001,0 ± 0,0 ± 0,0.11722 ± 0.001,0.15533 ± 0.011,0 ± 0,0 ± 0,0 ± 0,0 ± 0
0.8,0.10828 ± 0.000,0.12203 ± 0.001,0.10945 ± 0.001,0 ± 0,0 ± 0,0.11749 ± 0.001,0.18524 ± 0.008,0 ± 0,0 ± 0,0 ± 0,0 ± 0
0.9,0.11132 ± 0.000,0.11765 ± 0.000,0.11366 ± 0.001,0 ± 0,0 ± 0,0.11743 ± 0.000,0.19463 ± 0.010,0 ± 0,0 ± 0,0 ± 0,0 ± 0
