,random,zero,mean,knn,mice,XGB,missforest,mf,hyper,gain,notmiwae,miwae,tabcsdi,ot
0.1,0.42250 ± 0.007,0.28873 ± 0.007,0.10753 ± 0.004,0.08278 ± 0.004,0.07379 ± 0.003,19788342000000.00000 ± 39469525000000.000,0.08611 ± 0.003,0.11050 ± 0.004,0.07541 ± 0.003,0.13391 ± 0.011,0.09067 ± 0.004,0.09056 ± 0.004,0.11974 ± 0.004,0.14570 ± 0.003
0.2,0.42192 ± 0.003,0.28117 ± 0.002,0.10728 ± 0.001,0.10149 ± 0.001,0.09635 ± 0.014,inf ± nan,0.09135 ± 0.002,0.11223 ± 0.002,0.08579 ± 0.001,0.12518 ± 0.005,0.09429 ± 0.002,0.09494 ± 0.001,0.12263 ± 0.004,0.14626 ± 0.001
0.3,0.42395 ± 0.004,0.28801 ± 0.002,0.10783 ± 0.002,0.11582 ± 0.003,0.09359 ± 0.005,inf ± nan,0.09557 ± 0.003,0.11484 ± 0.002,0.08868 ± 0.003,0.12322 ± 0.006,0.09392 ± 0.002,0.09504 ± 0.004,0.11978 ± 0.002,0.14790 ± 0.002
0.4,0.41979 ± 0.003,0.28570 ± 0.003,0.10911 ± 0.002,0.12511 ± 0.002,0.09470 ± 0.002,nan ± nan,0.09670 ± 0.001,0.11626 ± 0.001,0.09304 ± 0.004,0.11593 ± 0.004,0.09732 ± 0.003,0.09787 ± 0.002,0.12240 ± 0.004,0.14821 ± 0.002
0.5,0.41985 ± 0.003,0.27559 ± 0.003,0.10646 ± 0.002,0.12948 ± 0.003,0.10481 ± 0.006,0.10646 ± 0.002,0.10383 ± 0.002,0.11585 ± 0.002,0.09371 ± 0.002,0.11823 ± 0.003,0.09945 ± 0.003,0.09921 ± 0.003,0.11841 ± 0.002,0.14569 ± 0.002
0.6,0.41931 ± 0.001,0.28207 ± 0.002,0.10769 ± 0.002,0.12612 ± 0.001,0.10168 ± 0.003,0.10769 ± 0.002,0.11435 ± 0.010,0.11694 ± 0.002,0.09956 ± 0.001,0.13693 ± 0.013,0.10088 ± 0.001,0.10199 ± 0.003,0.12269 ± 0.003,0.14713 ± 0.001
0.7,0.42202 ± 0.002,0.28484 ± 0.002,0.10743 ± 0.002,0.12615 ± 0.002,0.10400 ± 0.002,0.10743 ± 0.002,0.11726 ± 0.010,0.11759 ± 0.002,0.10658 ± 0.002,0.15267 ± 0.011,0.10224 ± 0.003,0.10403 ± 0.003,0.12244 ± 0.003,0.14809 ± 0.002
0.8,0.42392 ± 0.001,0.28004 ± 0.002,0.10807 ± 0.001,0.12193 ± 0.001,0.10988 ± 0.002,0.10807 ± 0.001,0.12312 ± 0.006,0.11729 ± 0.002,0.11313 ± 0.002,0.18176 ± 0.006,0.11223 ± 0.002,0.10884 ± 0.003,0.12293 ± 0.002,0.14666 ± 0.001
0.9,0.42323 ± 0.002,0.28302 ± 0.002,0.11104 ± 0.002,0.11740 ± 0.002,0.11319 ± 0.002,0.11104 ± 0.002,0.14613 ± 0.010,0.11737 ± 0.001,0.12417 ± 0.006,0.19328 ± 0.010,0.85795 ± 0.513,0.11449 ± 0.003,0.12398 ± 0.002,0.14923 ± 0.001
