,RD,ZR,Mean,KNN,MF,Mice,MisF,XGB,OT,HI,GAIN,Mi,NMi,CSDI
Cali,1.0218781090097537,0.949157385452844,0.8033030797216606,0.8272203524823807,0.7386739673922439,0.7355640040395685,0.7359956991038966,0.7374692936681461,0.821463320780404,0.7316300554611792,0.7852138421903628,2.453698865689753,2.2331080313731992,1.1539988404239696
Concre,13.467795690257583,12.258629469215862,10.953456085591403,10.897564691268824,11.071746752447865,10.700254065609844,10.933076166303497,10.852855042568962,11.094774677767797,10.69073121757271,11.948651958581914,14.04766465804442,14.255731399315101,16.69980149389694
Red,0.7144347199352218,0.6948757163344041,0.6582923053998411,0.6572030758591906,0.6580700980563498,0.6522557664912831,0.6524641756899305,0.6706125144956319,0.6597075104625859,0.6508253887448017,0.6784953479820913,0.7502950342818805,0.7476925780577505,0.8074725334664461
White,0.8210097533565556,0.8055339294754631,0.7756483671719722,0.7611951490364465,0.7717493488236686,0.7597882426454651,0.7600654098621155,0.7605821022748082,0.7780408099147568,0.7572028072084276,0.7729882435468081,0.8872556387116255,0.8734548568476507,0.8856333503092445
Yacht,9.701976516190225,12.181394880052853,9.144867046298884,9.34339557597907,9.112009186489036,9.105844930486219,9.08398266322075,9.152918078277414,9.350483650446204,9.197705547858797,12.346031740552576,12.024861109866189,12.867873094949086,15.12919884493824
