,RD,ZR,Mean,KNN,MF,Mice,MisF,XGB,OT,HI,GAIN,Mi,NMi,CSDI
Cali,0.9741699190371726,0.9874585802743964,0.7879941420591493,0.7993229610793592,0.7375698369070359,0.7558681883152041,0.7380912538836812,0.7433875254830633,0.803661840836452,0.7313626030476282,0.761216813893796,2.3207718793362586,2.937593110550548,1.1540277930674918
Concre,12.350595225807302,12.319702167394313,10.957986683185322,10.597540547387661,10.913358563447941,10.591883805472643,10.79068415075785,10.625964279105665,10.977059342369953,10.570545591724827,12.325291454747902,15.484690747032252,15.456984042995591,16.69710583759522
Red,0.6950817804808814,0.6993354019851985,0.6565563033610908,0.6529176775995956,0.6566254894735412,0.652210192914908,0.6526706781882521,0.6965760999710913,0.6568624224702511,0.6523239198958378,0.7039828758306491,0.7169711263557705,0.7381595505672597,0.8086449455858421
White,0.8021821055843613,0.8096602283382266,0.7656646031383587,0.7581449671925412,0.7646550497872638,0.7598732082543195,0.7572943046142896,0.7577125870038787,0.7682471510049386,0.7567986201624541,0.8415041724269962,0.9282663648826288,0.9007851646008843,0.8855531621286732
Yacht,10.220722318646803,12.359895418767305,9.664058094303751,10.092379075798231,9.775156128842621,9.631614582386359,10.026090969833056,9.786959903342865,9.743052700783057,9.731388536113016,12.386642185524648,12.549620127976231,12.4519347262418,15.071751711980545
