,train_ML_rmse_mean,train_ML_rmse_std,test_ML_rmse_mean,test_ML_rmse_std
0.1,13.223107081804041,0.30820011573003797,12.9260864721615,1.1633624854978137
0.2,13.389729806767278,0.3073027601558877,12.957647811178981,1.6591093533203514
0.3,13.452852797262898,0.3573079105433022,13.367370999305251,1.6462786656134618
0.4,14.342680507969003,0.31120590813638127,14.135703344385911,1.5004805904187777
0.5,14.50061071840563,0.5085536855797436,14.289172499756782,1.5117185471538517
0.6,14.857698001544003,0.3347768452095747,14.441411516564571,1.3199956306010672
0.7,15.38670380733877,0.36260693518932313,15.116040689163146,1.5763654774998583
0.8,15.305737670480426,0.39877557419562265,15.090694368812308,1.5940320413028588
0.9,15.327610099137834,0.3901191540987799,15.169193422112036,1.2419878833856577
