,train_ML_rmse_mean,train_ML_rmse_std,test_ML_rmse_mean,test_ML_rmse_std
0.1,13.716186314344862,0.34551400312916614,13.479980342456704,1.433761122321524
0.2,14.063707745540833,0.3647699518141654,13.652750403335613,1.8228268321792855
0.3,14.237099416538566,0.47077358108444367,14.183646396990857,2.0481246820998376
0.4,15.433634208310005,0.27196329755532894,15.319701296386459,1.7558679063025162
0.5,15.620025702568677,0.6437027587718682,15.502533818552084,1.6403121229641802
0.6,16.041629238667696,0.3708037003301243,15.646946018666807,1.3382041392813766
0.7,16.744574185209082,0.428927088572808,16.544376012405134,1.7502950963684334
0.8,16.77869033397451,0.5002987013000963,16.497052208086284,1.7029924499101423
0.9,16.68525146654797,0.462458908195876,16.64702255349872,1.7320503867416248
