,train_ML_rmse_mean,train_ML_rmse_std,test_ML_rmse_mean,test_ML_rmse_std
0.1,13.147328791439259,0.2960686178809751,13.036121870190339,1.2798805962271613
0.2,13.547213573623186,0.43381704631657136,13.106490322181156,1.5617959600512552
0.3,13.61054911150976,0.5394667005547938,13.470143403293656,1.4645154530672997
0.4,14.370222804138896,0.27103277860336683,13.978423640215155,1.4538625921593766
0.5,14.41292256577436,0.36161317760283856,14.214951642432634,1.5501923678229914
0.6,14.679876158158597,0.30483499336727404,14.586493418686967,1.3907966071533797
0.7,15.236496617265676,0.31964522941236334,15.21458037159806,1.5665327781793943
0.8,15.1631655960345,0.2905776496353105,14.855114688548749,1.577697513246763
0.9,15.24871557694458,0.34373570933802655,15.036452113737903,1.6022168095840252
