,train_ML_rmse_mean,train_ML_rmse_std,test_ML_rmse_mean,test_ML_rmse_std
0.1,14.965612327479196,0.3105296250336328,14.79321658375888,1.576722111726721
0.2,15.388992309607072,0.526071874011358,14.825429699271414,1.7803716736717972
0.3,15.327759818031012,0.5269606919038792,14.981980912352924,1.7769262232808272
0.4,15.871377461514987,0.399320154761876,15.35766352473649,1.662439463031836
0.5,16.091363837604643,0.4635460681943179,15.694132071345823,1.8105094972441804
0.6,16.182777857403398,0.25053942444946753,15.983487488199675,1.729954719204944
0.7,16.723958607160558,0.37313593395721645,16.43269858385616,1.7503209425659658
0.8,16.77857282913883,0.4226808606520428,16.390068211395686,1.7842102388294367
0.9,17.02683891542665,0.3113308676200271,16.503077447863937,1.8412041283482
