,train_ML_f1_mean,train_ML_f1_std,test_ML_f1_mean,test_ML_f1_std
0.1,0.7999250168344721,0.00637237773383439,0.7901647901472143,0.038381872855627566
0.2,0.806213947185805,0.005928646840468381,0.7920637517223733,0.03672304260258368
0.3,0.8132068950556363,0.0069570114408806505,0.8032352617196892,0.02876834678227734
0.4,0.8017341520363486,0.006026771597997559,0.8007358814122156,0.04048598441629546
0.5,0.7970421960319573,0.009987514261713832,0.7895581019481622,0.0413640076051689
0.6,0.8070430687684823,0.007773930372593205,0.7854507973477549,0.04492804182666257
0.7,0.7850722331265041,0.005393309109225151,0.7819180683592954,0.04425747509873795
0.8,0.7941320142830557,0.004919957408734644,0.7758056351448777,0.041245562688550626
