,train_ML_f1_mean,train_ML_f1_std,test_ML_f1_mean,test_ML_f1_std
0.1,0.8551260825859565,0.00813797400706234,0.8382813980013687,0.031045526661949832
0.2,0.8620967799441199,0.005775853515988946,0.8291117358542721,0.029554806590133407
0.3,0.8543940925490455,0.009066262967518316,0.8348315048169491,0.030925481618314543
0.4,0.8555926545280037,0.010361530596283327,0.8288223537104692,0.03200315414229835
0.5,0.8528840755250682,0.011181401283451802,0.837741690051006,0.03403499024382879
0.6,0.8630907522177893,0.012122728804356941,0.8399795148695073,0.030023370360994204
0.7,0.8520403897685414,0.008430541764174527,0.8284983331598774,0.03614599920950638
0.8,0.8506341664266047,0.021450574201282803,0.8384076631452932,0.0271272751161605
