,train_ML_f1_mean,train_ML_f1_std,test_ML_f1_mean,test_ML_f1_std
0.1,0.8082454894000619,0.004310978977334702,0.8052834798655901,0.04585502982042547
0.2,0.8082862701847355,0.004357014839993551,0.7991309850351159,0.03932303313015307
0.3,0.7303073437112986,0.16717554287826203,0.723512396718864,0.16557159863697934
0.4,0.7692513536159538,0.06958877543885322,0.7555591075200432,0.10486681420976081
0.5,0.8032207018813515,0.005206535239407149,0.8007262688547854,0.03930727485584119
0.6,0.803685627697005,0.0062093686964278215,0.789657865694054,0.04167449526794303
0.7,0.7872960802853479,0.0067880586303492784,0.7784125108613673,0.04346044634029958
0.8,0.7136100067788024,0.1591605912851102,0.7069895378117621,0.1546972717371551
