,train_ML_f1_mean,train_ML_f1_std,test_ML_f1_mean,test_ML_f1_std
0.1,0.8189813346877353,0.010648741125548292,0.8150542766869462,0.03740675993198159
0.2,0.83545361840423,0.003809491259895732,0.8231517392263544,0.03185431814218175
0.3,0.3972315819715694,0.0016907381296862522,0.39842406976903394,0.007541615391697323
0.4,0.7396670371322077,0.17138791486621197,0.7309962445535811,0.17038247633275194
0.5,0.5729984543369673,0.18954035787437407,0.589341002824392,0.20227085178607476
0.6,0.812489710767219,0.00807942129435281,0.8052409742181073,0.039546572423435705
0.7,0.8016730866735765,0.007400134553450753,0.7923882031769351,0.04337842082844391
0.8,0.3972315819715694,0.0016907381296862522,0.39842406976903394,0.007541615391697323
