,train_ML_f1_mean,train_ML_f1_std,test_ML_f1_mean,test_ML_f1_std
0.1,0.05662699884383508,0.04445999787747228,0.0027205326151301798,0.0013890055918533973
0.2,0.2603595870522971,0.04885376820223023,0.11448912383347938,0.02125013181284132
0.3,0.03355567821102927,0.016728104305878396,0.029639692482829404,0.036853863857387134
0.4,0.054324263542129624,0.01821934684536344,0.0022123154940539617,0.0015187921407394647
0.5,0.022160655374180188,0.026258580604125496,0.002796749148255058,0.0014093281354329616
0.6,0.03288892544985099,0.02338935925091956,0.015955103676756805,0.030832680319149965
0.7,0.03296548227805547,0.0482313029730658,0.002796749148255058,0.0014093281354329616
0.8,0.018210070585269866,0.02220584853038993,0.002796749148255058,0.0014093281354329616
