,train_ML_f1_mean,train_ML_f1_std,test_ML_f1_mean,test_ML_f1_std
0.1,0.049636758870616894,0.03282580175020141,0.04986029970426198,0.003678612193235451
0.2,0.30973595131125486,0.035300269718610944,0.12562551112845297,0.024068201928509336
0.3,0.011428886563249951,0.01776195014097624,0.049549199006563335,0.003486763118480991
0.4,0.03105273758778997,0.01903795996042442,0.04986029970426198,0.003678612193235451
0.5,0.04986029970426198,0.003678612193235451,0.04986029970426198,0.003678612193235451
0.6,0.009054272520673567,0.01171438727653636,0.04986029970426198,0.003678612193235451
0.7,0.05188261029931244,0.003688677999145313,0.04986029970426198,0.003678612193235451
0.8,0.04008757291077246,0.02052821276971015,0.04986029970426198,0.003678612193235451
