,train_ML_f1_mean,train_ML_f1_std,test_ML_f1_mean,test_ML_f1_std
0.1,0.8421319924912171,0.22808339211640022,0.7295526052547917,0.22623639741833948
0.2,0.9280156340193644,0.018694543228510246,0.8035608284582428,0.03315878581884349
0.3,0.9568585121982999,0.00679656649961221,0.8060599236595138,0.03512145142634954
0.4,0.897615342110084,0.026116211510412466,0.7407034418259657,0.07785442383514951
0.5,0.8722387771730256,0.012126365069169446,0.6721095216540057,0.06554009757353763
0.6,0.8675126883284425,0.018670373970973025,0.6718706218435262,0.07253024869799501
0.7,0.8179995026006717,0.019486845767942556,0.60673269888487,0.031453641646739576
0.8,0.7842845028286982,0.018924441007660008,0.5822173000067736,0.0159714500112324
0.9,0.6535458272184742,0.10561811615129021,0.4544666120132404,0.08650573892023972
