,train_ML_f1_mean,train_ML_f1_std,test_ML_f1_mean,test_ML_f1_std
0.1,0.9530180741661232,0.04748389250068807,0.7868056762793605,0.08499779660741842
0.2,0.9608745819295506,0.00999408248703261,0.789793563026121,0.0701513087844951
0.3,0.9636666313447393,0.012996535090482752,0.7490023013788034,0.050513810320590886
0.4,0.9420440739349731,0.005499019933662395,0.7587109125671742,0.04640420291929263
0.5,0.9207259998207824,0.016163127155255804,0.6504230525432962,0.05559678299270816
0.6,0.8924595784071911,0.011076586032592256,0.694031378335065,0.054429360798634474
0.7,0.8707180531019676,0.010902192899949726,0.6184379133561767,0.05631160097729041
0.8,0.828630805590907,0.01523542427564226,0.5985517963939913,0.03495995694740123
0.9,0.8092178198303364,0.04015515737569706,0.5071747470199482,0.10153723155239153
