,train_ML_f1_mean,train_ML_f1_std,test_ML_f1_mean,test_ML_f1_std
0.1,0.5235293022805926,0.05108689042223707,0.4844511635882098,0.06094109880869579
0.2,0.47995078303165517,0.041638762470396606,0.3967669306690972,0.0722963580058246
0.3,0.39585434437933154,0.06632984663021933,0.30887805526336676,0.03944876823844662
0.4,0.37039086257952636,0.02763860444905175,0.2871656962062616,0.05010310489637334
0.5,0.28863718060518956,0.02334388491138144,0.2386315298007522,0.03159824743706439
0.6,0.29559503996883923,0.034689375525768056,0.2269279724563395,0.03240474510462223
0.7,0.2960666230720594,0.03811257777232111,0.1729629464837958,0.03552228279048231
0.8,0.16139869951592173,0.04799370436909332,0.14775340820365176,0.03518754831783857
0.9,0.09271584200784808,0.026026500493892803,0.09231200025939505,0.015541334716396007
