,train_ML_f1_mean,train_ML_f1_std,test_ML_f1_mean,test_ML_f1_std
0.1,0.5016728560643349,0.0600545085515083,0.46370229400092794,0.056067596755439826
0.2,0.47593029574882495,0.05375422702163816,0.39164806483114106,0.055976367384260664
0.3,0.4379340454952101,0.06850359583010947,0.296501076004832,0.025798056001629266
0.4,0.3938384536966264,0.031198288111680822,0.27401667782803923,0.05135727192350132
0.5,0.3503944262183773,0.03663205033452114,0.2318297040728134,0.027632089440712788
0.6,0.3224202512386497,0.037316037693802304,0.2006162454983884,0.026330299522819577
0.7,0.3473540116668975,0.03136257162679088,0.15424894113389379,0.021840536331129007
0.8,0.2558906661356833,0.08479940498090739,0.13105390771041842,0.05241035546015527
0.9,0.10102570106499453,0.012459907385155547,0.08506596548302688,0.005707393343656788
