,train_ML_rmse_mean,train_ML_rmse_std,test_ML_rmse_mean,test_ML_rmse_std
0.1,15.493657678336342,0.2982460444677601,15.092145084454113,1.4829906334063812
0.2,15.498901785646376,0.31716619970867577,15.100568220774928,1.4801947215045064
0.3,15.38500449360211,0.32428869321435844,14.994595297621876,1.5009801360602246
0.4,15.50426848937077,0.32396701624670055,15.0735232358708,1.5008489842000547
0.5,15.375217128668314,0.40026483964475834,14.985186639417284,1.4680827897828035
0.6,15.387991021536317,0.28396568874086936,14.986599272437875,1.5099775549828447
0.7,15.489540049247509,0.3203478995544452,15.086169890695208,1.512285294841004
0.8,15.453905936261146,0.32919971986551144,15.036683946389854,1.5295489098697435
0.9,15.431066100194034,0.3244681067966677,15.018877323107981,1.4934701863938697
