,train_ML_rmse_mean,train_ML_rmse_std,test_ML_rmse_mean,test_ML_rmse_std
0.1,15.29954886306563,0.20477750595470018,15.13869719605339,1.4137869304008372
0.2,15.29907226621827,0.2402974866004909,15.15667340954719,1.3882529535707275
0.3,15.218584685509205,0.342525244049878,15.129425365916251,1.396515444471992
0.4,15.313378884423667,0.3222664867528539,14.954385701358552,1.494802216100015
0.5,14.740664152303387,0.6023778989559286,14.6225502740219,1.0337589504643485
0.6,14.959503767932892,0.06823520791927018,14.7063871064401,1.4597864608943871
0.7,15.208467914699256,0.3055384404192206,15.072878459376948,1.5386724785544952
0.8,15.311553064009562,0.3037026280435223,14.928699219103972,1.5432984904243354
0.9,15.29369880320607,0.2168352325358463,14.892822815082377,1.620725771439498
