,train_rmse_mean,train_rmse_std,train_mae_mean,train_mae_std,test_rmse_mean,test_rmse_std,test_mae_mean,test_mae_std
0.1,0.27271533,0.00965555,0.19431879,0.008116727,0.27008662,0.021501828,0.19695804,0.020024268
0.2,0.26583177,0.006927661,0.19480625,0.008130387,0.2708309,0.01937664,0.2009821,0.019313106
0.3,0.26936862,0.005427093,0.1966147,0.004893495,0.27153528,0.020583645,0.19770882,0.017182443
0.4,0.28597096,0.01053387,0.21083328,0.008957486,0.28524956,0.010190398,0.20780043,0.011131703
0.5,0.27537665,0.0056291847,0.20714708,0.005505716,0.27333197,0.008057182,0.2052025,0.008257664
0.6,0.2948849,0.007394831,0.22205786,0.009188275,0.29480392,0.0047252313,0.2207144,0.00858135
0.7,0.29676172,0.005274252,0.22628161,0.0065198694,0.29585987,0.012850102,0.22518814,0.011788991
0.8,0.30542418,0.008107352,0.22948506,0.007247821,0.29888904,0.008649774,0.22582069,0.01090547
0.9,0.30588412,0.008727606,0.23443493,0.008182529,0.3066936,0.012932701,0.23451102,0.012268262
