,train_ML_f1_mean,train_ML_f1_std,test_ML_f1_mean,test_ML_f1_std
0.1,0.17943589311925,0.007608442710796783,0.14137226797272437,0.025054948625850292
0.2,0.5070972733616143,0.06023757449797138,0.5082003630143328,0.06164687971881023
0.3,0.29477657045727734,0.03844653922646239,0.19297117736819783,0.026564264464066727
0.4,0.186689848527809,0.03023348476909676,0.13843172416721353,0.027223432404241864
0.5,0.16158271367767524,0.05602633703133144,0.05580257132864387,0.008769990065685941
0.6,0.21120282023532094,0.03234016226456888,0.1479531931481393,0.01686270917120999
0.7,0.16089721056731368,0.0386550880077911,0.054615257366866635,0.026521452882669307
0.8,0.14319511017753284,0.0729260539286066,0.0397024474368695,0.013219763422445909
