,train_ML_f1_mean,train_ML_f1_std,test_ML_f1_mean,test_ML_f1_std
0.1,0.0716366179168343,0.042315755892054205,0.05998953409718703,0.021735373959627078
0.2,0.5201369011455281,0.05707052218612053,0.5186684730404583,0.05539143747527273
0.3,0.219520741746919,0.06448993705421269,0.06000960701751208,0.01906944548495773
0.4,0.05986445302904484,0.03426663754493376,0.05933244820057828,0.020439222981272893
0.5,0.10584445071074096,0.040305434261919536,0.02784583605730197,0.012552956393981716
0.6,0.1336572606626262,0.03225563757314198,0.06002136978982255,0.018641053996079123
0.7,0.11390467372770334,0.03803304824612326,0.07023993889667941,0.05124112654792274
0.8,0.06450557832631448,0.032129774286528266,0.02666288349848031,0.008069633768461607
