,train_rmse_mean,train_rmse_std,train_mae_mean,train_mae_std,test_rmse_mean,test_rmse_std,test_mae_mean,test_mae_std
0.1,0.14256671,0.009993932,0.117913365,0.009935507,0.13641243,0.029101077,0.12025249,0.031998355
0.2,0.048922837,0.0013876212,0.010419079,0.0007781272,0.04839027,0.007581887,0.010619098,0.0022506765
0.3,0.0593353,0.0035297167,0.03220825,0.0010478076,0.059152085,0.0128519125,0.03290816,0.0040090377
0.4,0.035317868,0.0010026769,0.0169561,0.00021437826,0.03526679,0.0036131416,0.017037837,0.00045314964
0.5,0.023915213,0.0010074708,0.013732165,0.00041195413,0.02399093,0.0015867566,0.013818726,0.00047200435
0.6,0.12420936,0.001378956,0.08519345,0.0015976456,0.12407009,0.0011045366,0.085204154,0.0011946678
0.7,0.12621137,0.0015754462,0.08397345,0.00078289636,0.12647131,0.003272965,0.08381325,0.0014105184
0.8,0.22272722,0.0022231722,0.14413938,0.0023131878,0.22540137,0.0062020496,0.14542487,0.0015681561
