,train_ML_f1_mean,train_ML_f1_std,test_ML_f1_mean,test_ML_f1_std
0.1,0.3472803577495459,0.03647573269791848,0.10387773014330445,0.010961375570572284
0.2,0.3039330791227899,0.07500548723455701,0.09569862774226172,0.01018003882728166
0.3,0.3440329726341097,0.046457816654774255,0.0970868214780387,0.007960642227866192
0.4,0.3212250396529812,0.06653380051937031,0.10313948005443305,0.01170470788570016
0.5,0.23978039347866442,0.0515347372718851,0.10064690793752058,0.014163858761762647
0.6,0.23306116104844707,0.05946921883829366,0.09826469430188439,0.010384786864373463
0.7,0.21474459600364,0.05498011988088282,0.09249356606192519,0.011227918325172484
0.8,0.2351465387598243,0.04949864268553429,0.11722720674141533,0.01111348431003367
0.9,0.17026509505061296,0.02071968676539421,0.0942252304099113,0.012317286719073863
