,train_ML_f1_mean,train_ML_f1_std,test_ML_f1_mean,test_ML_f1_std
0.1,0.11802298984508534,0.0034449689747211845,0.08310870222015601,0.00901246144808651
0.2,0.11524366720972153,0.002500311116741018,0.08155171741044626,0.00850709109486631
0.3,0.1215603505130757,0.004625810220750432,0.0817033679420768,0.009545361255652448
0.4,0.12582907095940526,0.00832458703612164,0.08153825908941294,0.01153680020534399
0.5,0.1241016729381422,0.005159341388441251,0.08913732030357194,0.014443594786116669
0.6,0.13223204847716033,0.004430469578975254,0.08609630999872633,0.008023092585257997
0.7,0.12554093238937775,0.002932025326329399,0.07689723847405291,0.008635173699826077
0.8,0.18246339918126778,0.02774204266772731,0.0762894535661389,0.009957263258013542
0.9,0.1605442499476642,0.01927653435518203,0.08233809244555006,0.012090477155325125
