,train_rmse_mean,train_rmse_std,train_mae_mean,train_mae_std,test_rmse_mean,test_rmse_std,test_mae_mean,test_mae_std
0.1,0.122497514,0.003243484,0.078440316,0.0020487427,0.1263205,0.009672203,0.08103235,0.0035358835
0.2,0.13765492,0.0022716436,0.085976474,0.0010967233,0.14054954,0.009111393,0.08877447,0.0038034406
0.3,0.1349152,0.0011740169,0.08492973,0.0007082686,0.1367101,0.004769994,0.08667021,0.003625655
0.4,0.13085473,0.0020517176,0.08281331,0.001046314,0.13122389,0.004281586,0.08378486,0.002148713
0.5,0.13749763,0.0008673229,0.085130684,0.00071752764,0.13645028,0.0065888627,0.08520123,0.0026518956
0.6,0.1354103,0.00093393703,0.08451905,0.00067790615,0.13501504,0.0011073996,0.08486313,0.0017047503
0.7,0.13324837,0.0013395477,0.0837491,0.00084697775,0.13449988,0.0024311123,0.08511503,0.0014795563
0.8,0.1324867,0.0009802511,0.082478605,0.00073187496,0.13315372,0.0026490195,0.08373399,0.0019723824
0.9,0.1340557,0.0010393354,0.083805785,0.0007455679,0.13418259,0.0025217324,0.0845968,0.0018623354
