,train_ML_rmse_mean,train_ML_rmse_std,test_ML_rmse_mean,test_ML_rmse_std
0.1,11.824551711311589,1.374475337596125,11.826265132642785,1.3744429355601495
0.2,11.859998150166499,1.40689896529201,11.754125003706873,1.35615441253254
0.3,11.818663189087829,1.3626059723817034,11.83262413168499,1.3616969124067124
0.4,11.958863558492675,1.3328511220876311,11.461008128869617,1.4777382063381008
0.5,11.83493856050347,1.382097219215124,11.837923344890129,1.3949918785284683
0.6,11.719003823491162,1.4070126667489333,11.938047915373252,1.3671543991931319
0.7,11.902857898013378,1.2696680909578444,11.19750123216247,1.576733901251001
0.8,11.650387916726576,1.3437275841773244,12.192720998716478,1.4727802439686266
