,train_ML_rmse_mean,train_ML_rmse_std,test_ML_rmse_mean,test_ML_rmse_std
0.1,8.991246138856678,0.7616483710946732,8.99173468463167,0.7617789248127719
0.2,9.083345455643554,0.8285340220116333,9.451083999227958,0.7731629232843339
0.3,8.991000205327094,0.7596169917391035,8.993504088115177,0.7602688862651708
0.4,9.761126611872532,0.7734951701249623,10.435057558958281,0.7339355099825539
0.5,8.971898776408025,0.7664901204427829,8.995464727261886,0.7501902405301105
0.6,8.964041873721609,0.7593507564304546,9.010281587300337,0.656149480306563
0.7,10.484334215013302,0.6705439819810564,10.880680451713905,0.6899712757828655
0.8,9.01419067562805,0.7711213044946221,8.997344113395386,0.7434795801991201
