,train_ML_f1_mean,train_ML_f1_std,test_ML_f1_mean,test_ML_f1_std
0.1,0.4776858435681965,0.006069967429577366,0.5129950791418858,0.0439860962111959
0.2,0.4776858435681965,0.006069967429577366,0.5162208262384644,0.04791772795158865
0.3,0.4776858435681965,0.006069967429577366,0.5071891300312965,0.05567597877779134
0.4,0.4776858435681965,0.006069967429577366,0.4771642556226735,0.006733258822546334
0.5,0.4776858435681965,0.006069967429577366,0.49276463263106496,0.03862435611300154
0.6,0.4776858435681965,0.006069967429577366,0.4776858435681965,0.006069967429577366
0.7,0.4776858435681965,0.006069967429577366,0.4776858435681965,0.006069967429577366
0.8,0.4776858435681965,0.006069967429577366,0.5609902898037717,0.08870531191740075
