,train_ML_f1_mean,train_ML_f1_std,test_ML_f1_mean,test_ML_f1_std
0.1,0.6258136356445696,0.10091712451361703,0.5945357304483434,0.08733413518777836
0.2,0.6140730961729745,0.046948952019389416,0.578874749219082,0.05693676225324441
0.3,0.49985098917897225,0.047619938192351934,0.5298758635875953,0.062926971168153
0.4,0.5328468492226118,0.08021501811083304,0.5062004825536373,0.06256411031837941
0.5,0.4771642556226735,0.006733258822546334,0.5487153994176955,0.05764717152865015
0.6,0.4776858435681965,0.006069967429577366,0.5047622263601192,0.050843007463198885
0.7,0.4776858435681965,0.006069967429577366,0.5300918593601521,0.0748434522593192
0.8,0.4776858435681965,0.006069967429577366,0.613540808496028,0.08623389462905769
