,train_rmse_mean,train_rmse_std,train_mae_mean,train_mae_std,test_rmse_mean,test_rmse_std,test_mae_mean,test_mae_std
0.3,0.24367733,0.0065215398,0.190396,0.004215299,0.22774705,0.010529147,0.17916626,0.0073508252
0.5,0.2320045,0.0049558356,0.1833968,0.0024976907,0.21903095,0.0046578045,0.1720059,0.0026737
0.7,0.25501442,0.010224839,0.1944988,0.0072676735,0.2322882,0.013744364,0.17731313,0.009334146
