,train_ML_f1_mean,train_ML_f1_std,test_ML_f1_mean,test_ML_f1_std
0.1,0.7507401831089642,0.0696043580564553,0.7927810120239942,0.060783205641345234
0.2,0.7567656396267636,0.05288666564303528,0.7721882304041003,0.03090366319247847
0.3,0.7484129323201397,0.06692460980693593,0.766852683849948,0.07238302774507409
0.4,0.7157235303975777,0.05421600426679747,0.6879038647331928,0.047610567026563175
0.5,0.6931333683460918,0.04118445783065054,0.5123602690959114,0.1010304070951059
0.6,0.7418810378260667,0.055229785751497396,0.6770793453487673,0.06303966563531144
0.7,0.7084490104098586,0.09722566462321602,0.6910918302906394,0.10252082785859043
0.8,0.6280407744770182,0.10062104676414856,0.5402190388202266,0.055136911735681464
