,train_ML_f1_mean,train_ML_f1_std,test_ML_f1_mean,test_ML_f1_std
0.1,0.8235708193626122,0.03352136549394728,0.8216779083214039,0.030074967369675007
0.2,0.8085796459959271,0.043470857863373936,0.7896092518163116,0.046308940855337065
0.3,0.8259500141853083,0.04272496946857748,0.7916989119900331,0.03945301854199953
0.4,0.7876118697431052,0.05126160707848439,0.705436003230121,0.03519009135585941
0.5,0.7711822906572062,0.06951766624942957,0.5751276490745181,0.07457664685591996
0.6,0.7661609984900877,0.03352030865654863,0.7253465767116442,0.06893057253906631
0.7,0.7478513300936287,0.08049169930541988,0.6992773914654389,0.0810452228924231
0.8,0.5050781440240539,0.1040203238653992,0.5937496752950968,0.08648323236884836
