,test_ML_f1_mean,test_ML_f1_std
0.1,0.9970412356728342,0.0036237830343106036
