,test_ML_f1_mean,test_ML_f1_std
0.1,0.965366747883696,0.011551774977385767
