,random,zero,mean,knn,mice,XGB,missforest,mf,hyper,gain,notmiwae,miwae,tabcsdi,ot
0.1,0.88583,0.86284,0.90958,0.94446,0.94525,0.94302,0.94596,0.91774,0.94976,0.92701,0.76645,0.80355,0.52107,0.90165
0.2,0.82374,0.73172,0.88159,0.88369,0.90813,0.88727,0.89939,0.88174,0.91347,0.86092,0.64965,0.72937,0.50951,0.86721
0.3,0.72035,0.67589,0.80545,0.80838,0.81050,0.80059,0.84377,0.82629,0.84110,0.82388,0.56469,0.64158,0.52792,0.79131
0.4,0.70571,0.61079,0.72911,0.75777,0.78924,0.77572,0.79097,0.75229,0.79991,0.73652,0.58442,0.53565,0.54341,0.72401
0.5,0.59601,0.42729,0.73265,0.76993,0.73828,0.72960,0.78117,0.74731,0.76893,0.74915,0.57333,0.58183,0.49308,0.70206
0.6,0.59380,0.48946,0.66012,0.65975,0.65969,0.65024,0.67663,0.67462,0.69768,0.63770,0.52019,0.53434,0.49905,0.65149
0.7,0.54170,0.36008,0.57044,0.62480,0.62367,0.66662,0.64736,0.59175,0.66416,0.56745,0.36197,0.41607,0.52413,0.57433
0.8,0.51492,0.32062,0.50008,0.53576,0.48400,0.50000,0.49305,0.55134,0.49895,0.45102,0.45636,0.36783,0.50393,0.52789
0.9,0.50287,0.31226,0.41762,0.43686,0.39353,0.49448,0.43837,0.45048,0.46495,0.36299,0.39384,0.42606,0.49328,0.51696
