,random,zero,mean,knn,mice,XGB,missforest,mf,hyper,gain,notmiwae,miwae,tabcsdi,ot
0.1,0.89896,0.83986,0.92799,0.95842,0.95704,0.95334,0.95550,0.92727,0.96445,0.95064,0.76823,0.80027,0.30787,0.92355
0.2,0.84186,0.71323,0.88131,0.90774,0.91030,0.90255,0.90901,0.87591,0.92628,0.87305,0.60718,0.67930,0.30752,0.87432
0.3,0.73460,0.67687,0.81042,0.81871,0.81447,0.81174,0.84902,0.82203,0.85342,0.84493,0.50075,0.57796,0.30981,0.78566
0.4,0.68797,0.54433,0.74367,0.76034,0.79230,0.79971,0.78208,0.75295,0.81862,0.72636,0.54151,0.54637,0.33656,0.73209
0.5,0.63094,0.44023,0.70798,0.76694,0.72364,0.72887,0.79062,0.73375,0.77916,0.75655,0.54434,0.55462,0.31889,0.68080
0.6,0.60626,0.49187,0.64694,0.66605,0.65007,0.62915,0.68948,0.66521,0.68650,0.65206,0.47174,0.50549,0.41264,0.64659
0.7,0.55922,0.34079,0.56438,0.65038,0.59779,0.65155,0.68121,0.58736,0.66945,0.60556,0.36889,0.44485,0.50283,0.57341
0.8,0.53154,0.31802,0.49809,0.51966,0.50601,0.51465,0.51038,0.54889,0.51516,0.47156,0.43904,0.35173,0.48512,0.51495
0.9,0.52635,0.31079,0.50676,0.44668,0.46274,0.49506,0.45070,0.47920,0.48826,0.35662,0.36342,0.42743,0.53697,0.52575
