,random,zero,mean,knn,mice,XGB,missforest,mf,hyper,gain,notmiwae,miwae,tabcsdi,ot
0.1,0.87911 ± 0.012,0.86652 ± 0.017,0.91197 ± 0.011,0.93201 ± 0.016,0.92972 ± 0.014,0.92373 ± 0.012,0.93340 ± 0.018,0.91339 ± 0.019,0.93281 ± 0.013,0.91670 ± 0.020,0.75247 ± 0.046,0.77809 ± 0.081,0.52207 ± 0.019,0.90324 ± 0.008
0.2,0.82631 ± 0.021,0.75340 ± 0.018,0.88181 ± 0.025,0.87851 ± 0.026,0.88954 ± 0.011,0.87291 ± 0.018,0.88503 ± 0.024,0.88047 ± 0.019,0.89806 ± 0.030,0.85802 ± 0.037,0.66964 ± 0.057,0.74476 ± 0.028,0.52253 ± 0.013,0.86309 ± 0.031
0.3,0.73080 ± 0.025,0.67973 ± 0.014,0.81472 ± 0.013,0.79942 ± 0.011,0.79944 ± 0.015,0.78656 ± 0.017,0.82449 ± 0.017,0.82558 ± 0.012,0.82496 ± 0.022,0.80772 ± 0.023,0.60109 ± 0.068,0.67725 ± 0.030,0.53804 ± 0.019,0.79250 ± 0.024
0.4,0.70991 ± 0.018,0.61487 ± 0.009,0.74394 ± 0.010,0.76247 ± 0.018,0.79195 ± 0.019,0.77080 ± 0.014,0.77391 ± 0.021,0.75800 ± 0.021,0.78811 ± 0.025,0.73422 ± 0.027,0.58571 ± 0.027,0.58628 ± 0.025,0.53380 ± 0.034,0.71963 ± 0.026
0.5,0.61725 ± 0.027,0.42927 ± 0.019,0.75229 ± 0.022,0.76726 ± 0.023,0.74320 ± 0.042,0.72921 ± 0.023,0.76086 ± 0.019,0.75172 ± 0.007,0.74958 ± 0.026,0.75618 ± 0.057,0.58831 ± 0.052,0.59139 ± 0.054,0.50055 ± 0.011,0.70967 ± 0.025
0.6,0.60481 ± 0.030,0.48772 ± 0.035,0.66069 ± 0.013,0.67004 ± 0.037,0.67690 ± 0.014,0.65620 ± 0.030,0.68941 ± 0.042,0.67116 ± 0.022,0.70126 ± 0.026,0.63930 ± 0.015,0.57958 ± 0.062,0.55683 ± 0.059,0.50040 ± 0.012,0.66196 ± 0.028
0.7,0.55729 ± 0.017,0.34218 ± 0.024,0.59431 ± 0.017,0.64822 ± 0.026,0.64459 ± 0.023,0.66703 ± 0.035,0.66077 ± 0.032,0.61784 ± 0.021,0.67366 ± 0.053,0.59028 ± 0.079,0.42780 ± 0.052,0.52346 ± 0.062,0.52022 ± 0.035,0.59068 ± 0.006
0.8,0.51495 ± 0.017,0.32099 ± 0.008,0.49762 ± 0.014,0.53854 ± 0.015,0.49126 ± 0.026,0.50002 ± 0.026,0.49948 ± 0.023,0.55085 ± 0.025,0.51681 ± 0.027,0.45480 ± 0.078,0.49341 ± 0.029,0.38493 ± 0.077,0.50891 ± 0.035,0.51908 ± 0.034
0.9,0.51796 ± 0.032,0.31226 ± 0.009,0.41660 ± 0.023,0.43454 ± 0.017,0.40600 ± 0.021,0.51126 ± 0.071,0.43604 ± 0.026,0.44362 ± 0.017,0.47744 ± 0.058,0.35632 ± 0.033,0.38821 ± 0.051,0.42203 ± 0.063,0.50357 ± 0.011,0.51376 ± 0.022
