,train_ML_rmse_mean,train_ML_rmse_std,test_ML_rmse_mean,test_ML_rmse_std
0.1,12.742385324412087,0.7408622359981472,12.907285244876405,0.634121908945193
0.2,13.17297719328462,0.6315978878091,13.531755809657366,0.6526104391341465
0.3,13.461571915076721,0.535034809393394,14.154006605793587,0.7171824431809447
0.4,13.794743502468924,0.6503718990410757,14.702174938345067,0.5057002370552014
0.5,14.196062011229344,0.6226338805367103,15.08824424943214,0.24830847405526038
0.6,14.474537090911536,0.5654345084145423,15.465217474325522,0.8219068297540576
0.7,14.536395269582943,0.6195849183264003,15.871930921708469,0.5260474392893679
0.8,15.076433647772088,0.5930429439163515,16.334306827892583,0.5334236010129579
0.9,14.932587300956035,0.5700241388378041,16.21206033821801,0.7001327938568278
