,train_ML_rmse_mean,train_ML_rmse_std,test_ML_rmse_mean,test_ML_rmse_std
0.1,10.537842022454498,0.7441734849160758,10.987457923416951,0.8519017640901186
0.2,10.69268289369839,0.65985880747905,12.078293003687552,0.9579546455459372
0.3,11.1043783498349,0.6526509171114196,13.742923333219576,0.9989925819085872
0.4,11.162463859890767,0.6259258954521865,14.220224029944365,0.6590170567295568
0.5,11.662284101652455,0.6673893860354867,15.45867487279063,0.6893137043190701
0.6,12.023855048792187,0.6032585881663493,16.412816930051996,1.1598568054205671
0.7,11.722254485277418,0.6568311843138362,16.563942051196307,0.3582000721002818
0.8,13.163222000480179,0.6044545936197515,17.74678954264733,0.5704046421245699
0.9,13.111216715459246,0.6274877137670255,16.837950718763228,0.7807365205105457
