,train_ML_f1_mean,train_ML_f1_std,test_ML_f1_mean,test_ML_f1_std
0.1,0.9157482451280851,0.03666840423902927,0.7780905436812958,0.08066892378206376
0.2,0.8828292972357115,0.02928073646710769,0.744756420510962,0.02760268112842021
0.3,0.8611991007702627,0.05084795614073356,0.677249978690641,0.030431073065931753
0.4,0.7922174195284557,0.051726719922415156,0.5862752393522865,0.024767900831198626
0.5,0.8193888982496975,0.036539390092033816,0.5913858801192521,0.0543825881469322
0.6,0.7909156859025819,0.031263395459808836,0.5568252509089657,0.058722822371523827
0.7,0.7424381759339065,0.04033413854793042,0.5234565930486565,0.06199641414164835
0.8,0.7363381658761294,0.01857793743310861,0.3849297743214769,0.07682928190563244
0.9,0.6285227354380483,0.049752830833931685,0.42202754775814305,0.06346837831858813
