,train_ML_f1_mean,train_ML_f1_std,test_ML_f1_mean,test_ML_f1_std
0.1,0.3843943049799748,0.005730705552713688,0.3746776404110537,0.03913113113654667
0.2,0.34229071271146394,0.04690564885921146,0.3082488891401197,0.02661816369870478
0.3,0.34604844638214793,0.041520244509466606,0.27204161788506387,0.03591727387634406
0.4,0.305981294939932,0.03430017933215344,0.26331119512369233,0.029278960035398146
0.5,0.2446051759080194,0.012667781001420297,0.21924835149811067,0.030296941539713382
0.6,0.2856001591379194,0.03552591123909711,0.2074343947284937,0.02976890781665617
0.7,0.23852249596715164,0.024078862606346015,0.16870002569981657,0.028248116964165265
0.8,0.18579610915533334,0.02980865553448891,0.15043654380009663,0.05421215405926581
0.9,0.1047704100644179,0.006111009886397881,0.09791633908098378,0.010871940401870417
