,train_ML_f1_mean,train_ML_f1_std,test_ML_f1_mean,test_ML_f1_std
0.1,0.7561796476453642,0.04798989344592145,0.5644980043187853,0.14421383110599914
0.2,0.6960718912127659,0.05363387986051286,0.7302626897336889,0.13506872035419823
0.3,0.7766885598926401,0.07197479855580234,0.5630023254317077,0.1955118309503825
0.4,0.7125936930971348,0.0633841819212511,0.39842406976903394,0.007541615391697323
0.5,0.5812065082001012,0.08426715238047018,0.39842406976903394,0.007541615391697323
0.6,0.5000246109074159,0.07894183933237514,0.39842406976903394,0.007541615391697323
0.7,0.41171102652733244,0.014925135792005856,0.39842406976903394,0.007541615391697323
0.8,0.5349869814302208,0.08428241835224587,0.39842406976903394,0.007541615391697323
