,train_ML_f1_mean,train_ML_f1_std,test_ML_f1_mean,test_ML_f1_std
0.1,0.6046682984855535,0.10653661922419493,0.39842406976903394,0.007541615391697323
0.2,0.5223248100311408,0.0952843880968893,0.6246248488582526,0.11305981989145532
0.3,0.7789754327722193,0.06016376346309247,0.41218534146606983,0.01568058320679339
0.4,0.5830734150650473,0.08335447190609807,0.39842406976903394,0.007541615391697323
0.5,0.44924283464417736,0.0707372705900394,0.39842406976903394,0.007541615391697323
0.6,0.6231751767454645,0.11542734409229423,0.39842406976903394,0.007541615391697323
0.7,0.39842406976903394,0.007541615391697323,0.39842406976903394,0.007541615391697323
0.8,0.41992452617442694,0.021657554045323907,0.39842406976903394,0.007541615391697323
