,train_rmse_mean,train_rmse_std,train_mae_mean,train_mae_std,test_rmse_mean,test_rmse_std,test_mae_mean,test_mae_std
0.1,0.57019186,0.0029023946,0.3840003,0.006084639,0.57174313,0.004536332,0.38673058,0.0065530874
0.2,0.5290418,0.04725047,0.3351717,0.008220378,0.5008448,0.038789015,0.33327752,0.010005889
0.3,0.42753887,0.021599077,0.2557036,0.012883914,0.41465053,0.009176196,0.2568068,0.012251845
0.4,0.5003547,0.05390379,0.32475075,0.025758395,0.49793282,0.044184588,0.3252805,0.022534957
0.5,0.63474774,0.03218084,0.4474113,0.018989315,0.6313388,0.049697794,0.45127591,0.015866762
0.6,0.46911603,0.02490572,0.3046841,0.016013637,0.47390595,0.029660352,0.3081042,0.017084967
0.7,0.50967443,0.022851244,0.3425534,0.021994274,0.52055573,0.032049626,0.34693205,0.02253922
0.8,0.41499668,0.008859467,0.27677894,0.0047309585,0.43097258,0.030945998,0.2823729,0.007459795
