,train_rmse_mean,train_rmse_std,train_mae_mean,train_mae_std,test_rmse_mean,test_rmse_std,test_mae_mean,test_mae_std
0.3,0.34601423,0.005342427,0.2733639,0.0054510846,0.39400914,0.09654757,0.31612977,0.08759767
0.5,0.37106416,0.008367193,0.29629678,0.012149184,0.35775477,0.01886027,0.27580422,0.017276213
0.7,0.46294975,0.027933484,0.37607214,0.030279946,0.3892855,0.059311867,0.30413955,0.054262336
