,train_ML_f1_mean,train_ML_f1_std,test_ML_f1_mean,test_ML_f1_std
0.1,0.763761742328294,0.06442271192993115,0.4771642556226735,0.006733258822546334
0.2,0.6320654557163333,0.07135159205461768,0.4776858435681965,0.006069967429577366
0.3,0.6438894541887978,0.027760500116022185,0.4776858435681965,0.006069967429577366
0.4,0.522278745375166,0.027265915808425214,0.4776858435681965,0.006069967429577366
0.5,0.522967575735601,0.03013317024300275,0.4776858435681965,0.006069967429577366
0.6,0.48942865292848925,0.015308500962576042,0.4776858435681965,0.006069967429577366
0.7,0.5371571478684505,0.050249071668138134,0.4776858435681965,0.006069967429577366
0.8,0.4773655293779311,0.001642527687711916,0.4776858435681965,0.006069967429577366
0.9,0.4773655293779311,0.001642527687711916,0.4776858435681965,0.006069967429577366
