,train_ML_f1_mean,train_ML_f1_std,test_ML_f1_mean,test_ML_f1_std
0.1,0.8247766776822021,0.030381831593116578,0.7514938270989867,0.06736572195965654
0.2,0.7608211728174255,0.03151110210793614,0.593996179178265,0.06720312297585643
0.3,0.7134735757668504,0.025085860197817403,0.5913763167393089,0.08942829683470269
0.4,0.5830396167003888,0.04809121164599233,0.4756436917597555,0.006672636405540118
0.5,0.5472419384927553,0.04748772817005339,0.4927901444963159,0.038433951801709734
0.6,0.483049837167502,0.010989828980642104,0.4771937041286887,0.0054691026203584165
0.7,0.530981217432698,0.02374703084968656,0.5692939964142592,0.08769522609402644
0.8,0.4892579893627831,0.015292091323515562,0.4776858435681965,0.006069967429577366
0.9,0.4832085840392578,0.011663228424603947,0.4951201637341889,0.04301180585612701
