,train_ML_f1_mean,train_ML_f1_std,test_ML_f1_mean,test_ML_f1_std
0.1,0.6569282074706544,0.04395816399653808,0.6175708339905984,0.0797079202498525
0.2,0.5596568322654374,0.03205425439415932,0.5134967513826885,0.04359969016573027
0.3,0.5120483131702713,0.022115683282476654,0.5452570531694283,0.06242538652271823
0.4,0.4897447197661001,0.025709159985338684,0.4776858435681965,0.006069967429577366
0.5,0.47722401134167614,0.001748148343931396,0.4776858435681965,0.006069967429577366
0.6,0.4773655293779311,0.001642527687711916,0.4776858435681965,0.006069967429577366
0.7,0.4773655293779311,0.001642527687711916,0.4771642556226734,0.006733258822546334
0.8,0.4773655293779311,0.001642527687711916,0.4776858435681965,0.006069967429577366
0.9,0.4773655293779311,0.001642527687711916,0.4878150501274973,0.0278390002985634
