,train_ML_f1_mean,train_ML_f1_std,test_ML_f1_mean,test_ML_f1_std
0.1,0.9716794769538885,0.011534708266295246,0.8018104194927727,0.07326829649981668
0.2,0.9636189256266775,0.009843550216303946,0.7622122924448507,0.06803691737957035
0.3,0.9609283264796336,0.016010989478452146,0.7767120964404737,0.04914024286309656
0.4,0.9514043630564171,0.009609188825986591,0.8020175986603533,0.057188851134390185
0.5,0.9363511413946448,0.01544241364738059,0.7435198641099262,0.06776921167771235
0.6,0.9408163309308046,0.0074292429510877155,0.7279354283159656,0.07663797962044071
0.7,0.9272298286348499,0.019633885638095525,0.75044846099718,0.09443572259227996
0.8,0.934021567832158,0.014359087884361969,0.8005402595991263,0.020827514414398486
