,train_ML_f1_mean,train_ML_f1_std,test_ML_f1_mean,test_ML_f1_std
0.1,0.8337391792901329,0.029885826610760648,0.7846355950744555,0.050425901640308184
0.2,0.8298825739661886,0.04114187580763788,0.7619599763396842,0.02965277689624609
0.3,0.7936576411350876,0.047628240430430506,0.6904847202365495,0.01871583282879602
0.4,0.8333244480728077,0.024155650445794544,0.6288445235227756,0.03238219665035802
0.5,0.7240156334379733,0.05619868859629897,0.6673470972009987,0.017001005347437842
0.6,0.7777013502665044,0.03422442861978916,0.6384933279487417,0.015398176801192907
0.7,0.7250473330239976,0.06582624772207099,0.574935084350279,0.03621387088662625
0.8,0.4945960619623582,0.06306499852246529,0.5881559771260758,0.050386408389719736
0.9,0.40139138482631254,0.009191967921965055,0.5203584558277229,0.04863652887936857
