,train_ML_f1_mean,train_ML_f1_std,test_ML_f1_mean,test_ML_f1_std
0.1,0.7863079265234083,0.041632732050937406,0.7773189395382335,0.04083331143243052
0.2,0.7653563138414868,0.04674341903428354,0.7259899091479763,0.021505896651375957
0.3,0.6697273711646761,0.039596105205743456,0.644781202282432,0.025920162925915112
0.4,0.7466683766385003,0.03586589653853755,0.5508312294767357,0.0359617758800184
0.5,0.4271943873755224,0.024690835148162532,0.5469594027197044,0.03439649944780394
0.6,0.45218383390644223,0.014670946268873743,0.466487436244163,0.030106771643117678
0.7,0.5912215590870582,0.07955981420951011,0.3664998055422159,0.007018429032444576
0.8,0.39842406976903394,0.007541615391697323,0.30111485863692233,0.024253908289473596
0.9,0.39842406976903394,0.007541615391697323,0.2569711692039925,0.013381349059409504
