,train_rmse_mean,train_rmse_std,train_mae_mean,train_mae_std,test_rmse_mean,test_rmse_std,test_mae_mean,test_mae_std
0.3,0.23741455,0.0070127556,0.18818544,0.005801058,0.22725976,0.008858709,0.17945811,0.012384498
0.5,0.24047431,0.0042972453,0.19102189,0.004290068,0.23171146,0.006987406,0.1840777,0.0071671284
0.7,0.24174735,0.004537632,0.19217327,0.004325002,0.23550573,0.0064640264,0.18730497,0.006012307
