,train_ML_rmse_mean,train_ML_rmse_std,test_ML_rmse_mean,test_ML_rmse_std
0.1,0.6786526315638551,0.02634428792292873,0.7755738133622614,0.03250496484550602
0.2,0.688189276873474,0.024312971188237508,0.862951046923671,0.037585291325024535
0.3,0.7159210844003525,0.028120766796287597,0.9875113692719992,0.04639226394809315
0.4,0.7407616067455863,0.03794279731401552,1.0687099846335495,0.07333286685846359
0.5,0.7872312605267038,0.032667464128870914,1.1009342533399082,0.015141732221605805
0.6,0.7529235951440544,0.027132134089365746,1.168723749279047,0.04202784322870432
0.7,0.7770176588557822,0.026767482106636865,1.2156235001961688,0.057536048577992965
0.8,0.7994587993328502,0.03086842470666636,1.2614120598451914,0.07692277820161048
0.9,0.8194727644358719,0.03231998220695136,1.284270350659274,0.04918695834687616
