,train_rmse_mean,train_rmse_std,train_mae_mean,train_mae_std,test_rmse_mean,test_rmse_std,test_mae_mean,test_mae_std
0.1,0.28921473,0.0023028208,0.24070475,0.0016046764,0.28873003,0.007453468,0.24055581,0.0050209984
0.2,0.28092784,0.0008755798,0.23318474,0.00062271167,0.2811684,0.0024453818,0.2334381,0.0013367366
0.3,0.2885225,0.000680891,0.2384851,0.00053746527,0.2880084,0.0024540056,0.2380025,0.0017473638
0.4,0.28666478,0.0006049639,0.23783591,0.0004418542,0.28570366,0.0027202116,0.23726499,0.0018486972
0.5,0.27564752,0.0008178492,0.23224029,0.00055608957,0.27559295,0.0030891339,0.23231694,0.0020457034
0.6,0.28221163,0.000660842,0.23564601,0.00040547483,0.28206748,0.0023803427,0.23558888,0.0014778684
0.7,0.2850573,0.0005861169,0.23684125,0.00039404244,0.28484306,0.0022800565,0.23667192,0.0016222345
0.8,0.28039876,0.00043855255,0.23302683,0.0002967564,0.28003544,0.0021313974,0.23279944,0.0014548008
0.9,0.28328007,0.00031780318,0.2354211,0.00016768835,0.28301686,0.001523848,0.23528369,0.0007697215
