,train_ML_rmse_mean,train_ML_rmse_std,test_ML_rmse_mean,test_ML_rmse_std
0.1,0.7562654824076305,0.0033025993161841113,0.7632957078604634,0.00954719876237801
0.2,0.7666940930335489,0.0036943043999448475,0.7754466210658044,0.010356369633188093
0.3,0.793511785612351,0.005365032388202688,0.8012157883292238,0.016957751003721325
0.4,0.8055463963405043,0.00779420836985812,0.8191267449795223,0.014195403206916172
0.5,0.8102261855096888,0.006661358738193322,0.8177745296490369,0.012508564658622712
0.6,0.8314650211927134,0.004420124948861651,0.8419744760084269,0.013638497435386893
0.7,0.8441800109602543,0.005340480770650601,0.8524879645545871,0.015472445194528086
0.8,0.8583254368385509,0.003968968461537974,0.8646885614883525,0.013249379977994554
0.9,0.8750547255201677,0.009129433015462443,0.877961473967068,0.012233133474555777
