,train_ML_rmse_mean,train_ML_rmse_std,test_ML_rmse_mean,test_ML_rmse_std
0.1,0.7949428912200752,0.003447269512425762,0.795134703358424,0.01247357355008732
0.2,0.8180928616056985,0.003573578535045478,0.8191080376468426,0.013882784440878522
0.3,0.8418448839742725,0.005964316932886636,0.8428251995871205,0.018431430480196232
0.4,0.8545780244410967,0.0035898228953214133,0.8549011398564226,0.011412902810596719
0.5,0.8372453818678911,0.0040174072351553194,0.837533621164788,0.011115353722463481
0.6,0.8686689733270093,0.003743576243055276,0.8682838464215905,0.0117793744322248
0.7,0.8770131347849273,0.0038487770478544537,0.8753797655137989,0.012098364006599709
0.8,0.8793154506478185,0.003920753952663447,0.8783548203240674,0.01314021382492665
0.9,0.8830059971656542,0.004416272639328572,0.8815885935465382,0.013286797192685128
