,train_ML_rmse_mean,train_ML_rmse_std,test_ML_rmse_mean,test_ML_rmse_std
0.1,0.5947083062283575,0.006244423838462551,0.6760947044506722,0.023643602329039472
0.2,0.594588172110696,0.007012482783981248,0.6755381604932821,0.0339948628535091
0.3,0.5943403486252185,0.0042014745500974,0.6689775637755402,0.020329168197910422
0.4,0.5951392136206348,0.0048861373138230765,0.678001157311559,0.019863296245867315
0.5,0.608505959884116,0.005519998787652535,0.6850334490909848,0.03321638136806781
0.6,0.6336237617449465,0.004956118395714443,0.7027405880146296,0.028143895024250867
0.7,0.6282556400242476,0.006627207345294996,0.7005624438918764,0.022699655895860323
0.8,0.6338134582273771,0.004499819584120263,0.7034515116735626,0.02146467836139846
