,train_ML_rmse_mean,train_ML_rmse_std,test_ML_rmse_mean,test_ML_rmse_std
0.1,0.6736527678032094,0.013368432777732416,0.7165469696139921,0.02928932485072335
0.2,0.6803570541355033,0.009526333454116926,0.712940949675225,0.012818313535532254
0.3,0.6756249447568019,0.0076334879946168355,0.6994123653735115,0.021217565433962596
0.4,0.6850012679137574,0.007389520273585037,0.722500684078466,0.026402606362672446
0.5,0.6944219953529427,0.006221280091796232,0.7286626662900485,0.012316715596816666
0.6,0.6872362925709901,0.00712126322452415,0.7236527271418391,0.02219311402471556
0.7,0.6988515608814312,0.012521744693624152,0.7286771924445732,0.02605119080810808
0.8,0.6832932563604216,0.009066801396090096,0.7149157854366703,0.02298457811024559
