,train_ML_rmse_mean,train_ML_rmse_std,test_ML_rmse_mean,test_ML_rmse_std
0.1,0.6055015566121968,0.008510546735256612,0.6696626575277941,0.026623508021236492
0.2,0.6216502160359215,0.00428845772063276,0.6972352820379295,0.026781197889028857
0.3,0.6293179470278758,0.009302020098852712,0.7066525730402514,0.014354384233760018
0.4,0.6552695115606795,0.0075655596094828794,0.7417155921165273,0.03326741986950688
0.5,0.6670639437746779,0.009457909101512419,0.7393049235115454,0.030807692975080517
0.6,0.6915241471230515,0.007285601755381085,0.7621833583854711,0.005213292942371311
0.7,0.7308784270078054,0.010501742591133494,0.8111008175938024,0.021574649964125756
0.8,0.7456096509565394,0.0031393279833037318,0.8331120791901283,0.019297896035581418
0.9,0.7487923869342195,0.009996493066220613,0.8511601249795484,0.032156407085387945
