,train_rmse_mean,train_rmse_std,train_mae_mean,train_mae_std,test_rmse_mean,test_rmse_std,test_mae_mean,test_mae_std
0.1,0.48769578,0.004772689,0.40422574,0.005140625,0.48427796,0.002372237,0.39826322,0.003675701
0.2,0.4898398,0.0020600224,0.40655985,0.0017612304,0.48511475,0.0043548453,0.402064,0.0039995853
0.3,0.48676986,0.00295647,0.40354735,0.003213828,0.48455644,0.004770989,0.40190205,0.004982036
0.4,0.48626304,0.0023273318,0.40351415,0.002399491,0.4894681,0.0028642623,0.4059677,0.0022411235
0.5,0.4879868,0.0013832346,0.4049097,0.0014978487,0.4853374,0.0042478195,0.40212956,0.0039503123
0.6,0.48763147,0.0007094177,0.40436858,0.0007556631,0.48870125,0.0019178949,0.40500578,0.002337017
0.7,0.4879423,0.0008587358,0.40500182,0.0008132658,0.48672572,0.005751755,0.40382415,0.006512434
0.8,0.48670483,0.00059838314,0.40407482,0.0010025586,0.48702177,0.0013867067,0.40441442,0.0017359618
0.9,0.4879629,0.0013518318,0.4053506,0.0014537643,0.4873928,0.0021615664,0.4034338,0.0023359384
