,train_ML_f1_mean,train_ML_f1_std,test_ML_f1_mean,test_ML_f1_std
0.1,0.8875500718079449,0.006370060571334705,0.7396962280014752,0.03640443789471
0.2,0.9262245630410308,0.01123642129338486,0.6993022665135218,0.02761836439622634
0.3,0.9539059063895813,0.010595408079267787,0.6960083248078694,0.03206981055655687
0.4,0.9449650685045151,0.008363306747329127,0.6447571099691477,0.025230964116500033
0.5,0.9552001540641781,0.0028508489666420403,0.6119573744395337,0.02698406898544053
0.6,0.9654258883720075,0.006168476464860136,0.5813427970672012,0.014269273218038237
0.7,0.9574709118989772,0.006175980787164549,0.5709609330385825,0.01568257610224699
0.8,0.9567253742631723,0.005479481927709449,0.5077503067805836,0.024447709967786706
0.9,0.9313014043314782,0.01774260289567995,0.5106951563235707,0.01607751115746622
