,train_ML_f1_mean,train_ML_f1_std,test_ML_f1_mean,test_ML_f1_std
0.1,0.7519954512358935,0.014446446919664341,0.7118348953312118,0.04846858172253024
0.2,0.7199647109353767,0.007180102825616855,0.6908003246080268,0.026963282597765162
0.3,0.7121467701512089,0.009090371614145205,0.6754452670007295,0.02376389775395102
0.4,0.692355454734345,0.019272588316069972,0.6505514938526817,0.05303243663421676
0.5,0.6726009214509403,0.006414250735911965,0.6244562141470322,0.009325972451330707
0.6,0.6004664183038165,0.010702703669010888,0.556747113621558,0.01962861171072056
0.7,0.5823571178638336,0.01404754754528705,0.5618341004862529,0.03405099801396762
0.8,0.5472387980613401,0.030372136408932455,0.46846642865367105,0.019824541934223245
0.9,0.5428873283792333,0.04043890761499341,0.4591689941738902,0.03774985277222173
