,train_ML_f1_mean,train_ML_f1_std,test_ML_f1_mean,test_ML_f1_std
0.1,0.8130042671385102,0.01161413877859924,0.7285116758510746,0.052343208761072665
0.2,0.8164724479456847,0.012752898018043825,0.6835727239662515,0.022091640548635213
0.3,0.8411161638652864,0.008346063558515634,0.6701010638836344,0.022480939916056524
0.4,0.8465009564488495,0.0180131643974018,0.6330777704532768,0.04629571156228446
0.5,0.8503750709350466,0.012422059470833663,0.5823986802611124,0.030694599936696935
0.6,0.7926773961990307,0.015124779094450393,0.480902022812381,0.012614848993179061
0.7,0.7635565808135014,0.033541715720546,0.4775364858521944,0.026263889871976406
0.8,0.7242003676738229,0.03202643555445191,0.4139060092240959,0.015406773374783956
0.9,0.7038724921206213,0.05603206199361933,0.4288824609511314,0.036878193166763676
