,train_ML_f1_mean,train_ML_f1_std,test_ML_f1_mean,test_ML_f1_std
0.1,0.9654396178878107,0.008594807566326485,0.9374714416904901,0.016627572806725954
0.2,0.8947180560233636,0.021177181913945367,0.7414008236068093,0.032030749012642475
0.3,0.930866486620497,0.014084283978988333,0.8653881332394381,0.01914896530852775
0.4,0.9210457737268978,0.01766027878368284,0.7868552879000177,0.019036056306635452
0.5,0.9348973435979838,0.004715620023119272,0.700146987647545,0.029769510382293776
0.6,0.8111506094449432,0.024453398368925714,0.4213426257609682,0.021084363519157167
0.7,0.8979221370247744,0.028791331791117786,0.7532558077681031,0.03064805751934922
0.8,0.4463822314758761,0.027026272562299933,0.3568926100957694,0.005555551599308148
