,train_rmse_mean,train_rmse_std,train_mae_mean,train_mae_std,test_rmse_mean,test_rmse_std,test_mae_mean,test_mae_std
0.1,0.09089518,0.0012725412,0.0640437,0.0008652198,0.09056441,0.0043207672,0.06365665,0.002342468
0.2,0.09491301,0.0007168081,0.06539896,0.0015093267,0.09494152,0.0014541302,0.065232456,0.0009969906
0.3,0.094935,0.0011070744,0.065828264,0.00087876973,0.095037244,0.0038816298,0.06549545,0.001805757
0.4,0.09837799,0.0004966022,0.06808372,0.00060327444,0.097872436,0.002255297,0.06762165,0.0014212248
0.5,0.09895061,0.0026835352,0.070109345,0.0021045085,0.09920876,0.0028326146,0.070237994,0.002211646
0.6,0.10222776,0.001156334,0.07209049,0.0012289651,0.1019943,0.002712223,0.07186013,0.0016840479
0.7,0.10424495,0.0017429475,0.07340409,0.0011147114,0.10403071,0.0027336308,0.07333358,0.0013371301
0.8,0.10894927,0.002345366,0.07851263,0.0024685548,0.10884205,0.0029921927,0.078356184,0.002965736
0.9,0.11464105,0.0010535215,0.08061834,0.0011709639,0.11448939,0.0028613526,0.08054645,0.0017725154
