,train_ML_rmse_mean,train_ML_rmse_std,test_ML_rmse_mean,test_ML_rmse_std
0.1,0.7855260562577487,0.006619014306774157,0.7816478752219898,0.014140268095731672
0.2,0.7950717998446596,0.011623208569174814,0.7904824230015138,0.011271785549002699
0.3,0.8119176846411845,0.003995380615176322,0.8101093126019412,0.018703708518361787
0.4,0.8201658255299066,0.007722122982357,0.8184268362693821,0.015868671234255276
0.5,0.8225087897133495,0.011003363645587034,0.8228228016240656,0.021056490810204463
0.6,0.8395781051518636,0.006786254387009341,0.8383658902135892,0.019439686073282163
0.7,0.853432847979349,0.007646198904562074,0.8518437872478174,0.015448777342843893
0.8,0.8680669994612942,0.009154207484871875,0.8622511085528881,0.011536242453611335
0.9,0.8809065814810454,0.0049159327329779115,0.8775128298479393,0.014897410290459722
