,train_ML_f1_mean,train_ML_f1_std,test_ML_f1_mean,test_ML_f1_std
0.1,0.9535894800481015,0.013933526578932471,0.9324067523537496,0.01581064475579966
0.2,0.911197403403554,0.01827732594074635,0.8857896079403205,0.021694981709290576
0.3,0.9352213289896445,0.02305133158244856,0.8867891614237948,0.024686395049213657
0.4,0.9494213702011919,0.014834074245019507,0.8714282167834645,0.029757070518886434
0.5,0.9189407290353376,0.010066531355740486,0.7630999836244918,0.030264325418853627
0.6,0.823944942033058,0.02340388371915529,0.49744515916610865,0.04614611178452661
0.7,0.8843819754574526,0.015352810234885855,0.7569361920583371,0.03567494677783034
0.8,0.7487290596554983,0.0263340207596121,0.3568926100957694,0.005555551599308148
