,train_ML_f1_mean,train_ML_f1_std,test_ML_f1_mean,test_ML_f1_std
0.1,0.9713324649556107,0.006749725957311642,0.9396735601001168,0.01772157682588982
0.2,0.9405873153395022,0.0211516541863186,0.8254965831375387,0.02759084778940453
0.3,0.948557669672095,0.018740493010319315,0.875980786302026,0.02123079981767532
0.4,0.9567466837417955,0.010501576584401389,0.8214525114976535,0.024253644825055456
0.5,0.948738422616459,0.008295216223095677,0.72753468555218,0.03221031541144164
0.6,0.7882273537033597,0.01904765475704831,0.4097696181073179,0.02978411257948759
0.7,0.8949647196281523,0.026742659319723482,0.7704308513240126,0.027887168435839393
0.8,0.4726485385799742,0.0198820009239843,0.3568926100957694,0.005555551599308148
