,train_rmse_mean,train_rmse_std,train_mae_mean,train_mae_std,test_rmse_mean,test_rmse_std,test_mae_mean,test_mae_std
0.1,0.43952217892969314,0.007604209959400834,0.3996158858083373,0.009862889916849152,0.42901675295101327,0.0292942622644902,0.388676438035407,0.032086029595386784
0.2,0.38714123868091277,0.0031875890593676087,0.37649761791981134,0.002794540639558078,0.3894807398649946,0.010839352002642645,0.3784095893001535,0.009400191746266492
0.3,0.45787368884534657,0.004033693254337971,0.4325179011122847,0.004143665599649886,0.45407031144266996,0.013156916674319853,0.42923669578757373,0.012402166870392185
0.4,0.5528346250316736,0.0019247532612458697,0.5311586624508309,0.0016321708360076458,0.5524325352887465,0.006283724067751356,0.5307194592882667,0.006420624010464993
0.5,0.47309218140453646,0.00299548683875651,0.425305339522111,0.003003037156451584,0.47085310472072195,0.011916373620028427,0.4233096428486632,0.011304226075674523
0.6,0.34639545851018677,0.0014309220375755326,0.32439518018370084,0.0014187678312580932,0.34593259106747654,0.006178095083925014,0.32394808668793174,0.005570955307727752
0.7,0.5173752602981792,0.0033664287238639058,0.45059402546584215,0.0029906217390434273,0.515338964916542,0.014120705457667406,0.44917147053586765,0.011612451430342549
0.8,0.3922188781746829,0.0019691103482975987,0.3529920765068251,0.0019834749581361284,0.39058002360548255,0.011313325743110477,0.3517633209719306,0.009675018904384616
