,train_ML_rmse_mean,train_ML_rmse_std,test_ML_rmse_mean,test_ML_rmse_std
0.1,0.6757901728267501,0.010880127401937513,0.6857271819567629,0.027990489498241587
0.2,0.7087854442277961,0.006791449496479418,0.7172841873479898,0.040299617331238956
0.3,0.7052007037445609,0.010694141568757537,0.711111805003441,0.039759078673966386
0.4,0.7262657792475773,0.006039254760292937,0.732372479642651,0.03645173460662742
0.5,0.7412218479959289,0.006859010813842173,0.7543227135199763,0.035907534369907755
0.6,0.7320041605778554,0.007568160605860872,0.7378421566523703,0.01649296283080126
0.7,0.7824353549269164,0.008633379195218161,0.7853541171241052,0.03909231933448199
0.8,0.8149903464906302,0.016681344469472552,0.8192740758367641,0.04222849221217808
0.9,0.8160436501442903,0.006350591765381392,0.8176993691218103,0.03254706432605205
