,train_rmse_mean,train_rmse_std,train_mae_mean,train_mae_std,test_rmse_mean,test_rmse_std,test_mae_mean,test_mae_std
0.3,0.42719507,0.011376094,0.3774437,0.012411087,0.340516,0.08782291,0.28789282,0.08424492
0.5,0.44438988,0.025677443,0.40188852,0.026606523,0.3182997,0.09442831,0.2659104,0.097264096
0.7,0.41887936,0.061701834,0.37677252,0.061219484,0.28746766,0.08856272,0.24001701,0.09056213
