,train_ML_f1_mean,train_ML_f1_std,test_ML_f1_mean,test_ML_f1_std
0.1,0.8213007963367399,0.04410620048915571,0.7824391949968657,0.06514513450370923
0.2,0.7748094762380477,0.03274512354211459,0.781670353911912,0.07985236871429208
0.3,0.7572850760565507,0.06676055606571782,0.7499278702659403,0.05632752530116534
0.4,0.7707382693560906,0.03437529655751747,0.7571724343256852,0.04677874755299077
0.5,0.7675836269730812,0.021154464209882668,0.6681480461810719,0.06809579048738595
0.6,0.7307717245160854,0.07036002459211611,0.6672779902857302,0.08968418628700539
0.7,0.7624543938519093,0.0933606311734413,0.6821084656679124,0.06512197637446922
0.8,0.6521338854183207,0.07155579863361114,0.5695597156418142,0.08588960628849707
0.9,0.6809169587411469,0.04236632293812678,0.48452986436634476,0.08975169988538889
