,train_ML_f1_mean,train_ML_f1_std,test_ML_f1_mean,test_ML_f1_std
0.1,0.5185610587374176,0.05409122564046199,0.5194571827694543,0.05605684450612102
0.2,0.5198491309753018,0.05521621643178682,0.5198491309753018,0.05521621643178682
0.3,0.5178159107193185,0.054012217122393666,0.5202756954833538,0.05529964035471952
0.4,0.5164164573992702,0.05252461447286856,0.5133721427598694,0.05697643058920113
0.5,0.4285735428348049,0.04362322857713906,0.4993244507709985,0.05951556674600348
0.6,0.4431305738180661,0.04333188196089095,0.5153372267670892,0.04865778078896771
0.7,0.3543096407042949,0.0410964468050889,0.30025684810924325,0.05975648912432592
0.8,0.4018953918989786,0.08062879734840481,0.4263912403500643,0.05507655291760431
