,train_ML_f1_mean,train_ML_f1_std,test_ML_f1_mean,test_ML_f1_std
0.1,0.41432420391386515,0.018599827070256793,0.38856115378387057,0.05265186770314807
0.2,0.5702274452370537,0.04533820082658297,0.5190636689938153,0.05781020504072243
0.3,0.42574570422685626,0.015422014487823573,0.4035393628501174,0.05063514525518811
0.4,0.41545472776308545,0.01620027857319143,0.39539136026188876,0.04649966720767616
0.5,0.3894496678896065,0.04825297323231716,0.2976851537136641,0.011006302119543707
0.6,0.34419882062982143,0.01725811520378463,0.3227968060369032,0.056233057315431
0.7,0.313673848987335,0.04528497470181099,0.22479787598361894,0.044684818199956504
0.8,0.3954075169047783,0.052638818591956196,0.2907686470873518,0.03537646432773834
