,train_ML_f1_mean,train_ML_f1_std,test_ML_f1_mean,test_ML_f1_std
0.1,0.3995918420641572,0.009682929877813629,0.39074197827506835,0.02809543315954312
0.2,0.539667450249187,0.037270208128711325,0.5068441868688363,0.06030442978383135
0.3,0.4107813210293035,0.011039589951138077,0.418604661348622,0.017877318078444494
0.4,0.3998326784578537,0.00854212711366557,0.4092168305689935,0.02470680634080195
0.5,0.3234783801646517,0.049311667991638254,0.2822208627306481,0.05623264206250313
0.6,0.2916156786821288,0.012352720989883458,0.29428142594029233,0.03396933349254019
0.7,0.2654827010139923,0.04038168718525716,0.22050546739399177,0.03685066550289718
0.8,0.37154792595396396,0.04264309851460341,0.3374080872978203,0.05932825745972273
