,train_ML_rmse_mean,train_ML_rmse_std,test_ML_rmse_mean,test_ML_rmse_std
0.1,0.8231321587903295,0.00714950044331749,1.2205231433322088,0.015241967689975294
0.2,0.861724570995316,0.0064408785045324095,1.5241025971292075,0.018690549737318023
0.3,0.9336808229197938,0.008749496928560736,1.733413688135812,0.030007792778723695
0.4,0.9460531566232795,0.0069446867847825665,1.8099983012760759,0.03400809415182962
0.5,0.9942688800770967,0.009075455704008362,2.0327106845132774,0.008790647513018418
0.6,0.9966709062917308,0.007374512562883317,2.1748434009025397,0.022267310474596486
0.7,1.0484751732750013,0.009429460584666158,2.2143135547646238,0.03998073143282023
0.8,1.4205260983775179,0.019376386805659125,2.260628282982482,0.03722329446416417
0.9,1.0684888978086424,0.005635007805614061,2.288050168591885,0.03015576154656712
