,train_ML_rmse_mean,train_ML_rmse_std,test_ML_rmse_mean,test_ML_rmse_std
0.1,0.700134241814162,0.007070411892475706,1.4026717535876465,0.029994101763632743
0.2,0.7070994565178438,0.007550276512639497,1.7672562142936663,0.04934753901193304
0.3,0.7224917972744116,0.005842723907934805,1.9945841209597652,0.045832518958741866
0.4,0.72569502027584,0.010641389904403763,1.9157224172814442,0.08607654496198577
0.5,0.7215197726431039,0.007962379267407406,2.0406493856773236,0.07684359492098146
0.6,0.738197297532923,0.010233364042423752,2.2249619621263967,0.11310677836901124
0.7,0.7611927567119011,0.004308137741475784,2.156757607019581,0.11994308463136065
0.8,0.8792381261551242,0.03505096592212924,2.0724560478035032,0.15685641739486306
0.9,1.116042776022016,0.02624848670285738,2.014179650280139,0.17344151566924687
