,train_ML_f1_mean,train_ML_f1_std,test_ML_f1_mean,test_ML_f1_std
0.1,0.831901326743432,0.06441652490337743,0.810703142853713,0.06172297612213717
0.2,0.7763277125565777,0.027977280300290373,0.8266246214667268,0.07416349818539161
0.3,0.8244021843584557,0.011147162701402532,0.785918542919551,0.05606536248101137
0.4,0.7284732432231051,0.06293629381651461,0.7530617509785196,0.059090848172081836
0.5,0.7617640817972894,0.0481888913513698,0.7562083225126703,0.07357520045495838
0.6,0.7297296938121832,0.06572743363712871,0.7497039087930302,0.05648964526050518
0.7,0.7645538569261292,0.029996206806918377,0.7064604950915495,0.05621024687650725
0.8,0.6678018647534829,0.04729998486887738,0.5535021736943934,0.10903910235605746
0.9,0.7378494663798365,0.021698506765388544,0.4884413102464952,0.03673875040551459
