,train_rmse_mean,train_rmse_std,train_mae_mean,train_mae_std,test_rmse_mean,test_rmse_std,test_mae_mean,test_mae_std
0.1,0.16932896,0.0391626,0.04709408,0.0031156105,0.15257423,0.06541053,0.0462493,0.0051126117
0.2,0.14035608,0.009101161,0.052191716,0.00064859766,0.13104233,0.03219387,0.05312889,0.004513932
0.3,0.11087253,0.0026998303,0.057351995,0.0007339499,0.12009661,0.009412732,0.06047201,0.0026664864
0.4,0.14530504,0.013732417,0.07095901,0.001165992,0.22076027,0.07026988,0.08367513,0.010601099
0.5,0.15182428,0.006245833,0.07918652,0.0025664594,0.19604068,0.064504534,0.08885179,0.0054012253
0.6,0.13636312,0.005842971,0.07910763,0.0005343418,0.17023072,0.01911457,0.09076172,0.003956017
0.7,0.27078113,0.049961366,0.09682048,0.0089193955,0.28695804,0.094336025,0.11455222,0.0132111255
0.8,0.2031013,0.02560844,0.09864714,0.00884074,0.35895228,0.18412112,0.13851851,0.039554603
0.9,0.26033145,0.040720392,0.110416725,0.0096087875,0.531129,0.264011,0.20991221,0.08431509
