,train_ML_f1_mean,train_ML_f1_std,test_ML_f1_mean,test_ML_f1_std
0.1,0.8378980700828628,0.002390648588571648,0.8309346844826706,0.04009560224480026
0.2,0.8383940073792828,0.005913552763210042,0.8255741713309629,0.027007047805684192
0.3,0.8168275209912542,0.008094201262091877,0.8013847446490037,0.042285056950175696
0.4,0.801704391454171,0.008564542596651304,0.7846443028858813,0.0317901349495883
0.5,0.7960003079648351,0.016104161913422222,0.7797203069364419,0.049173583658228555
0.6,0.7606272984494775,0.004400677628987015,0.7319119455263723,0.045976773169417263
0.7,0.6947141655592622,0.01952800657430516,0.6755936135482683,0.055637497136538684
0.8,0.5430551251563861,0.07064821458429696,0.5249807931692088,0.09798972203839676
0.9,0.4112635682802278,0.004587741851776705,0.39842406976903394,0.007541615391697323
