,train_ML_rmse_mean,train_ML_rmse_std,test_ML_rmse_mean,test_ML_rmse_std
0.1,12.997482697042198,0.5583988173928158,12.276647734750417,0.5260917394033914
0.2,10.904932791223906,0.5752099319914998,11.386474050100817,0.4414759129804551
0.3,14.23811469442669,0.6024777451770044,14.267665366313887,0.8719830952396165
0.4,16.02869704919356,0.5666048426684541,17.532702880997853,0.8650357494464527
0.5,12.992362188372422,0.9291046529672792,13.208747520671519,0.5487950257718437
0.6,14.452179051335452,0.604497847632812,15.171069701906806,0.5313284587117137
0.7,15.378122764084392,0.615120865828915,17.12667350898481,0.6597257537350614
0.8,15.297678039292862,0.7543181540049656,14.63227552503823,0.6225577877772414
