,train_ML_rmse_mean,train_ML_rmse_std,test_ML_rmse_mean,test_ML_rmse_std
0.1,14.360416707019255,0.5738641107296121,14.020987117069534,0.7401071875518134
0.2,13.146170959061601,0.6659070786892076,13.514845159963766,0.6571741549225535
0.3,14.816064340331646,0.6328662636740483,15.293143742938373,0.8934966780337289
0.4,16.16159715419974,0.6423130939732198,18.9407044214974,0.9194484584457795
0.5,14.470536900679406,0.6680537428763913,15.783153075489164,0.5980196036697988
0.6,16.502053173882473,0.4954632126203527,17.63613308357903,0.5484430846290087
0.7,18.472594021459223,0.5912602758956974,22.229028756343773,0.8007593641264011
0.8,16.970921188984352,0.5521781665250981,19.806595006236808,0.6523611407984979
