,train_ML_f1_mean,train_ML_f1_std,test_ML_f1_mean,test_ML_f1_std
0.1,0.3638093446401957,0.008282221091034953,0.3801260018504137,0.027104219993421816
0.2,0.5453477829604193,0.03677916616120707,0.5043310774110148,0.05817101182771488
0.3,0.4361655725997663,0.009721324187333147,0.44542375133020473,0.033060908320679316
0.4,0.37914610854083347,0.007424036913581686,0.3979452392861399,0.03553121822439107
0.5,0.43768599094444527,0.03937388831660865,0.4037066712275421,0.0660960365598592
0.6,0.42139026682044456,0.004617242566326466,0.4208076525789003,0.04012489192767473
0.7,0.285809275526782,0.03468064519388005,0.25427871441595806,0.07563826463165234
0.8,0.4253778336793873,0.03138867679301207,0.3991240256479548,0.06291656534053268
