,train_rmse_mean,train_rmse_std,train_mae_mean,train_mae_std,test_rmse_mean,test_rmse_std,test_mae_mean,test_mae_std
0.1,0.9903283,0.00028256784,0.9896442,0.00030612564,0.9904069,0.0015192222,0.9895896,0.0018778667
0.2,1.0,0.0,1.0,0.0,1.0,0.0,1.0,0.0
0.3,0.9936967,0.00020041224,0.993289,0.00021625352,0.9939103,0.00071756,0.9935188,0.00077430054
0.4,0.97517765,0.00025113247,0.973349,0.00026453994,0.9750813,0.0009972913,0.9731239,0.0010272937
0.5,0.9022134,0.0005008886,0.89501894,0.00052131555,0.90176517,0.0018517228,0.89438546,0.0017230401
0.6,0.96019185,0.0010395534,0.9564184,0.0011151626,0.96012,0.0034493136,0.95634,0.003696941
0.7,0.81827754,0.000822101,0.80223197,0.0008957657,0.8185981,0.0023863977,0.80250823,0.0024980216
0.8,0.82190067,0.0002248154,0.8080775,0.00026637103,0.8212783,0.001345029,0.8073592,0.0015022265
