,train_ML_f1_mean,train_ML_f1_std,test_ML_f1_mean,test_ML_f1_std
0.1,0.24491097001598888,0.006809679086473644,0.25408367233920764,0.0236296322563376
0.2,0.4121290771578816,0.03221234606259847,0.39012730881516294,0.016197454717887794
0.3,0.2605847547526833,0.00469571458358178,0.25890472851846336,0.035979304314589344
0.4,0.2789682672446538,0.009390826708998663,0.2972198972937604,0.02182300654446195
0.5,0.3059391965344219,0.04113381077211394,0.27183405248059966,0.025968651396851436
0.6,0.3425707498279597,0.008561342062904095,0.3486227113842135,0.025133029925390408
0.7,0.20019108899865357,0.03912276295711267,0.17661747004940756,0.028988405736990384
0.8,0.315539270020609,0.02535949415893203,0.2977041455358601,0.0244115439276255
