,train_rmse_mean,train_rmse_std,train_mae_mean,train_mae_std,test_rmse_mean,test_rmse_std,test_mae_mean,test_mae_std
0.3,0.26481408,0.007953902,0.19145517,0.008479976,0.26349646,0.010366342,0.18978421,0.00976081
0.5,0.33901376,0.010889351,0.25590923,0.009807712,0.36566144,0.04267072,0.27417907,0.030761838
0.7,0.3662517,0.04369131,0.2771781,0.028156444,0.4293696,0.12491075,0.31824917,0.075105146
