,train_rmse_mean,train_rmse_std,train_mae_mean,train_mae_std,test_rmse_mean,test_rmse_std,test_mae_mean,test_mae_std
0.3,0.44330102,0.0037678091,0.35501733,0.003887103,0.44220263,0.012555302,0.35333523,0.013390894
0.5,0.43573484,0.001974228,0.3489259,0.0018990731,0.43697643,0.0063775633,0.3494695,0.0063053006
0.7,0.43541628,0.0025248206,0.34917727,0.002094774,0.43615532,0.008281383,0.34933394,0.0070741163
