,train_ML_f1_mean,train_ML_f1_std,test_ML_f1_mean,test_ML_f1_std
0.1,0.7550650565735518,0.04708164728016623,0.7236669683455522,0.07313721948467951
0.2,0.777774082530838,0.04005882926885752,0.7445040550381108,0.07800495270532189
0.3,0.7325606235255709,0.06298676001589905,0.7556062718446984,0.04978527447167181
0.4,0.7698545927269332,0.08391388857834735,0.7254525134345963,0.06150772399161343
0.5,0.7796631911748191,0.05183585322053076,0.7110536838183439,0.0401579206725181
0.6,0.7484519967602269,0.0589547202225637,0.7148030155618895,0.08026851156962708
0.7,0.7433185381479601,0.05371225669074463,0.7023360145609597,0.0668204748650339
0.8,0.7119974120776253,0.07870650048472078,0.6394353775588313,0.10380607806596802
0.9,0.606142655125844,0.0744766258657304,0.6273029342941462,0.04313485644589612
