,train_ML_f1_mean,train_ML_f1_std,test_ML_f1_mean,test_ML_f1_std
0.1,0.8433215304128044,0.03303505221397786,0.8428835536606243,0.030712588786889563
0.2,0.8402791263663281,0.03487864024222184,0.828325533607811,0.03257865174285566
0.3,0.8423414495686586,0.03564329292935905,0.82844581572466,0.027110255518799115
0.4,0.8409354951799338,0.033154498184633056,0.775146335495942,0.03818650900046301
0.5,0.8314381917009854,0.02975788869683801,0.7360206884269187,0.024973383557572126
0.6,0.8185823669167345,0.045580617679878144,0.7006210225277901,0.03513619323002242
0.7,0.7969793978838488,0.034202099195731764,0.6060584975765169,0.04243766535208464
0.8,0.7680244468573939,0.035607141028918626,0.5367247766584431,0.034295091712866266
0.9,0.6981640312344041,0.05067278817110639,0.47588416706012876,0.029009377254912344
