,train_ML_f1_mean,train_ML_f1_std,test_ML_f1_mean,test_ML_f1_std
0.1,0.3461562577345104,0.03285662454468368,0.4711445412001586,0.06378066513906326
0.2,0.3461562577345104,0.03285662454468368,0.49600580475580475,0.051596551929220934
0.3,0.3461562577345104,0.03285662454468368,0.4622633658267506,0.10550928847207522
0.4,0.3532252232517517,0.0293686408547251,0.49926742832839477,0.07424807500624342
0.5,0.3504720472081946,0.029992002236717386,0.5353591234473587,0.09597797251025612
0.6,0.35581955739781,0.029717700232819878,0.4803520233291147,0.05890540156454784
0.7,0.3589218255000781,0.031280887322271425,0.5038848775161239,0.03263171611880363
0.8,0.3461562577345104,0.03285662454468368,0.5092583504959862,0.05212973144882701
