,random,zero,mean,knn,mice,XGB,missforest,mf,hyper,gain,notmiwae,miwae,tabcsdi,ot
0.1,17.71714 ± 0.711,10.44579 ± 0.778,15.31328 ± 0.735,15.35367 ± 0.813,11.13494 ± 0.735,12.95818 ± 0.781,14.93172 ± 0.747,16.16493 ± 0.834,15.02852 ± 0.843,14.92200 ± 2.442,15.05573 ± 0.815,14.51952 ± 1.001,243131176.87577 ± 9562831.099,15.33280 ± 0.838
0.2,11.36357 ± 0.922,10.44579 ± 0.778,10.79114 ± 0.814,10.71438 ± 0.868,10.62925 ± 0.807,10.62203 ± 0.825,10.65980 ± 0.816,10.83926 ± 0.853,10.73114 ± 0.828,13.30210 ± 0.852,11.75155 ± 0.428,11.43167 ± 0.764,253790392.35828 ± 6577772.808,10.83282 ± 0.827
0.3,25.38718 ± 1.311,10.36730 ± 0.769,17.64581 ± 0.764,17.96506 ± 1.070,14.40539 ± 0.884,16.09559 ± 1.165,17.34163 ± 0.793,18.77079 ± 1.148,17.62026 ± 1.101,14.09063 ± 0.720,17.08061 ± 0.726,16.34973 ± 0.986,231673176.20827 ± 8427882.693,17.85608 ± 1.157
0.4,32.23268 ± 1.879,10.89031 ± 0.756,23.44119 ± 0.712,22.28560 ± 1.024,17.09405 ± 1.344,19.92305 ± 0.993,23.03666 ± 1.027,25.95389 ± 1.495,23.19140 ± 0.665,16.26868 ± 1.905,21.96509 ± 1.414,20.44218 ± 1.516,210267886.66838 ± 7364776.873,23.95460 ± 1.440
0.5,17.75584 ± 0.655,10.50170 ± 0.783,14.62558 ± 0.567,14.66431 ± 0.642,11.42644 ± 0.776,12.67551 ± 0.655,14.09605 ± 0.487,15.43722 ± 0.829,14.18629 ± 0.815,14.13053 ± 0.726,14.66926 ± 0.681,14.78361 ± 0.805,242838904.05274 ± 7402277.292,14.81082 ± 0.701
0.6,20.73181 ± 0.900,13.06358 ± 0.763,20.59642 ± 0.618,20.32566 ± 0.590,18.32731 ± 0.961,18.32595 ± 0.917,21.05598 ± 0.869,22.38221 ± 0.706,20.28409 ± 0.487,17.59996 ± 0.807,19.03327 ± 1.249,18.83910 ± 0.818,226482628.30019 ± 7481940.261,20.87822 ± 0.765
0.7,28.45556 ± 1.342,17.45120 ± 0.821,31.44880 ± 0.502,29.33990 ± 0.642,29.84543 ± 0.922,27.47839 ± 0.589,32.64009 ± 1.875,34.26531 ± 0.586,30.89231 ± 0.974,26.22483 ± 1.042,29.57685 ± 0.762,28.81442 ± 0.822,193856968.48303 ± 9328623.733,32.00906 ± 0.449
0.8,21.75218 ± 0.485,12.54646 ± 0.669,22.64865 ± 0.789,21.30168 ± 0.850,20.42814 ± 0.799,19.98611 ± 0.963,22.57171 ± 1.205,24.86408 ± 1.309,22.76369 ± 0.982,19.37980 ± 1.142,21.89958 ± 0.318,20.91612 ± 1.617,230098041.66303 ± 9769248.936,22.80303 ± 1.107
