,random,zero,mean,knn,mice,XGB,missforest,mf,hyper,gain,notmiwae,miwae,tabcsdi,ot
0.1,15.01829,12.62106,13.96445,14.19026,12.87700,13.61147,14.11031,14.14453,14.02099,14.45475,14.69273,14.32722,86425398.65130,14.01126
0.2,15.30543,12.62106,13.87148,13.41707,13.22022,13.18661,13.45824,13.84210,13.51485,14.66449,14.00064,13.67753,88148263.25287,13.90999
0.3,18.78480,12.58697,15.12086,15.41162,14.24193,14.78235,15.28640,15.47353,15.29314,14.21952,15.45442,15.24354,85922273.77797,15.16800
0.4,24.09951,12.75716,19.03142,18.38549,16.55962,17.17011,18.86526,20.49508,18.94070,15.86057,18.10427,17.60687,74705733.52541,19.18941
0.5,18.64620,12.77684,16.04520,15.71972,13.68442,14.48740,15.63442,16.34488,15.78315,15.50898,16.08080,16.04266,84283339.72542,16.20678
0.6,19.01647,13.07388,18.15201,17.41617,15.82784,16.02573,17.92402,19.12106,17.63613,16.74929,17.15645,17.09078,76826212.46540,18.29379
0.7,22.80013,14.84880,22.94223,21.11476,21.52624,20.02090,22.88671,24.72469,22.22903,20.52582,21.18486,20.78381,67508018.17786,23.24684
0.8,20.19850,14.37850,19.92935,18.73684,17.66566,17.50369,19.73591,21.04543,19.80660,17.82771,19.68537,18.85164,76226726.66898,19.98455
