,random,zero,mean,knn,mice,XGB,missforest,mf,hyper,gain,notmiwae,miwae,tabcsdi,ot
0.3,0.42458 ± 0.009,0.44220 ± 0.013,0.21266 ± 0.012,0.16234 ± 0.008,0.17612 ± 0.021,0.20112 ± 0.016,0.13676 ± 0.005,0.20695 ± 0.013,0.15772 ± 0.007,0.20703 ± 0.011,0.15917 ± 0.003,0.16498 ± 0.009,0.25336 ± 0.008,0.23577 ± 0.013
0.5,0.42083 ± 0.005,0.43698 ± 0.006,0.20971 ± 0.010,0.18198 ± 0.005,0.60806 ± 0.334,0.28104 ± 0.031,0.15505 ± 0.009,0.20821 ± 0.012,0.17174 ± 0.005,0.33470 ± 0.013,0.16510 ± 0.006,0.16827 ± 0.007,0.24737 ± 0.010,0.23504 ± 0.012
0.7,0.42039 ± 0.005,0.43616 ± 0.008,0.21009 ± 0.011,0.22132 ± 0.009,0.21951 ± 0.018,0.32686 ± 0.064,0.19538 ± 0.007,0.21367 ± 0.013,0.19510 ± 0.005,0.43742 ± 0.011,0.18381 ± 0.012,0.18165 ± 0.013,0.25544 ± 0.009,0.23956 ± 0.011
