,train_ML_rmse_mean,train_ML_rmse_std,test_ML_rmse_mean,test_ML_rmse_std
0.1,0.7584734311906981,0.00324403784400795,0.7587716284094956,0.010907128168756072
0.2,0.7662851723693083,0.003811292759670144,0.7656934797361427,0.012097085261902375
0.3,0.7731688603275825,0.0030746548578736866,0.7778147740091562,0.012480788790088378
0.4,0.7870723469365395,0.006229768018663889,0.7878012850378682,0.019032794459361513
0.5,0.7911467832904402,0.00522854515982019,0.7966795420927191,0.016337135705968557
0.6,0.8126461300106664,0.0040734055007151555,0.827806523633867,0.019525499704823174
0.7,0.8454176424439022,0.0062219567148220625,0.85208165814305,0.017230312671443183
0.8,0.8657482490521545,0.005037421527297284,0.867748233088723,0.0188941316246588
0.9,0.8785945870433356,0.005058340777154342,0.8877341689466478,0.012924284751892553
