,train_ML_f1_mean,train_ML_f1_std,test_ML_f1_mean,test_ML_f1_std
0.1,0.7967666558990829,0.03594829847354335,0.6641761107235791,0.045941799466772605
0.2,0.7729275442641075,0.04537784213215184,0.5063038258074759,0.010712842709831265
0.3,0.8006032758599474,0.040492635727595164,0.46505933061854227,0.025900718014034485
0.4,0.6495743877044735,0.12349547063919655,0.42438831435130514,0.015579145482634626
0.5,0.7460618118087495,0.03721797468341019,0.4043636635106525,0.009666559391619945
0.6,0.57104428423555,0.11647282209662364,0.4015097730176268,0.01089376506531046
0.7,0.4818842928639775,0.1689989830126231,0.39842406976903394,0.007541615391697323
0.8,0.39842406976903394,0.007541615391697323,0.39842406976903394,0.007541615391697323
0.9,0.413845996679333,0.0311239738187109,0.39842406976903394,0.007541615391697323
