,train_ML_f1_mean,train_ML_f1_std,test_ML_f1_mean,test_ML_f1_std
0.1,0.9683880319664686,0.008256082239036806,0.9396735601001168,0.01772157682588982
0.2,0.9155172692411584,0.02083358344941655,0.8416070479753663,0.019914648033300838
0.3,0.9314454332507255,0.01766268640722894,0.8662000169572366,0.018431812356251593
0.4,0.9567561140634098,0.011614554626623103,0.826493953591498,0.025056032376771845
0.5,0.9538480634092792,0.012316558139627336,0.7742733062034597,0.028359513529924437
0.6,0.7617025943445903,0.027284162418558862,0.3847750756601827,0.02471341324804184
0.7,0.9219281801295411,0.023185491786780903,0.8553653234354947,0.026237161620183327
0.8,0.42714246644758946,0.015268285186819396,0.3568926100957694,0.005555551599308148
