,train_ML_rmse_mean,train_ML_rmse_std,test_ML_rmse_mean,test_ML_rmse_std
0.1,1.151867209644163,0.002171606954697541,1.1535077105784786,0.006345852898211146
0.2,1.1519475809429809,0.002155372568136718,1.1537237718368076,0.006154085722652197
0.3,1.150897175390709,0.0021084747926774015,1.1530767509964275,0.006275593839166875
0.4,1.1523812981788581,0.0020590680245856988,1.1539234136576157,0.0059554494214538395
0.5,1.1519697597714473,0.00209472309301884,1.1541934633580608,0.005874964025780297
0.6,1.1523074917276894,0.002119310073642678,1.1539183524636942,0.006112072370914883
0.7,1.1525009650863913,0.0020610958643634443,1.1540791751999606,0.005820247080194511
0.8,1.1506270346838752,0.002380371484175551,1.1519694589388674,0.005829132353522375
0.9,1.15260488863172,0.0020318272896005336,1.154535274772622,0.006187004992851533
