,train_ML_rmse_mean,train_ML_rmse_std,test_ML_rmse_mean,test_ML_rmse_std
0.1,5279.41633334126,2825.434532429537,5277.418136682998,2832.0691650989115
0.2,4017.480258701197,3832.801343841463,4010.4141565734144,3842.3953848719057
0.3,3503.512431711105,929.910772965531,3508.5465175614286,930.4093234267649
0.4,5557.690119782237,4022.9470989497822,5614.149781998558,4052.073363746344
0.5,4319.3191476674965,1731.3146107572077,4386.093921453123,1772.119648033982
0.6,3400.3324158318346,1703.4851937146213,3474.710134967377,1743.4345263021783
0.7,3441.214119224078,1096.7214711520232,3520.312365437539,1057.540577417325
0.8,5085.590281377337,1442.4130198950854,6870.919043438907,1812.4129744036316
0.9,5048.400491550943,368.79554763892503,8469.87345331439,650.6767149776516
