,train_ML_rmse_mean,train_ML_rmse_std,test_ML_rmse_mean,test_ML_rmse_std
0.1,12.173357119997732,1.4207139959415613,12.374043302329657,1.1950340178894954
0.2,12.257815861288291,1.4236820673712054,12.429177279225037,1.5989131631591393
0.3,12.606887071543133,1.4761018257644754,12.589845161187199,1.4817163921975471
0.4,12.977630913100265,1.5212200267352567,13.332446615985788,1.2753111127467602
0.5,13.343799849691004,1.454666451041233,13.824637384987273,1.6026946706111276
0.6,13.680732300738033,1.5035646538126213,14.026562823147213,1.184780164358684
0.7,14.184498254415246,1.512683072970639,14.888211821586392,1.3003786252104532
0.8,14.346380931619228,1.380043608529285,14.982243550931909,1.6788044174419898
0.9,14.434749888201225,1.5801740279494183,15.756102355546028,1.323960422525448
