,random,zero,mean,knn,mice,XGB,missforest,mf,hyper,gain,notmiwae,miwae,tabcsdi,ot
0.1,0.74368,0.77418,0.78802,0.78819,0.78391,0.78825,0.78391,0.79278,0.79278,0.79267,0.78126,0.76608,0.36650,0.78360
0.2,0.64118,0.76392,0.77431,0.76832,0.77334,0.77355,0.78284,0.77219,0.78696,0.76684,0.78735,0.77897,0.36725,0.74642
0.3,0.73111,0.76098,0.75785,0.75783,0.76342,0.77804,0.75807,0.76685,0.78121,0.75617,0.78541,0.75242,0.35586,0.77249
0.4,0.54780,0.74573,0.66876,0.72713,0.76003,0.74209,0.73169,0.68790,0.73384,0.73655,0.74693,0.76605,0.39833,0.64356
0.5,0.46324,0.72259,0.48887,0.59042,0.63366,0.64858,0.56755,0.51236,0.51779,0.53703,0.56795,0.62780,0.46871,0.47805
0.6,0.63218,0.76754,0.70780,0.70331,0.70341,0.72308,0.72682,0.67708,0.70693,0.59252,0.72103,0.71629,0.38852,0.62869
0.7,0.58588,0.72870,0.67870,0.72913,0.68732,0.69870,0.73542,0.69109,0.70694,0.61190,0.72810,0.71371,0.36121,0.62741
0.8,0.58360,0.70971,0.49748,0.62702,0.67660,0.71670,0.60530,0.54022,0.53761,0.69514,0.50379,0.64910,0.41598,0.46981
