,random,zero,mean,knn,mice,XGB,missforest,mf,hyper,gain,notmiwae,miwae,tabcsdi,ot
0.1,0.74368 ± 0.066,0.77418 ± 0.071,0.78802 ± 0.059,0.78819 ± 0.050,0.78391 ± 0.070,0.78825 ± 0.063,0.78391 ± 0.070,0.79278 ± 0.061,0.79278 ± 0.061,0.79267 ± 0.057,0.78126 ± 0.033,0.76608 ± 0.044,0.36650 ± 0.036,0.78360 ± 0.064
0.2,0.64118 ± 0.069,0.76392 ± 0.073,0.77431 ± 0.040,0.76832 ± 0.049,0.77334 ± 0.056,0.77355 ± 0.062,0.78284 ± 0.040,0.77219 ± 0.031,0.78696 ± 0.042,0.76684 ± 0.067,0.78735 ± 0.049,0.77897 ± 0.044,0.36725 ± 0.036,0.74642 ± 0.032
0.3,0.73111 ± 0.053,0.76098 ± 0.049,0.75785 ± 0.072,0.75783 ± 0.067,0.76342 ± 0.066,0.77804 ± 0.069,0.75807 ± 0.071,0.76685 ± 0.072,0.78121 ± 0.062,0.75617 ± 0.051,0.78541 ± 0.050,0.75242 ± 0.075,0.35586 ± 0.037,0.77249 ± 0.055
0.4,0.54780 ± 0.082,0.74573 ± 0.063,0.66876 ± 0.019,0.72713 ± 0.061,0.76003 ± 0.062,0.74209 ± 0.051,0.73169 ± 0.051,0.68790 ± 0.048,0.73384 ± 0.050,0.73655 ± 0.063,0.74693 ± 0.038,0.76605 ± 0.043,0.39833 ± 0.068,0.64356 ± 0.078
0.5,0.46324 ± 0.035,0.72259 ± 0.082,0.48887 ± 0.090,0.59042 ± 0.056,0.63366 ± 0.041,0.64858 ± 0.016,0.56755 ± 0.073,0.51236 ± 0.101,0.51779 ± 0.118,0.53703 ± 0.070,0.56795 ± 0.079,0.62780 ± 0.047,0.46871 ± 0.092,0.47805 ± 0.101
0.6,0.63218 ± 0.091,0.76754 ± 0.069,0.70780 ± 0.064,0.70331 ± 0.067,0.70341 ± 0.070,0.72308 ± 0.053,0.72682 ± 0.053,0.67708 ± 0.063,0.70693 ± 0.077,0.59252 ± 0.083,0.72103 ± 0.026,0.71629 ± 0.042,0.38852 ± 0.060,0.62869 ± 0.064
0.7,0.58588 ± 0.044,0.72870 ± 0.077,0.67870 ± 0.132,0.72913 ± 0.048,0.68732 ± 0.076,0.69870 ± 0.065,0.73542 ± 0.052,0.69109 ± 0.103,0.70694 ± 0.069,0.61190 ± 0.071,0.72810 ± 0.067,0.71371 ± 0.055,0.36121 ± 0.039,0.62741 ± 0.094
0.8,0.58360 ± 0.082,0.70971 ± 0.064,0.49748 ± 0.066,0.62702 ± 0.096,0.67660 ± 0.078,0.71670 ± 0.101,0.60530 ± 0.088,0.54022 ± 0.055,0.53761 ± 0.086,0.69514 ± 0.038,0.50379 ± 0.059,0.64910 ± 0.111,0.41598 ± 0.058,0.46981 ± 0.097
