,random,zero,mean,knn,mice,XGB,missforest,mf,hyper,gain,notmiwae,miwae,tabcsdi,ot
0.1,0.78234,0.82888,0.81677,0.83150,0.82654,0.83132,0.83132,0.82168,0.83132,0.83132,0.81901,0.81608,0.34616,0.82198
0.2,0.66375,0.82845,0.77906,0.80915,0.81891,0.79934,0.79457,0.78961,0.80424,0.79417,0.79770,0.79249,0.34616,0.73649
0.3,0.70124,0.84528,0.78123,0.80430,0.80481,0.80480,0.80470,0.79170,0.79180,0.79110,0.80894,0.78223,0.34616,0.79068
0.4,0.55540,0.82660,0.69455,0.72110,0.77050,0.77889,0.74325,0.70544,0.70144,0.72321,0.75198,0.73476,0.34616,0.64506
0.5,0.46181,0.79976,0.54551,0.60300,0.69284,0.67303,0.59384,0.57513,0.55545,0.57961,0.57730,0.63545,0.34616,0.53639
0.6,0.67964,0.85116,0.71464,0.77792,0.75252,0.77535,0.75884,0.72535,0.73539,0.64333,0.77722,0.74724,0.34616,0.69893
0.7,0.59860,0.82128,0.70589,0.73382,0.72263,0.73665,0.71669,0.69928,0.69096,0.67468,0.72497,0.74698,0.34616,0.64044
0.8,0.53006,0.76656,0.49030,0.64927,0.73204,0.71992,0.59985,0.59375,0.53632,0.66327,0.52747,0.65936,0.34616,0.44345
