,random,zero,mean,knn,mice,XGB,missforest,mf,hyper,gain,notmiwae,miwae,tabcsdi,ot
0.1,0.78234 ± 0.066,0.82888 ± 0.023,0.81677 ± 0.038,0.83150 ± 0.027,0.82654 ± 0.033,0.83132 ± 0.027,0.83132 ± 0.027,0.82168 ± 0.030,0.83132 ± 0.027,0.83132 ± 0.027,0.81901 ± 0.041,0.81608 ± 0.068,0.34616 ± 0.033,0.82198 ± 0.035
0.2,0.66375 ± 0.061,0.82845 ± 0.017,0.77906 ± 0.032,0.80915 ± 0.030,0.81891 ± 0.035,0.79934 ± 0.055,0.79457 ± 0.035,0.78961 ± 0.046,0.80424 ± 0.036,0.79417 ± 0.043,0.79770 ± 0.036,0.79249 ± 0.065,0.34616 ± 0.033,0.73649 ± 0.035
0.3,0.70124 ± 0.051,0.84528 ± 0.027,0.78123 ± 0.031,0.80430 ± 0.032,0.80481 ± 0.024,0.80480 ± 0.032,0.80470 ± 0.024,0.79170 ± 0.039,0.79180 ± 0.039,0.79110 ± 0.040,0.80894 ± 0.042,0.78223 ± 0.061,0.34616 ± 0.033,0.79068 ± 0.032
0.4,0.55540 ± 0.115,0.82660 ± 0.022,0.69455 ± 0.064,0.72110 ± 0.037,0.77050 ± 0.046,0.77889 ± 0.041,0.74325 ± 0.041,0.70544 ± 0.035,0.70144 ± 0.055,0.72321 ± 0.055,0.75198 ± 0.043,0.73476 ± 0.016,0.34616 ± 0.033,0.64506 ± 0.068
0.5,0.46181 ± 0.052,0.79976 ± 0.041,0.54551 ± 0.092,0.60300 ± 0.065,0.69284 ± 0.062,0.67303 ± 0.050,0.59384 ± 0.084,0.57513 ± 0.075,0.55545 ± 0.080,0.57961 ± 0.101,0.57730 ± 0.077,0.63545 ± 0.083,0.34616 ± 0.033,0.53639 ± 0.093
0.6,0.67964 ± 0.035,0.85116 ± 0.031,0.71464 ± 0.037,0.77792 ± 0.067,0.75252 ± 0.058,0.77535 ± 0.031,0.75884 ± 0.048,0.72535 ± 0.069,0.73539 ± 0.034,0.64333 ± 0.113,0.77722 ± 0.035,0.74724 ± 0.067,0.34616 ± 0.033,0.69893 ± 0.038
0.7,0.59860 ± 0.027,0.82128 ± 0.031,0.70589 ± 0.079,0.73382 ± 0.062,0.72263 ± 0.089,0.73665 ± 0.077,0.71669 ± 0.078,0.69928 ± 0.081,0.69096 ± 0.093,0.67468 ± 0.090,0.72497 ± 0.067,0.74698 ± 0.046,0.34616 ± 0.033,0.64044 ± 0.068
0.8,0.53006 ± 0.104,0.76656 ± 0.018,0.49030 ± 0.130,0.64927 ± 0.118,0.73204 ± 0.081,0.71992 ± 0.087,0.59985 ± 0.096,0.59375 ± 0.086,0.53632 ± 0.150,0.66327 ± 0.027,0.52747 ± 0.067,0.65936 ± 0.098,0.34616 ± 0.033,0.44345 ± 0.117
