,train_rmse_mean,train_rmse_std,train_mae_mean,train_mae_std,test_rmse_mean,test_rmse_std,test_mae_mean,test_mae_std
0.1,0.29524878,0.0020968441,0.2533955,0.0020752728,0.30354735,0.013775198,0.26080653,0.013915597
0.2,0.29500464,0.0009241956,0.25357908,0.0010826007,0.29900545,0.0050964113,0.25563473,0.0067442823
0.3,0.2960057,0.0018955948,0.2536265,0.0015585776,0.29898566,0.005135404,0.2544977,0.0047793943
0.4,0.30175605,0.0015638558,0.25855067,0.0018407681,0.3205531,0.022579206,0.27229053,0.014827921
0.5,0.31199348,0.0017186925,0.2651906,0.0016972146,0.34450963,0.022071598,0.28874743,0.015949529
0.6,0.3185263,0.0020321384,0.26761118,0.0014654717,0.3391053,0.020427821,0.28178746,0.014067518
0.7,0.35378227,0.020450627,0.2932799,0.014615678,0.35160202,0.009817121,0.29157957,0.007318858
0.8,0.3609435,0.004164746,0.29685506,0.0036066081,0.35666195,0.008176737,0.2946659,0.0067055644
0.9,0.3630213,0.007891846,0.29802397,0.0059803072,0.35223883,0.008803773,0.2919944,0.0052446607
