,train_ML_f1_mean,train_ML_f1_std,test_ML_f1_mean,test_ML_f1_std
0.1,0.6619790535741321,0.03767710311915949,0.6039157966414676,0.08417014728851085
0.2,0.5588047297512262,0.024484048182152142,0.4930324204413631,0.028815923208105908
0.3,0.5171564265939275,0.02818709672740712,0.5294088040554591,0.06896859383884273
0.4,0.4773655293779311,0.001642527687711916,0.4776858435681965,0.006069967429577366
0.5,0.4773655293779311,0.001642527687711916,0.4776858435681965,0.006069967429577366
0.6,0.4773655293779311,0.001642527687711916,0.4776858435681965,0.006069967429577366
0.7,0.4773655293779311,0.001642527687711916,0.4776858435681965,0.006069967429577366
0.8,0.4773655293779311,0.001642527687711916,0.4776858435681965,0.006069967429577366
0.9,0.4773655293779311,0.001642527687711916,0.4776858435681965,0.006069967429577366
