,train_ML_rmse_mean,train_ML_rmse_std,test_ML_rmse_mean,test_ML_rmse_std
0.1,0.6504287843789847,0.017459058198194398,0.6525388437397365,0.018223183415335364
0.2,0.6517753594615066,0.015863431207419683,0.6598802661007286,0.020842360427956615
0.3,0.6508269668959764,0.01708034795367103,0.6541390226675421,0.01964012108882145
0.4,0.6508195287152829,0.019162595212599536,0.6518505787065311,0.017816240133653797
0.5,0.6617492537402112,0.022276335963112806,0.6902650931061998,0.01796355044342475
0.6,0.6677766400596716,0.018577097863260162,0.6810837977180142,0.018121821053993056
0.7,0.6679798112656533,0.014816994981772635,0.6847557974501116,0.015986034419742806
0.8,0.6771436416475243,0.018331274808628843,0.7442338562185224,0.020306534802975625
