,train_rmse_mean,train_rmse_std,train_mae_mean,train_mae_std,test_rmse_mean,test_rmse_std,test_mae_mean,test_mae_std
0.3,0.62498206,0.0016916335,0.5840712,0.0018377511,0.6256783,0.012179005,0.5852214,0.013557701
0.5,0.5050806,0.0011414345,0.43704146,0.00080652087,0.50411737,0.00590135,0.4359684,0.004404335
0.7,0.4761251,0.00124947,0.41512337,0.0009722462,0.47334298,0.007854336,0.4119729,0.007218989
