,train_ML_f1_mean,train_ML_f1_std,test_ML_f1_mean,test_ML_f1_std
0.1,0.9690157572548216,0.009093957193087875,0.8147711032798657,0.0313130396749645
0.2,0.9582509359685918,0.00994330183554027,0.7534906944866336,0.060554333104834816
0.3,0.9650404934636605,0.017059162127948026,0.7599744270538488,0.037660011914884016
0.4,0.9677785780373777,0.017113726835849354,0.7806282566847393,0.04407718906945356
0.5,0.951517166705778,0.01609311211717811,0.7581334433645088,0.0650839079805279
0.6,0.9369131314294001,0.01756780424600026,0.7118756498147288,0.07050912315478484
0.7,0.9081631317207949,0.0070844380081119054,0.6574098424098425,0.041889299951038135
0.8,0.8788941346602371,0.022239027483560533,0.6209900516730331,0.018142752684413
0.9,0.8730150902535018,0.014414556644533442,0.5287617136899204,0.06513531714135348
