,train_rmse_mean,train_rmse_std,train_mae_mean,train_mae_std,test_rmse_mean,test_rmse_std,test_mae_mean,test_mae_std
0.1,0.15016992,0.0027393769,0.10890607,0.0020224364,0.14986603,0.011214998,0.10872336,0.0060308855
0.2,0.15086158,0.0020661105,0.10876161,0.0016954062,0.15539066,0.00744093,0.1109465,0.004059246
0.3,0.15542324,0.0020524582,0.11290008,0.0014653323,0.15784545,0.008131047,0.114995405,0.004446043
0.4,0.16988708,0.0013667246,0.12123803,0.0009064428,0.17122848,0.010758788,0.122124515,0.006967284
0.5,0.18363641,0.00068152836,0.13185301,0.00074604445,0.1880496,0.0076604565,0.13512501,0.004670708
0.6,0.1996086,0.0019906391,0.14520377,0.0016587464,0.20359373,0.010412646,0.14741217,0.006626374
0.7,0.223941,0.002632992,0.16668466,0.0020760563,0.22770222,0.008194599,0.16884379,0.0060039754
0.8,0.24282917,0.003064671,0.18204851,0.002599476,0.24361324,0.010595577,0.18262272,0.007982514
0.9,0.24422233,0.0042703124,0.1844947,0.0035760368,0.24597907,0.0113898665,0.18570408,0.009160866
