,train_ML_f1_mean,train_ML_f1_std,test_ML_f1_mean,test_ML_f1_std
0.1,0.6397227696656806,0.0785370621343609,0.4776858435681965,0.006069967429577366
0.2,0.48913622015303193,0.014505781116766437,0.4776858435681965,0.006069967429577366
0.3,0.4832085840392578,0.011663228424603947,0.4776858435681965,0.006069967429577366
0.4,0.4773655293779311,0.001642527687711916,0.4776858435681965,0.006069967429577366
0.5,0.4773655293779311,0.001642527687711916,0.4776858435681965,0.006069967429577366
0.6,0.4773655293779311,0.001642527687711916,0.4776858435681965,0.006069967429577366
0.7,0.5300381934073768,0.044518463017206834,0.4776858435681965,0.006069967429577366
0.8,0.5284641844068488,0.0341079364748296,0.4776858435681965,0.006069967429577366
0.9,0.5002048838817627,0.020449025098131332,0.4776858435681965,0.006069967429577366
