,train_rmse_mean,train_rmse_std,train_mae_mean,train_mae_std,test_rmse_mean,test_rmse_std,test_mae_mean,test_mae_std
0.1,0.57812864,0.0018045806,0.49878654,0.003055155,0.58227664,0.011675142,0.50245583,0.0131954625
0.2,0.5817364,0.0031354998,0.50442535,0.0040591657,0.58121747,0.011848792,0.5031912,0.015894812
0.3,0.58298624,0.0021952663,0.5070216,0.0023680083,0.5829103,0.008238984,0.5068515,0.008912784
0.4,0.5736732,0.0024159148,0.4947608,0.0031997515,0.57298887,0.009335654,0.49396834,0.011879248
0.5,0.5778121,0.002952465,0.49824515,0.0035958304,0.57730645,0.008493312,0.49769816,0.010587095
0.6,0.57711625,0.002290028,0.49975348,0.0028215598,0.57704985,0.005386129,0.4993313,0.0073930896
0.7,0.5803394,0.0018549012,0.5021914,0.0022461417,0.58046,0.003746316,0.50222147,0.0053007533
0.8,0.5796971,0.0014952685,0.50226855,0.0018860401,0.5790977,0.0039477353,0.5015105,0.0047323294
0.9,0.57762086,0.0019911276,0.50002205,0.0024105466,0.5775018,0.0046143495,0.4996186,0.006570591
