,train_ML_f1_mean,train_ML_f1_std,test_ML_f1_mean,test_ML_f1_std
0.1,0.5947578205189786,0.02442748297882633,0.535135546307887,0.08032797411947667
0.2,0.49330088005723666,0.02045162638885941,0.5003725771244952,0.04728107433398308
0.3,0.48341493470145636,0.013084688338470627,0.476637503440066,0.007491460994229332
0.4,0.4773655293779311,0.001642527687711916,0.4776858435681965,0.006069967429577366
0.5,0.4773655293779311,0.001642527687711916,0.4776858435681965,0.006069967429577366
0.6,0.4773655293779311,0.001642527687711916,0.4776858435681965,0.006069967429577366
0.7,0.5240071009789957,0.024342241306894784,0.5175961158688013,0.08414952132080533
0.8,0.4773655293779311,0.001642527687711916,0.4776858435681965,0.006069967429577366
0.9,0.4773655293779311,0.001642527687711916,0.4776858435681965,0.006069967429577366
