,train_ML_rmse_mean,train_ML_rmse_std,test_ML_rmse_mean,test_ML_rmse_std
0.1,0.7562322076811872,0.011734860381084369,0.7704285101698269,0.009745027926154245
0.2,0.7588668109642818,0.011965268800860185,0.7797324840817151,0.013245072833598204
0.3,0.761181102379998,0.013327152975080086,0.7984821444529048,0.012375804185186573
0.4,0.7722425446341331,0.0157643661639019,0.8202436932094648,0.011064563242802826
0.5,0.7704098976844351,0.011803645366274646,0.8169615685473912,0.010471630097309908
0.6,0.8021571186575759,0.01734118556583866,0.8441734715045793,0.008910364221603942
0.7,0.8052219415122271,0.019330695618712725,0.8599426747896786,0.013504396303651642
0.8,0.8145918934393128,0.018684995771874012,0.8697598090259259,0.015195628621356937
0.9,0.8357650260105904,0.011475698744568668,0.9001705810029051,0.012588115481582868
