,train_ML_rmse_mean,train_ML_rmse_std,test_ML_rmse_mean,test_ML_rmse_std
0.1,0.7345533519884372,0.010205199023407802,0.7503440104497294,0.01050849196239195
0.2,0.7434601824957427,0.00958193501516837,0.7643955896522817,0.014161005603539266
0.3,0.7506842658278479,0.010869511319899975,0.7880574221557844,0.01626097754689514
0.4,0.7615698656491491,0.01364392050525458,0.8063874503317863,0.012885524651446694
0.5,0.7670414470504292,0.010354633426005523,0.8110868848595956,0.013996973828196865
0.6,0.8039563989716255,0.01758401593412265,0.8431245812117842,0.012233892665898952
0.7,0.7931414458895258,0.01733290878945507,0.8565213874811013,0.015283122375818237
0.8,0.8305134002113131,0.009120621226036062,0.8752905902109556,0.01592851774785398
0.9,0.8821677382822317,0.07232405748719527,0.8794587131137115,0.012255456154627852
