,train_ML_f1_mean,train_ML_f1_std,test_ML_f1_mean,test_ML_f1_std
0.1,0.8370047886474158,0.04233283676137837,0.8308245825135175,0.03612971982504769
0.2,0.8281149618022997,0.029736752663614554,0.8185240189365273,0.03844445015873159
0.3,0.8134699934719551,0.03235156028548298,0.810382002356232,0.05355188464583454
0.4,0.8288956223676666,0.037073937475325974,0.8077407198231914,0.042344857841333704
0.5,0.8181239011965712,0.040236609289530795,0.8023742150631573,0.051512582752824075
0.6,0.8128775841701911,0.0451932829255549,0.7532681637518076,0.06512898713094838
0.7,0.7966954331523968,0.03989786701353397,0.6856018088971496,0.04734100276027304
0.8,0.7604681923521358,0.04811018405317212,0.6366301422021137,0.08436228970113908
0.9,0.6198311033622969,0.10950616758584965,0.5666595782451156,0.06357255551628767
