,train_ML_rmse_mean,train_ML_rmse_std,test_ML_rmse_mean,test_ML_rmse_std
0.1,0.6498416630061644,0.01715090232828209,0.6506632667761096,0.019146052555748017
0.2,0.651066156693401,0.017111915494901077,0.6555924807238,0.01890360338029528
0.3,0.6498557168290949,0.017355732152439168,0.6533402505597214,0.01999131101221787
0.4,0.6507959682597344,0.019818574217578926,0.6508710194827787,0.017530682114952924
0.5,0.6535197916397603,0.018820606424010906,0.6684530583261619,0.017410372916764703
0.6,0.6589286518086792,0.019853524518678674,0.6746691474012474,0.014570376035272864
0.7,0.7141195341879596,0.015957650664610575,0.6832161011197903,0.014537946808299172
0.8,0.6659488723107106,0.021232293346861237,0.7304184390343503,0.008400633455046793
