,train_ML_rmse_mean,train_ML_rmse_std,test_ML_rmse_mean,test_ML_rmse_std
0.1,0.6669741848434689,0.021920791967530173,0.665412176825986,0.02078473440050656
0.2,0.68718295411815,0.024395936560178362,0.6696494571469578,0.018894408480000142
0.3,0.6672742629734638,0.020807793170356668,0.6679678519017817,0.021982632920059912
0.4,0.7064140711219771,0.03267745618641842,0.6682561162295768,0.019508656484320902
0.5,0.771835563195703,0.03183782073620664,0.6841592954830775,0.021783557507469152
0.6,1.0184762774124896,0.042804812541326794,0.7038297149856423,0.019861644825560538
0.7,0.8742227690582475,0.05507127931277118,0.7340192566871929,0.022301262407521408
0.8,1.0478533152109026,0.059623668889240526,0.7826615882995436,0.0229603845297032
