,RD,ZR,Mean,KNN,MF,Mice,MisF,XGB,OT,HI,GAIN,Mi,NMi,CSDI
Bank,0.81342,0.66428,0.75368,0.83227,0.84477,0.81797,0.81686,0.80802,0.82577,0.86886,1.44522,0.93814,0.95464,4787.82911
Cali,16.85615,13.81504,16.28575,15.57294,16.87677,15.75101,15.80926,15.75984,16.42737,15.85417,16.62690,16.20498,16.12972,69810.06407
Climate,0.69357,0.66621,0.71192,0.71260,0.70781,0.69141,0.70007,0.68983,0.70995,0.70534,0.72868,0.70112,0.69780,108299.64496
Concre,0.74665,0.73744,0.73726,0.73989,0.73499,0.74107,0.73598,0.74035,0.74283,0.73756,0.80674,0.79047,0.78128,0.89178
Qsar,13.81400,10.71010,14.94507,14.93491,14.93529,14.94990,14.92046,14.94465,14.89337,14.94682,15.11698,15.07004,15.06900,74158.85612
