,RD,ZR,Mean,KNN,MF,Mice,MisF,XGB,OT,HI,GAIN,Mi,NMi,CSDI
Bank,1.13230,1.02487,1.01767,1.07704,1.05161,1.02858,1.00685,1.05411,1.08333,1.05632,1.05363,1.08393,1.08549,3520.31237
Cali,17.08252,16.29556,16.12671,16.20746,16.65088,15.91473,15.83651,15.93569,16.41304,15.96137,15.81832,16.38628,16.50721,56197.76653
Climate,0.80527,0.78874,0.78535,0.80317,0.78198,0.78735,0.77547,0.78535,0.81275,0.78397,0.79892,0.79617,0.79793,65766.26647
Concre,0.88459,0.85249,0.84983,0.85862,0.85570,0.84337,0.85048,0.84983,0.86791,0.85589,0.86740,0.85487,0.85595,28001.23003
Qsar,15.11604,14.98104,14.85856,14.99031,14.92084,14.94062,14.74184,14.87717,14.88788,15.02388,15.21458,15.08617,15.09817,54637.66289
