,train_ML_rmse_mean,train_ML_rmse_std,test_ML_rmse_mean,test_ML_rmse_std
0.1,0.6509847044276955,0.01765407184644897,0.6536093572851194,0.01877432887503199
0.2,0.651828790963526,0.01519240103003518,0.6547273568167743,0.022297352561049633
0.3,0.6512407245331263,0.01740330018924523,0.6545601667731242,0.021694774042484922
0.4,0.6505862253533072,0.019719233368300226,0.6535207173306395,0.017474974436598376
0.5,0.6582134170258094,0.021140768242610734,0.6983064635592227,0.017811717016296993
0.6,0.6687972075051837,0.01687777276346205,0.6909088881494692,0.01785098519123347
0.7,0.6697936300892676,0.022853495927145695,0.7082275160905616,0.015162862566955213
0.8,0.6681186699493734,0.02493408714991258,0.7665272009625601,0.026665099938087404
