,train_ML_f1_mean,train_ML_f1_std,test_ML_f1_mean,test_ML_f1_std
0.1,0.9815823384122899,0.006575245062096133,0.9452470557729921,0.012677518674096286
0.2,0.9771914495758237,0.009058236465453087,0.9081255998669733,0.020012629729654428
0.3,0.9516428548044342,0.010327754075148552,0.8104979620764248,0.015461419916651696
0.4,0.9481535938494158,0.010784742647330887,0.7892364231145365,0.0180597387488334
0.5,0.9335282500733841,0.046070589616394535,0.738277263109388,0.04206802335057284
0.6,0.94394750754128,0.01881601596076951,0.6596860491584108,0.019284488504520164
0.7,0.8026246647650073,0.0230807646733504,0.6236710771563448,0.026599213593654598
0.8,0.7930209706615353,0.08262143393491436,0.4840022790276775,0.020433470926310798
0.9,0.7024978778480296,0.031162062254957178,0.39352916873796506,0.019498165883229328
