,train_ML_f1_mean,train_ML_f1_std,test_ML_f1_mean,test_ML_f1_std
0.1,0.9109469619230932,0.008314578532203553,0.7929365551522785,0.028700122083405867
0.2,0.9145639443792005,0.010834239944355175,0.7885145146385714,0.07073893503252815
0.3,0.924492443146365,0.018667576341773486,0.7629374233006821,0.051368013761674054
0.4,0.86949274846392,0.016027326419242337,0.7212596468834226,0.06623974817023846
0.5,0.9056419970531902,0.012100748382012081,0.6503468026497903,0.0942475438794091
0.6,0.9028582036607646,0.016358808915611305,0.6038902095757743,0.14998886338981599
0.7,0.8706615368201163,0.029052261284231055,0.5093363449176257,0.1225857096364361
0.8,0.7811023824088297,0.04317563217262989,0.44531309464884783,0.07966337976679506
0.9,0.6626242855826946,0.08679145235498911,0.539394277756507,0.07535291731428924
