,train_ML_f1_mean,train_ML_f1_std,test_ML_f1_mean,test_ML_f1_std
0.1,0.950213987876187,0.014712353240353348,0.7691746070325702,0.05536182269639087
0.2,0.9379611565428897,0.018808500683726147,0.7512881497131972,0.04831880173202786
0.3,0.9314028334394105,0.020810938530870897,0.7597386018237081,0.044379530723104785
0.4,0.9488065762814687,0.017321454756692004,0.685215094912263,0.054067877567061495
0.5,0.961121156159851,0.017007524114323852,0.6730493348098104,0.07312595465522401
0.6,0.9798058896055636,0.011233507632105094,0.5424440728444488,0.08391805617797501
0.7,0.9624357922937904,0.013714554826524346,0.5534036103116609,0.0885000025606234
0.8,0.900230617974918,0.02429685736261149,0.4567546145683707,0.11390613149531638
0.9,0.7783543768071464,0.07257196173138293,0.4992533328658649,0.042608281487424716
