,random,zero,mean,knn,mice,XGB,missforest,mf,hyper,gain,notmiwae,miwae,tabcsdi,ot
0.1,8.97519,8.99173,8.96844,8.97087,9.00357,8.96052,8.96941,8.96592,8.97013,15.58133,15.12934,15.19078,154771840.39462,8.96084
0.2,11.17859,9.45108,10.75052,10.98499,10.88353,10.74275,10.78893,10.94231,10.75604,17.94037,15.79456,15.70922,144711626.48522,10.99662
0.3,8.98842,8.99350,8.98445,8.98952,8.98775,8.98436,8.98769,8.98869,8.98505,15.59665,15.15457,15.15832,156049854.85428,8.98107
0.4,12.01499,10.43506,14.80598,15.11852,14.82927,14.81787,15.22223,14.92936,15.10335,23.38304,17.82081,17.56458,122923287.76421,15.31765
0.5,8.98033,8.99546,8.95270,8.96175,8.96621,8.95703,8.96080,8.95171,8.95770,15.53892,15.06063,15.05931,156171149.64798,8.95772
0.6,8.97676,9.01028,9.00900,9.02687,9.03318,9.02292,8.99913,9.02063,9.00648,15.55764,15.12210,15.03847,152143722.00904,9.01262
0.7,13.23492,10.88068,17.40303,17.55181,17.49985,17.40743,17.10543,17.52933,17.58313,23.83241,18.85909,18.66964,100425379.40149,17.25866
0.8,8.95187,8.99734,8.99917,8.99580,9.00627,8.99748,9.00599,9.00019,8.99902,15.57350,15.07545,14.98747,146624077.10537,9.01031
