,random,zero,mean,knn,mice,XGB,missforest,mf,hyper,gain,notmiwae,miwae,tabcsdi,ot
0.1,11.78113,11.82627,11.74623,11.75211,11.81002,11.75588,11.75125,11.74053,11.74814,12.04054,15.08112,15.10937,56086041.71373,11.74767
0.2,12.86447,11.75413,12.86408,12.85616,12.93416,12.86762,12.87438,12.89508,12.84511,13.29699,15.17445,15.16104,53404086.44068,12.90686
0.3,11.75402,11.83262,11.75732,11.76894,11.80161,11.78302,11.76363,11.74734,11.75987,12.06488,15.10828,15.09764,57057558.75040,11.75575
0.4,12.99666,11.46101,14.19138,14.23825,14.18841,14.20005,14.29026,14.20506,14.25736,16.38254,15.55396,15.48461,44131016.25114,14.30547
0.5,11.76111,11.83792,11.73650,11.74793,11.77118,11.74309,11.74374,11.73479,11.73873,12.01076,15.07770,15.07348,56564743.84762,11.74593
0.6,11.72358,11.93805,11.74610,11.75333,11.75178,11.75205,11.74770,11.75787,11.75496,12.03176,15.10305,15.06942,52013239.64570,11.75668
0.7,13.20041,11.19750,15.04253,15.08672,15.06662,15.04017,14.94256,15.04628,15.07805,16.97448,15.74810,15.70374,33571313.59828,14.96848
0.8,11.76559,12.19272,11.79957,11.80107,11.79576,11.79940,11.79294,11.71736,11.79990,12.09607,15.12613,15.10311,45606372.08240,11.79951
