,random,zero,mean,knn,mice,XGB,missforest,mf,hyper,gain,notmiwae,miwae,tabcsdi,ot
0.1,12.01038 ± 1.756,12.36599 ± 1.721,11.81848 ± 1.722,11.85130 ± 1.711,12.21561 ± 1.721,11.89670 ± 1.643,11.84576 ± 1.726,11.87583 ± 1.730,11.87077 ± 1.742,14.41086 ± 1.751,16.09916 ± 1.791,16.14984 ± 1.757,15.69150 ± 1.734,11.85596 ± 1.740
0.2,12.73331 ± 1.634,12.44563 ± 1.605,12.46057 ± 1.680,12.53893 ± 1.621,12.75757 ± 1.639,12.53350 ± 1.577,12.44761 ± 1.689,12.55633 ± 1.628,12.45481 ± 1.659,14.61100 ± 1.876,15.22910 ± 1.704,15.25894 ± 1.675,15.69150 ± 1.734,12.56979 ± 1.663
0.3,11.87916 ± 1.727,12.44879 ± 1.606,11.76957 ± 1.726,11.80990 ± 1.728,11.97805 ± 1.626,11.85228 ± 1.646,11.87211 ± 1.738,11.84043 ± 1.727,11.84094 ± 1.754,14.38665 ± 1.754,16.23698 ± 1.747,16.23671 ± 1.901,15.69150 ± 1.734,11.78569 ± 1.719
0.4,12.90965 ± 1.750,12.82854 ± 1.857,13.43139 ± 1.527,13.52089 ± 1.459,13.44977 ± 1.577,13.42488 ± 1.532,13.52426 ± 1.377,13.45428 ± 1.556,13.48974 ± 1.704,15.15947 ± 1.668,15.08565 ± 1.502,15.01524 ± 1.585,15.69150 ± 1.734,13.59124 ± 1.601
0.5,11.93674 ± 1.687,12.50449 ± 1.691,11.74692 ± 1.632,11.76260 ± 1.578,11.93400 ± 1.694,11.74902 ± 1.632,11.76180 ± 1.553,11.80419 ± 1.643,11.79549 ± 1.615,14.39980 ± 1.752,15.97132 ± 1.687,15.96608 ± 1.597,15.69150 ± 1.734,11.80684 ± 1.677
0.6,12.15992 ± 1.643,13.32340 ± 1.641,12.51970 ± 1.667,12.78053 ± 1.649,12.79957 ± 1.552,12.59202 ± 1.542,12.39311 ± 1.527,12.73704 ± 1.702,12.50428 ± 1.566,14.46679 ± 1.776,16.11093 ± 1.726,16.11126 ± 1.666,15.69150 ± 1.734,12.62592 ± 1.649
0.7,13.25240 ± 1.722,13.31430 ± 1.590,14.38835 ± 1.590,14.50614 ± 1.602,14.46841 ± 1.364,14.45359 ± 1.470,14.31075 ± 1.418,14.33985 ± 1.672,14.38919 ± 1.675,15.17445 ± 1.674,15.03639 ± 1.551,15.02256 ± 1.567,15.69150 ± 1.734,14.36085 ± 1.724
0.8,12.71041 ± 1.696,13.86327 ± 1.647,12.84957 ± 1.797,12.87126 ± 1.800,12.86754 ± 1.784,12.83367 ± 1.808,12.79356 ± 1.792,13.24039 ± 1.702,12.86671 ± 1.810,14.09946 ± 1.773,16.17068 ± 1.844,16.10702 ± 1.730,15.69150 ± 1.734,12.87907 ± 1.810
