,random,zero,mean,knn,mice,XGB,missforest,mf,hyper,gain,notmiwae,miwae,tabcsdi,ot
0.1,8.97519 ± 0.810,8.99173 ± 0.762,8.96844 ± 0.815,8.97087 ± 0.812,9.00357 ± 0.768,8.96052 ± 0.811,8.96941 ± 0.814,8.96592 ± 0.820,8.97013 ± 0.814,15.58133 ± 0.673,15.12934 ± 1.458,15.19078 ± 1.336,154771840.39462 ± 17285395.190,8.96084 ± 0.819
0.2,11.17859 ± 1.088,9.45108 ± 0.773,10.75052 ± 0.841,10.98499 ± 0.738,10.88353 ± 0.736,10.74275 ± 0.789,10.78893 ± 0.928,10.94231 ± 0.918,10.75604 ± 0.863,17.94037 ± 2.092,15.79456 ± 1.189,15.70922 ± 1.107,144711626.48522 ± 15345017.225,10.99662 ± 0.711
0.3,8.98842 ± 0.774,8.99350 ± 0.760,8.98445 ± 0.781,8.98952 ± 0.779,8.98775 ± 0.769,8.98436 ± 0.773,8.98769 ± 0.783,8.98869 ± 0.781,8.98505 ± 0.782,15.59665 ± 0.702,15.15457 ± 1.512,15.15832 ± 1.509,156049854.85428 ± 12970217.839,8.98107 ± 0.782
0.4,12.01499 ± 1.236,10.43506 ± 0.734,14.80598 ± 0.683,15.11852 ± 0.479,14.82927 ± 0.669,14.81787 ± 0.658,15.22223 ± 0.644,14.92936 ± 0.863,15.10335 ± 1.255,23.38304 ± 0.613,17.82081 ± 0.967,17.56458 ± 0.765,122923287.76421 ± 18641604.488,15.31765 ± 0.964
0.5,8.98033 ± 0.742,8.99546 ± 0.750,8.95270 ± 0.809,8.96175 ± 0.798,8.96621 ± 0.794,8.95703 ± 0.804,8.96080 ± 0.786,8.95171 ± 0.814,8.95770 ± 0.796,15.53892 ± 0.770,15.06063 ± 1.415,15.05931 ± 1.145,156171149.64798 ± 13150714.329,8.95772 ± 0.807
0.6,8.97676 ± 0.776,9.01028 ± 0.656,9.00900 ± 0.867,9.02687 ± 0.876,9.03318 ± 0.852,9.02292 ± 0.850,8.99913 ± 0.841,9.02063 ± 0.876,9.00648 ± 0.851,15.55764 ± 0.751,15.12210 ± 1.445,15.03847 ± 1.465,152143722.00904 ± 12190605.062,9.01262 ± 0.849
0.7,13.23492 ± 1.209,10.88068 ± 0.690,17.40303 ± 0.840,17.55181 ± 0.992,17.49985 ± 0.774,17.40743 ± 0.820,17.10543 ± 0.539,17.52933 ± 1.012,17.58313 ± 1.231,23.83241 ± 0.890,18.85909 ± 0.991,18.66964 ± 0.738,100425379.40149 ± 15818143.097,17.25866 ± 1.051
0.8,8.95187 ± 0.834,8.99734 ± 0.743,8.99917 ± 0.820,8.99580 ± 0.818,9.00627 ± 0.807,8.99748 ± 0.813,9.00599 ± 0.824,9.00019 ± 0.823,8.99902 ± 0.820,15.57350 ± 0.688,15.07545 ± 1.510,14.98747 ± 1.432,146624077.10537 ± 12476300.461,9.01031 ± 0.810
