,train_ML_rmse_mean,train_ML_rmse_std,test_ML_rmse_mean,test_ML_rmse_std
0.1,9.148948534270835,0.9310108054981747,10.607775212097224,0.9490236940288669
0.2,9.232668469638972,0.9607533754461938,11.113549761202318,1.8254023930150265
0.3,9.35701814253574,0.8226627471787563,11.576191179699109,1.5463539860977384
0.4,9.586321068379906,1.1690247695300457,12.61581672419954,1.0156318620886553
0.5,10.50071493711246,1.1048316874952484,13.688470030490583,2.107246433829354
0.6,10.460083940982717,1.2734166144359216,14.130159500579548,1.4757248535852805
0.7,11.723592525094574,1.635001687296497,15.67344990576496,1.160820715954824
0.8,11.237485705156587,1.409698816451938,15.050421325466527,1.4066934989140318
0.9,11.556799851147966,1.446914826520882,15.331701194123477,1.880263362144965
