,train_ML_f1_mean,train_ML_f1_std,test_ML_f1_mean,test_ML_f1_std
0.1,0.9849891235313496,0.002966724208555623,0.9837516707933363,0.007614889673921838
0.2,0.9616206754447643,0.005290590324824284,0.959517480261783,0.023739664316301232
0.3,0.9633508282944337,0.0035633538886937367,0.9578510652626612,0.01851193566410112
0.4,0.951487731431574,0.006622355053776517,0.939743176716426,0.01928694890048863
0.5,0.9376081978112181,0.005768322529228927,0.9253088082555447,0.012492197799135945
0.6,0.9346813788358281,0.004796479040099781,0.9275317307024611,0.018110528445599593
0.7,0.9574038671796657,0.003045202908029163,0.955886289105844,0.005087480050602207
0.8,0.8735982989594614,0.008982606329839887,0.8535422789779288,0.020000661445389024
