,train_ML_rmse_mean,train_ML_rmse_std,test_ML_rmse_mean,test_ML_rmse_std
0.1,0.7295378915269628,0.008364562726389777,0.7291686108063166,0.008856080347830772
0.2,0.7304840697727745,0.00844598074935414,0.7305290529754374,0.008253830446327723
0.3,0.729991168717747,0.008291394025974095,0.7280795047788329,0.008419669387963945
0.4,0.7302500226293686,0.008995564408951015,0.7295089333850594,0.007675215976569188
0.5,0.7319648958383663,0.009198020323852753,0.7352367046021808,0.009311704803112204
0.6,0.8263539089782004,0.022497807713985126,1.0026138979625654,0.021979837546478836
0.7,0.8494341282094912,0.029514369784279557,1.0808545135735605,0.036515028084777766
0.8,1.0159270654980646,0.046944478992077376,1.4912354681993967,0.054603681123610914
