,train_ML_rmse_mean,train_ML_rmse_std,test_ML_rmse_mean,test_ML_rmse_std
0.1,0.6264830744685433,0.00810265596540385,0.6268891190015673,0.008759102548231949
0.2,0.6366756473653347,0.007019903300176059,0.6445558531249409,0.009145187718357463
0.3,0.6244784779548136,0.008525768304574808,0.6290621093653901,0.009158842085004058
0.4,0.6421048771276379,0.009353662359886519,0.6503539881063795,0.0062915501741636175
0.5,0.6455567173790702,0.005928071952633717,0.6664662640585461,0.0034067584630775405
0.6,1.0080530449683578,0.10322236605218882,1.14576293576474,0.018742418470293738
0.7,1.4908534208590845,0.500896601374407,1.3045087234924815,0.013691314790520203
0.8,0.8599673590804947,0.03790633115863752,1.6161792574463967,0.06724175058326722
