,train_rmse_mean,train_rmse_std,train_mae_mean,train_mae_std,test_rmse_mean,test_rmse_std,test_mae_mean,test_mae_std
0.3,0.08443908,0.0012891501,0.0554566,0.0008638286,0.090867594,0.0048759435,0.061370224,0.0038042322
0.5,0.10037581,0.002886165,0.06839259,0.002079272,0.09545352,0.002465367,0.06597166,0.0016450651
0.7,0.11876464,0.0023943575,0.08254622,0.0017886643,0.107430086,0.001903555,0.07462673,0.0016263826
