,train_ML_rmse_mean,train_ML_rmse_std,test_ML_rmse_mean,test_ML_rmse_std
0.1,12.941505856352872,0.3254372400598642,12.665703186803302,1.2932975750869888
0.2,13.133543668117913,0.3465347534036154,12.770247663035834,1.6302106831326983
0.3,13.311573698399323,0.351203315519371,12.982815716861145,1.59669367859489
0.4,14.270708454077408,0.31966013517205566,13.922740248498172,1.5295947053242727
0.5,14.553924967625523,0.5050358962092624,14.125062228180576,1.7221880738886177
0.6,14.877463170938402,0.274707378267088,14.530123980864976,1.4865894314364425
0.7,15.191836653525678,0.2934143003084076,14.741837126263501,1.5538386644939959
0.8,15.347649659165347,0.3499893828066449,14.96041701205533,1.562130160157611
0.9,15.336435638797653,0.2324464970319834,15.066757016502425,1.657283253474021
