,train_ML_rmse_mean,train_ML_rmse_std,test_ML_rmse_mean,test_ML_rmse_std
0.1,10.350565459014343,0.2471518623868454,10.488351211126187,0.8762573190005182
0.2,10.474593189471108,0.37784800575253413,10.26962744693471,1.4656955135480396
0.3,10.207255981414573,0.43113259266220055,10.298899250030633,1.389943015851593
0.4,12.299090213186414,0.2833120311556429,12.0583894304152,1.2716957430906402
0.5,13.007763251822382,0.5741950262107558,12.884478677421395,1.898989215705405
0.6,13.757729377085615,0.4262785278856488,13.531467387008792,1.1542122840202391
0.7,14.723159954651976,0.26871256390270853,14.487897837586232,1.543769347770202
0.8,14.882044432580894,0.4792079486195496,15.021516966240466,1.8716929581736665
0.9,15.018858073279848,0.2520079618939108,15.052389464579074,1.641374177235502
