,train_ML_rmse_mean,train_ML_rmse_std,test_ML_rmse_mean,test_ML_rmse_std
0.1,0.6657893934410504,0.005589538944054891,0.695812888895958,0.028651550994118508
0.2,0.6771805235515733,0.0062462475311656565,0.7132263389819088,0.035012658683091766
0.3,0.6750456506086977,0.007898079457334775,0.6961942816269634,0.03385246843972026
0.4,0.6992375183784814,0.008121406241907643,0.7090622441800888,0.02661800700724951
0.5,0.7107702365432639,0.010802622769876728,0.7307567913806949,0.02999097671489314
0.6,0.7156935913624509,0.006871533155957298,0.7268122546545686,0.018496758173548226
0.7,0.7662113741965173,0.01284724070408943,0.768856822411478,0.03023855058122735
0.8,0.7742197484996545,0.0071458458565419455,0.7916284552942754,0.029815237365182816
0.9,0.7927862899381752,0.003684045877588604,0.8121720575539226,0.05193100121117468
