,train_ML_rmse_mean,train_ML_rmse_std,test_ML_rmse_mean,test_ML_rmse_std
0.1,0.6990175326517802,0.012427360428437501,0.7427994324372895,0.020635484651346164
0.2,0.7071724213393857,0.015418928486076773,0.7417802819570631,0.04465859215960005
0.3,0.6959721050767407,0.011314028483091747,0.7320860637094055,0.029194607378029175
0.4,0.7182937786152237,0.005603176942313454,0.7563182227749803,0.02878362539675008
0.5,0.7400054187074003,0.011307172924324259,0.7617627052754724,0.01836453962753216
0.6,0.7253530217279734,0.007123343374609757,0.7525155551996449,0.02040243585592396
0.7,0.7902232086608652,0.013622431521909575,0.7989202668264351,0.04129111227585399
0.8,0.7920138808128164,0.005282914005953649,0.8222610056933476,0.04286503609391127
0.9,0.809003946523195,0.012725005319284641,1.0434465320539579,0.3258290500801653
