,train_ML_f1_mean,train_ML_f1_std,test_ML_f1_mean,test_ML_f1_std
0.1,0.7346171485989353,0.05903628217225597,0.4771642556226735,0.006733258822546334
0.2,0.549508294083309,0.07742849254223115,0.4776858435681965,0.006069967429577366
0.3,0.5218287147325809,0.040667765532811706,0.4776858435681965,0.006069967429577366
0.4,0.4941264014214191,0.021937186224837295,0.4776858435681965,0.006069967429577366
0.5,0.5041217270897788,0.03219901010517954,0.4776858435681965,0.006069967429577366
0.6,0.4773655293779311,0.001642527687711916,0.4776858435681965,0.006069967429577366
0.7,0.4773655293779311,0.001642527687711916,0.4776858435681965,0.006069967429577366
0.8,0.4773655293779311,0.001642527687711916,0.4776858435681965,0.006069967429577366
0.9,0.48374434513891823,0.013740089597203,0.4776858435681965,0.006069967429577366
