,train_rmse_mean,train_rmse_std,train_mae_mean,train_mae_std,test_rmse_mean,test_rmse_std,test_mae_mean,test_mae_std
0.1,0.4190019,0.0078694895,0.3439013,0.0072758235,0.4195358,0.020548541,0.34464255,0.017960906
0.2,0.41435122,0.0023966655,0.3374586,0.0029515265,0.4158411,0.010158748,0.33941132,0.008186275
0.3,0.41334993,0.0038595768,0.33737,0.0033816476,0.42214042,0.010092134,0.34649807,0.009465587
0.4,0.41518074,0.0029117449,0.33878118,0.002697707,0.41778284,0.0033895087,0.3414089,0.0028293545
0.5,0.41557756,0.0049471026,0.34005436,0.0049357647,0.41465974,0.0058142934,0.3393503,0.0045582424
0.6,0.41406497,0.0014698894,0.33765057,0.0011335644,0.41572833,0.006966558,0.339705,0.0057894085
0.7,0.41352302,0.004044722,0.33767986,0.0035728284,0.41737828,0.00084881735,0.34061414,0.001362852
0.8,0.41610736,0.0019477244,0.33955672,0.0020037226,0.41653457,0.0070936764,0.339297,0.0056081
0.9,0.41694754,0.0021605897,0.34043258,0.002892815,0.41826177,0.0058682985,0.340972,0.005763914
