,train_rmse_mean,train_rmse_std,train_mae_mean,train_mae_std,test_rmse_mean,test_rmse_std,test_mae_mean,test_mae_std
0.3,0.17720224,0.00055760605,0.13437644,0.00044843924,0.1778911,0.0022311253,0.13482806,0.0016288963
0.5,0.17724678,0.0006381121,0.13440812,0.00045255848,0.17808574,0.0012078823,0.13480759,0.0011375562
0.7,0.17685667,0.00043208367,0.13432434,0.0003384804,0.17717358,0.0006446827,0.13428995,0.0006840149
