,train_ML_rmse_mean,train_ML_rmse_std,test_ML_rmse_mean,test_ML_rmse_std
0.1,1.865215692277993,2.004621614363397,1.5841273321360263e+35,3.1682546642720527e+35
0.2,0.7355802384023339,0.012514428351116946,0.7725719682019636,0.05279022334634785
0.3,1.867090988955513,2.068942353902789,1.5616315603729808e+34,3.1232631207459617e+34
0.4,0.8290718748502224,0.14753770745009928,211.08003889769958,420.27381789555017
0.5,0.7742987968026898,0.018546312231913765,0.7644896128365218,0.0085312848538384
0.6,0.8144682671338845,0.029763793560230675,0.8095015585141152,0.016895211959193954
0.7,0.7913337801959206,0.01580670858637569,0.7404562135906481,0.008414371123223562
0.8,1.2276087835541325,0.03354646149877716,0.969571575638738,0.030536806880925565
