,train_ML_rmse_mean,train_ML_rmse_std,test_ML_rmse_mean,test_ML_rmse_std
0.1,0.8317658127336325,0.07965125767194131,0.7249657098338722,0.012861393802480272
0.2,0.7184407910838185,0.010011055345982357,0.7442708212323572,0.03220271199186729
0.3,0.8107472555891875,0.07476516510486783,0.8047487072808057,0.06601149872422422
0.4,0.7693226315772923,0.05213127766807249,0.8271049721614606,0.13212355665643605
0.5,0.7970845053962021,0.012200086744907688,0.7717785273764867,0.011869621575974248
0.6,0.7348361081078122,0.018403504203907937,0.7776794183244038,0.017149649846530314
0.7,0.7309064077571286,0.008808900233580226,0.7617036831224713,0.031550328640682114
0.8,0.8338557248236389,0.012277404631038352,0.832414453961855,0.022479651026004036
