,train_ML_rmse_mean,train_ML_rmse_std,test_ML_rmse_mean,test_ML_rmse_std
0.1,0.8071860558292666,0.05247917887836167,1.89850686991442e+35,3.79701373982884e+35
0.2,0.7577004701884171,0.011623188018398584,0.8091738590860065,0.08605986473600127
0.3,0.8123278587675724,0.052101089870210185,3.552634740531233e+34,7.105269481062466e+34
0.4,0.7768926905209308,0.015526733021684955,587.7452925796052,1173.9115214441642
0.5,0.7694750028529647,0.015159364569324112,0.7851333078071162,0.011808312179272475
0.6,0.7747676597595158,0.014564048864156692,0.8258643804759451,0.014064294217962259
0.7,0.7617747255247952,0.012811097053123943,0.7605969493239884,0.011652520789299235
0.8,0.8051258359970476,0.017274457813188513,0.9622679064443812,0.019134057810411404
