,train_ML_rmse_mean,train_ML_rmse_std,test_ML_rmse_mean,test_ML_rmse_std
0.1,12.059450938946584,1.4586684480356373,11.810015950517393,1.345670906052403
0.2,12.860814026690633,1.5404045755819529,12.93415589677844,1.2735626263098736
0.3,12.185249296761619,1.470058206153834,11.801609998333868,1.3313261331740311
0.4,13.829365472111459,1.578727346443228,14.188406720523275,1.2598658221641632
0.5,12.086029430968814,1.5027909419452157,11.771178799180129,1.3459228308470492
0.6,12.66531552739379,1.5621371823715784,11.751782679772784,1.3252546540006598
0.7,14.458982557567737,1.6263336320247868,15.06662160905567,1.195783238003132
0.8,12.829781118534015,1.582554954132722,11.795761145302862,1.269328729593363
