,train_ML_rmse_mean,train_ML_rmse_std,test_ML_rmse_mean,test_ML_rmse_std
0.1,12.441481447832365,1.672772378058345,12.215607066832865,1.7209601367482663
0.2,12.912269061152362,1.7197749153913084,12.757565433438195,1.6387732815504554
0.3,12.537339607829065,1.7446230704700356,11.978046297631447,1.6258492992138263
0.4,15.106626955130585,1.6579411734625606,13.449767138320919,1.5767146899570048
0.5,12.53431268812446,1.7327951761648697,11.934002114778192,1.6939968182222462
0.6,13.312168885257453,1.8113419903102135,12.799567212358133,1.5524491375717886
0.7,16.65347030598449,1.7608719602589618,14.468405520188847,1.3641075659739523
0.8,13.18587717437074,1.4706987603242128,12.86753993813223,1.7842076047365194
