,train_ML_rmse_mean,train_ML_rmse_std,test_ML_rmse_mean,test_ML_rmse_std
0.1,12.100555278559456,0.34508064736734995,11.82595033097575,1.3740608255641513
0.2,12.0492995552504,0.3241139407961724,11.78550347040232,1.385531291283901
0.3,12.090997553874539,0.34689258716840776,11.82747978623611,1.3486154572003142
0.4,11.699612668536819,0.2806207716810912,11.451236182477185,1.410396362026062
0.5,12.131516255961126,0.34204175887325533,11.849000399510551,1.3967812553529044
0.6,12.034324799035579,0.2936980340916999,11.756013035397256,1.3972047485180255
0.7,10.980092691758362,0.280896968694622,10.710099699836713,1.5170792592611568
0.8,11.981459756115507,0.3500510042723899,11.781607280419884,1.4133912351256819
