,train_rmse_mean,train_rmse_std,train_mae_mean,train_mae_std,test_rmse_mean,test_rmse_std,test_mae_mean,test_mae_std
0.1,0.07390563,0.0008574914,0.051281452,0.00056334195,0.07378511,0.0032447814,0.050939403,0.0018895938
0.2,0.09513659,0.0034106157,0.058837175,0.0007403427,0.09635116,0.014475409,0.059049904,0.0011586539
0.3,0.09365973,0.00093560305,0.0623675,0.00046207246,0.093586504,0.004827615,0.062419735,0.0019724036
0.4,0.09490637,0.0016288632,0.064380564,0.000981057,0.09470169,0.0018381358,0.064607725,0.0008839515
0.5,0.1039025,0.002063804,0.069520466,0.000608647,0.104810104,0.0063756607,0.06972857,0.0012576622
0.6,0.101345696,0.0010247106,0.07046099,0.000414522,0.101676896,0.0029560793,0.07059891,0.0007579235
0.7,0.10329928,0.00059144077,0.07309,0.00048204666,0.10399909,0.0018081516,0.073265016,0.0007736285
0.8,0.10944821,0.0011212092,0.07745244,0.0012121442,0.1098812,0.0023913325,0.07737831,0.0015469316
0.9,0.113662675,0.0011851122,0.0789013,0.00039048746,0.113193475,0.0021438864,0.078609355,0.00083748094
