,train_ML_rmse_mean,train_ML_rmse_std,test_ML_rmse_mean,test_ML_rmse_std
0.1,12.279796478266201,1.39366133322832,12.272698825668934,1.3257598263642483
0.2,12.309123423390846,1.4432891620088946,12.45668080858168,1.638029257634261
0.3,12.599402780149692,1.451149725542309,12.593017366882192,1.4065362209477754
0.4,13.0349633523933,1.5383838564061705,13.27899391048739,1.327679382448892
0.5,13.223879137705731,1.3203858278086085,13.437404365824424,1.7493278071952998
0.6,13.292229613893394,1.4467736369623367,13.95093564169554,1.3865747812356166
0.7,14.070720135374756,1.5180087914153837,14.444612815195814,1.7571264058422045
0.8,14.185795413352968,1.567480317287792,14.535496705149646,1.5397694390064864
0.9,14.375494412984136,1.4988107953060852,14.951524838060333,1.4438140897417644
