,train_ML_rmse_mean,train_ML_rmse_std,test_ML_rmse_mean,test_ML_rmse_std
0.1,12.760519644625656,1.8011606058917708,12.880218880775947,1.5205168697289995
0.2,13.067103136767457,1.7875601341597016,13.089545646825817,2.0702668807574915
0.3,12.904743731224112,1.758550107405757,13.175808003634183,1.9868919530705667
0.4,13.988421126914272,1.8958367312095123,13.754401554925607,1.5255554479747313
0.5,14.210093049253828,1.7725226154254827,14.083250562642693,2.165024878425175
0.6,14.933513164313093,2.0073281926537705,14.87658602317578,1.3264138288665426
0.7,15.70823430316672,1.880807629377805,15.395135355346588,2.3171522488961296
0.8,16.35485599971306,2.10281725987922,15.68714988231756,1.6715262468293313
0.9,16.463667529607612,1.807714296354716,15.978869187477466,1.675706948868439
