,train_ML_f1_mean,train_ML_f1_std,test_ML_f1_mean,test_ML_f1_std
0.1,0.4776858435681965,0.006069967429577366,0.383084744384521,0.03416815549416532
0.2,0.4776858435681965,0.006069967429577366,0.39249350283465556,0.034887481858563926
0.3,0.4776858435681965,0.006069967429577366,0.4118168874993612,0.05451118620176002
0.4,0.4776858435681965,0.006069967429577366,0.40209563011027,0.04209293139589794
0.5,0.4776858435681965,0.006069967429577366,0.4133131311948784,0.03882473587298731
0.6,0.4776858435681965,0.006069967429577366,0.3883445018494195,0.04456720342884497
0.7,0.4776858435681965,0.006069967429577366,0.43490001388736277,0.04800979480413783
0.8,0.4776858435681965,0.006069967429577366,0.4390334812146316,0.04092910954169297
