,train_ML_rmse_mean,train_ML_rmse_std,test_ML_rmse_mean,test_ML_rmse_std
0.1,0.7302213328071151,0.003173907955354646,0.7312898597748893,0.009353805513270799
0.2,0.7313201617052545,0.0024955261671912297,0.7377042210280573,0.011195064617919626
0.3,0.7281043797852244,0.002342375548963511,0.7347160584329183,0.012275187569914952
0.4,0.7295881883217709,0.0029463301907027995,0.7333240850535937,0.00900854072413576
0.5,0.7310135875946681,0.0019861108205716993,0.7344373585918126,0.00920716763899055
0.6,1.05724719650667,0.033157157812707394,1.0504937322887025,0.03167075942655712
0.7,1.040748822723362,0.08407872633349044,1.0753649910230347,0.054220411390003435
0.8,0.9458242605444154,0.036242819157990915,0.9515361253613094,0.02851318222770017
