,train_ML_f1_mean,train_ML_f1_std,test_ML_f1_mean,test_ML_f1_std
0.1,0.5667900703113788,0.04761853559978814,0.6405626967575776,0.07999136252117924
0.2,0.5383859718492403,0.05309101295793224,0.5361834849389873,0.04974659204542624
0.3,0.5003725771244953,0.04728107433398308,0.5660636898582518,0.054463426046841415
0.4,0.4776858435681965,0.006069967429577366,0.5060240157549102,0.041275359106198055
0.5,0.4776858435681965,0.006069967429577366,0.5189822301321877,0.06677311058841624
0.6,0.4776858435681965,0.006069967429577366,0.4837622796705888,0.029098775421225603
0.7,0.4776858435681965,0.006069967429577366,0.5335065356729042,0.07195821031142988
0.8,0.4776858435681965,0.006069967429577366,0.48938970202396276,0.026629118193928575
0.9,0.4776858435681965,0.006069967429577366,0.4776858435681965,0.006069967429577366
