,train_ML_f1_mean,train_ML_f1_std,test_ML_f1_mean,test_ML_f1_std
0.1,0.8031839765851767,0.027177581697088546,0.7377528006762353,0.08135070598403563
0.2,0.7748819960970147,0.02171059710798311,0.6726850718547583,0.08463544469393765
0.3,0.6781750151674006,0.05880366435506952,0.5393981410739842,0.05391900542630377
0.4,0.7102593795455504,0.0759695958967419,0.6333548143696681,0.020792690040181045
0.5,0.5350934459748403,0.0376343474462339,0.47359199844951555,0.006975287383373576
0.6,0.6323896302023674,0.0409185710398072,0.5336737891542274,0.0509801783460408
0.7,0.48374434513891823,0.013740089597202998,0.4776858435681965,0.006069967429577366
0.8,0.5341532951398834,0.040832695724289075,0.5035135143494277,0.06440916042643961
