,train_ML_rmse_mean,train_ML_rmse_std,test_ML_rmse_mean,test_ML_rmse_std
0.1,11.145963709731543,0.4096333720638785,11.169543404848193,0.9826334396954548
0.2,10.854567708375184,0.5167131534230358,10.971192832235385,0.5184095723695684
0.3,12.572034442557335,0.2281202589273546,12.532547591297526,0.5117733492332228
0.4,13.044850837842237,0.23399212487219337,13.057726347874947,0.5472178544156409
0.5,12.905416131306165,0.6562876715180521,12.84492676959766,0.37291996214119416
0.6,13.348641731639024,0.42841424939800177,13.48558266771829,1.0104191690884707
0.7,13.100018689369582,0.45589702310015423,13.139046180232933,0.5183685929970704
0.8,11.874228097552926,0.4335427949831563,11.879978548134275,0.6157418278810646
