,train_ML_rmse_mean,train_ML_rmse_std,test_ML_rmse_mean,test_ML_rmse_std
0.1,15.212725435192713,0.2781269533619073,15.240503069773377,0.7574427363197146
0.2,14.477974138211778,0.41300211436044054,14.48141446227099,0.5475438524675348
0.3,15.57511559772251,0.21477552667511457,15.522422197299429,0.7288769279059415
0.4,15.764943232791632,0.17715509734763998,15.678227246360631,0.651589128147364
0.5,15.577635903531638,0.27442251967653497,15.515122719331567,0.4861326942193144
0.6,16.045308114335274,0.15004362532624463,15.992039860080538,0.6724091274589419
0.7,16.210397281002464,0.17406784168649625,16.129716800946976,0.5770520510367304
0.8,15.786964161714721,0.21897735198578136,15.70998281844722,0.4997458534021704
