,train_ML_rmse_mean,train_ML_rmse_std,test_ML_rmse_mean,test_ML_rmse_std
0.1,12.290333748825546,1.4989088259527248,11.746234709143625,1.3528642736151444
0.2,13.16928572950022,1.5502864821624671,12.864076135501596,1.2924768573124708
0.3,12.221271835469306,1.5174007042679907,11.757323407700394,1.3440775187251073
0.4,13.863880686129807,1.6013784236610105,14.191384993692907,1.2591795512718018
0.5,12.410171160633173,1.4939974519816275,11.73650182429641,1.3228021821645584
0.6,12.69751467876787,1.5572960050217481,11.746095656920152,1.3409552850034685
0.7,14.62254073875116,1.6862955091330294,15.042532145817882,1.2101845964704148
0.8,12.927432955730291,1.5860726479805263,11.79957224909945,1.2770657660556164
