,random,zero,mean,knn,mice,XGB,missforest,mf,hyper,gain,notmiwae,miwae,tabcsdi,ot
0.1,0.17992,0.51946,0.05998,0.06112,0.05999,0.06034,0.05878,0.07701,0.05749,0.05854,0.04986,0.05649,0.04986,0.06279
0.2,0.51927,0.51985,0.51867,0.51867,0.51867,0.51867,0.51867,0.51908,0.51867,0.52136,0.12563,0.11466,0.04986,0.51908
0.3,0.31870,0.52028,0.05965,0.06001,0.06001,0.06001,0.05965,0.09573,0.05965,0.05963,0.04955,0.05534,0.04986,0.05960
0.4,0.20528,0.51337,0.06009,0.06203,0.05933,0.06224,0.05890,0.07767,0.05784,0.05960,0.04986,0.06665,0.04986,0.06067
0.5,0.17359,0.49932,0.01476,0.01698,0.02785,0.03651,0.02306,0.07036,0.11221,0.07356,0.04986,0.00412,0.04986,0.08733
0.6,0.23833,0.51534,0.06034,0.06009,0.06002,0.06002,0.06002,0.08062,0.05963,0.05953,0.04986,0.05677,0.04986,0.05944
0.7,0.15049,0.30026,0.02271,0.02442,0.07024,0.04008,0.02589,0.05297,0.07412,0.08444,0.04986,0.00868,0.04986,0.08028
0.8,0.17433,0.42639,0.01973,0.02528,0.02666,0.04003,0.04130,0.08971,0.10903,0.09223,0.04986,0.00645,0.04986,0.10346
