,random,zero,mean,knn,mice,XGB,missforest,mf,hyper,gain,notmiwae,miwae,tabcsdi,ot
0.1,0.24134 ± 0.039,0.50923 ± 0.063,0.14011 ± 0.024,0.12758 ± 0.027,0.14137 ± 0.025,0.11779 ± 0.031,0.13929 ± 0.030,0.15874 ± 0.031,0.12262 ± 0.046,0.10780 ± 0.051,0.01130 ± 0.018,0.04952 ± 0.011,0.08692 ± 0.014,0.12652 ± 0.040
0.2,0.50853 ± 0.062,0.50959 ± 0.062,0.50820 ± 0.062,0.50820 ± 0.062,0.50820 ± 0.062,0.50820 ± 0.062,0.50820 ± 0.062,0.50820 ± 0.062,0.50820 ± 0.062,0.51373 ± 0.055,0.14413 ± 0.024,0.13171 ± 0.012,0.08175 ± 0.014,0.50861 ± 0.062
0.3,0.32409 ± 0.034,0.50963 ± 0.062,0.19326 ± 0.026,0.19615 ± 0.027,0.19297 ± 0.027,0.19297 ± 0.027,0.19326 ± 0.026,0.22758 ± 0.046,0.19300 ± 0.027,0.19364 ± 0.026,0.00733 ± 0.013,0.08609 ± 0.027,0.08487 ± 0.016,0.19227 ± 0.029
0.4,0.24844 ± 0.058,0.50861 ± 0.059,0.13597 ± 0.023,0.12793 ± 0.029,0.13843 ± 0.027,0.11852 ± 0.035,0.12191 ± 0.029,0.15752 ± 0.031,0.12670 ± 0.052,0.10459 ± 0.057,0.01275 ± 0.020,0.03558 ± 0.011,0.08656 ± 0.015,0.13607 ± 0.044
0.5,0.15054 ± 0.040,0.44204 ± 0.037,0.05253 ± 0.011,0.04303 ± 0.012,0.05580 ± 0.009,0.05203 ± 0.007,0.04529 ± 0.005,0.09600 ± 0.079,0.10308 ± 0.115,0.07479 ± 0.077,0.00280 ± 0.001,0.02251 ± 0.010,0.08388 ± 0.019,0.10453 ± 0.115
0.6,0.30079 ± 0.018,0.47212 ± 0.041,0.14793 ± 0.016,0.14694 ± 0.016,0.14795 ± 0.017,0.14814 ± 0.017,0.14755 ± 0.016,0.16909 ± 0.035,0.14697 ± 0.017,0.14865 ± 0.016,0.00070 ± 0.001,0.07387 ± 0.023,0.07803 ± 0.013,0.15797 ± 0.024
0.7,0.12813 ± 0.013,0.21252 ± 0.068,0.04188 ± 0.010,0.03614 ± 0.011,0.05462 ± 0.027,0.04633 ± 0.012,0.03905 ± 0.009,0.04565 ± 0.013,0.10701 ± 0.076,0.07074 ± 0.026,0.00280 ± 0.001,0.02721 ± 0.013,0.08873 ± 0.018,0.06874 ± 0.052
0.8,0.20797 ± 0.043,0.45481 ± 0.031,0.05646 ± 0.013,0.04505 ± 0.016,0.03970 ± 0.013,0.05376 ± 0.023,0.08897 ± 0.030,0.13422 ± 0.092,0.13589 ± 0.135,0.13003 ± 0.160,0.00280 ± 0.001,0.02892 ± 0.011,0.07967 ± 0.008,0.13855 ± 0.136
