,train_ML_rmse_mean,train_ML_rmse_std,test_ML_rmse_mean,test_ML_rmse_std
0.1,0.8107943105814858,0.06512201447461702,0.7473996543363386,0.01679706316177658
0.2,0.8095483018347684,0.06752567065129611,0.73585038450173,0.009184315047897199
0.3,0.789364052526581,0.018000516420785165,0.7656320765159829,0.022498637220128518
0.4,0.8321443423983945,0.06202753842201746,0.7786643646156757,0.02454654573609597
0.5,0.8217795551884253,0.05128570351299233,0.7639282486097249,0.01825740873002356
0.6,0.8897210565882998,0.09836360512870458,0.768177066585155,0.012403941080979626
0.7,0.8495625584049609,0.07273073120618641,0.7407347826562953,0.00813431966491169
0.8,1.2725932616709692,0.15532402302488493,0.8857376462462418,0.03470829391185725
