,train_ML_rmse_mean,train_ML_rmse_std,test_ML_rmse_mean,test_ML_rmse_std
0.1,0.6693181882331686,0.02283953466015706,0.6671702579337933,0.021232608551657834
0.2,0.6796586783931655,0.026704264106435203,0.6735552969269791,0.0210358117886756
0.3,0.6700518999705827,0.025296844524189132,0.6698543120223297,0.021926162493914016
0.4,0.6997915735560195,0.026993232343853167,0.6823172679293055,0.02243285209528474
0.5,0.7955428727442339,0.027420679673160305,0.7154170771366065,0.019400107368024323
0.6,1.131729190717717,0.06636749121299669,0.752974104396724,0.03483707173451607
0.7,1.0216252657588232,0.023234909802549438,0.7713634426887424,0.03191404751676424
0.8,1.3843452305966673,0.07548560449349116,0.8642710232003715,0.047223546969839
