,train_ML_rmse_mean,train_ML_rmse_std,test_ML_rmse_mean,test_ML_rmse_std
0.1,0.6352843333584091,0.01673271593092915,0.6391594201839381,0.020636972405348165
0.2,0.6531518752422346,0.024003131983417313,0.656272113747181,0.023337465700153468
0.3,0.640853188953636,0.019411646189073175,0.6430851590804995,0.01797599379747424
0.4,0.6678086568651995,0.03064139799823711,0.6503519012685831,0.0177784718476918
0.5,0.700568826180491,0.02934815569425838,0.6829376570025012,0.023106921699339096
0.6,0.7004662556359658,0.025156092743768396,0.6929807873215609,0.027283928740925053
0.7,0.7156152829244523,0.018945248157416376,0.7100630694077309,0.023622156959200932
0.8,0.7260976222010724,0.0261449674885351,0.7354614296580272,0.025404502096131105
