,train_ML_rmse_mean,train_ML_rmse_std,test_ML_rmse_mean,test_ML_rmse_std
0.1,0.7333036669983533,0.012741214763247986,0.739811259815488,0.009314502127150716
0.2,0.7373698646980429,0.008694709251792953,0.7626291443941182,0.009377444293597242
0.3,0.7454060799634743,0.011884979210894075,0.7847798934845807,0.013522293024758087
0.4,0.7560787805455387,0.016392838459672283,0.8191602463727587,0.01058125706971108
0.5,0.7648375377950227,0.012775791074058913,0.8456488605693474,0.016930233079415193
0.6,0.7819004646858307,0.01930384679693872,0.8670984363107455,0.009164671628479672
0.7,0.790485324621607,0.015378134442882522,0.8871700770582709,0.00887017363705623
0.8,0.8052984625120105,0.015172760030443464,0.9058287512215113,0.015046924573657099
0.9,0.8102634864313124,0.016323852623712876,0.8970445998723873,0.01249443091043044
