,train_ML_rmse_mean,train_ML_rmse_std,test_ML_rmse_mean,test_ML_rmse_std
0.1,0.7110962014477911,0.012752100206584781,0.7167890610218125,0.009058980353101369
0.2,0.7175669256992658,0.011982855457077144,0.7410174098663539,0.008601665236402694
0.3,0.7206065546985163,0.012226247396143987,0.7727184274348424,0.01928911405979975
0.4,0.7345014467957323,0.011096560393653615,0.8077733646487211,0.018099782986874733
0.5,0.7559082631945351,0.009935582606215262,0.8440261436881787,0.019657396312986103
0.6,0.7683036404183972,0.011345915942091101,0.8589921431369852,0.01581149126666525
0.7,0.7894241768074167,0.016274465600165433,0.8803798258112969,0.009090600232113418
0.8,0.8173642385059783,0.015280572895718485,0.9032322466768441,0.015691060800555975
0.9,0.8190941562056185,0.016652200050189747,0.9158570998057687,0.019399339566851987
