,train_rmse_mean,train_rmse_std,train_mae_mean,train_mae_std,test_rmse_mean,test_rmse_std,test_mae_mean,test_mae_std
0.1,0.8505139329097247,0.5188605207796287,0.6890864725823652,0.20842486843377583,0.8288041293849627,0.46953745651343504,0.6768874530203599,0.17706867056144293
0.2,1.6667239867479267,1.8662496679748846,1.028575015692915,0.9155016401732748,1.6832464639955163,1.8888314244012916,1.060212544038846,0.9463294314576378
0.3,75.42026318424232,148.94112496926994,9.720935160851868,17.876430708246247,97.83491606740014,193.84957590483134,16.77369408484627,32.02969162154794
0.4,0.5179789896667613,0.11836282073218697,0.40681357880751445,0.029322564358525746,0.513318449090946,0.12539569377404555,0.40503947158091796,0.03887819889532364
0.5,0.33112210167409906,0.0018010171727063757,0.29681677385420874,0.0018423411523914867,0.32938933956579575,0.009893785759544116,0.29590750147240014,0.0070921700994603775
0.6,0.5427592368615088,0.10852584243087017,0.45165280209689557,0.07580011723548716,0.5395709008307683,0.11750334961605728,0.45123417724453646,0.08671279381142151
0.7,0.2902349330490754,0.001221135365717138,0.2656948047099336,0.001062672092357238,0.2900476041972338,0.003200949067034146,0.26553582621329574,0.0028786952764987286
0.8,0.4139282263960153,0.021430672659508678,0.38867556679399035,0.01928589658221994,0.4131304506195662,0.020194169961601827,0.38790697106116045,0.018253471078854614
