,train_ML_rmse_mean,train_ML_rmse_std,test_ML_rmse_mean,test_ML_rmse_std
0.1,0.6638997796026286,0.024980071745838463,0.6661858071198739,0.021078682503571772
0.2,0.6834491390215753,0.026863453176228017,0.6700500297817713,0.01954313577109253
0.3,0.6624621432508736,0.023199579932876493,0.668565324373892,0.02140838775044402
0.4,0.6785069016867925,0.024972529626008367,0.6743027609912613,0.020780555658172252
0.5,0.7177382971923152,0.025341677011129923,0.6877443193930554,0.017819427390885958
0.6,0.9170681455482557,0.05155955674199112,0.7217548545881819,0.02796766970604352
0.7,0.8206425098804866,0.04363593068720666,0.757060628048898,0.026120601229688668
0.8,1.0608595666826113,0.05304715728761331,0.8133289162748945,0.0372550239519242
