,train_ML_rmse_mean,train_ML_rmse_std,test_ML_rmse_mean,test_ML_rmse_std
0.1,0.6498676622738446,0.017667512417641557,0.6504930454650634,0.01850125205389385
0.2,0.6518215654372083,0.01630495793958955,0.6546281333439191,0.019380520922693795
0.3,0.6503727511834503,0.017291761894862503,0.652326597702223,0.019850825171951313
0.4,0.6504617301997035,0.018798857277729675,0.6508227276041638,0.018060822992120515
0.5,0.6539756702590762,0.020401308891021173,0.6698211301518545,0.015046031029651661
0.6,0.670158900231132,0.0171099912862935,0.6775765432643419,0.017012097593242643
0.7,0.6834979175107548,0.0094819995299726,0.6936609989978881,0.013421628974400848
0.8,0.669592352792367,0.019671396958181642,0.7390960770735113,0.017113748740812063
