,train_rmse_mean,train_rmse_std,train_mae_mean,train_mae_std,test_rmse_mean,test_rmse_std,test_mae_mean,test_mae_std
0.3,0.1197873,0.028127577,0.06476603,0.020757163,0.12650204,0.018813169,0.06847937,0.015632775
0.5,0.09507248,0.0065327804,0.03968032,0.0022946468,0.11207922,0.006236405,0.049685147,0.0032639932
0.7,0.12623352,0.007683271,0.06909978,0.009983705,0.1288902,0.0057360353,0.07104357,0.0071431156
