,train_ML_rmse_mean,train_ML_rmse_std,test_ML_rmse_mean,test_ML_rmse_std
0.1,5.423406815087843,0.14047306008931748,5.945731181782514,1.0105511422283604
0.2,5.423406815087843,0.14047306008931748,5.945731181782514,1.0105511422283604
0.3,5.423406815087843,0.14047306008931748,5.945731181782514,1.0105511422283604
0.4,5.423406815087843,0.14047306008931748,5.945731181782514,1.0105511422283604
0.5,5.423406815087843,0.14047306008931748,5.945731181782514,1.0105511422283604
0.6,5.423406815087843,0.14047306008931748,5.945731181782514,1.0105511422283604
0.7,5.423406815087843,0.14047306008931748,5.945731181782514,1.0105511422283604
0.8,5.423406815087843,0.14047306008931748,5.945731181782514,1.0105511422283604
0.9,5.423406815087843,0.14047306008931748,5.945731181782514,1.0105511422283604
