,random,zero,mean,knn,mice,XGB,missforest,mf,hyper,gain,notmiwae,miwae,tabcsdi,ot
0.1,13.47998 ± 1.434,13.42662 ± 1.455,13.18796 ± 1.609,13.48382 ± 1.481,13.22932 ± 1.627,13.24152 ± 1.465,13.33308 ± 1.530,13.14987 ± 1.732,13.21218 ± 1.584,14.79322 ± 1.577,16.68404 ± 1.782,16.65712 ± 1.777,16.44922 ± 1.782,13.18518 ± 1.599
0.2,13.65275 ± 1.823,13.97283 ± 2.057,13.48505 ± 2.034,13.90657 ± 2.021,13.53308 ± 2.081,13.51760 ± 2.061,13.46945 ± 2.028,13.56940 ± 2.165,13.54977 ± 2.119,14.82543 ± 1.780,16.66271 ± 1.728,16.67169 ± 1.739,16.59080 ± 1.827,13.63137 ± 2.056
0.3,14.18365 ± 2.048,13.45938 ± 2.074,13.34865 ± 2.007,13.81930 ± 1.991,13.41289 ± 2.012,13.43063 ± 2.015,13.39693 ± 2.030,13.54425 ± 1.992,13.48134 ± 2.010,14.98198 ± 1.777,16.40318 ± 1.867,16.44590 ± 1.676,15.97198 ± 1.893,13.57666 ± 1.993
0.4,15.31970 ± 1.756,15.17162 ± 1.610,14.43898 ± 1.626,14.91954 ± 1.610,14.50124 ± 1.754,14.81423 ± 1.557,14.56633 ± 1.775,14.59660 ± 1.696,14.70028 ± 1.594,15.35766 ± 1.662,16.49885 ± 1.696,16.53417 ± 1.672,16.51494 ± 1.761,14.69901 ± 1.638
0.5,15.50253 ± 1.640,15.62531 ± 2.018,14.68784 ± 2.135,15.30899 ± 2.071,14.83513 ± 1.994,15.14674 ± 1.843,14.99970 ± 2.110,14.84375 ± 2.095,15.05396 ± 1.959,15.69413 ± 1.811,16.48614 ± 1.744,16.15747 ± 1.472,16.51444 ± 1.836,14.93584 ± 1.985
0.6,15.64695 ± 1.338,16.03959 ± 1.534,15.52664 ± 1.642,15.56299 ± 1.587,15.33115 ± 1.724,15.66515 ± 1.669,15.65558 ± 1.640,15.58297 ± 1.444,15.73455 ± 1.533,15.98349 ± 1.730,16.34832 ± 1.817,16.36130 ± 1.856,16.54362 ± 1.830,15.70276 ± 1.499
0.7,16.54438 ± 1.750,16.25855 ± 1.820,15.93357 ± 1.933,16.13874 ± 1.644,15.98018 ± 1.868,15.90487 ± 1.663,16.22938 ± 1.896,16.11982 ± 1.881,16.56222 ± 1.860,16.43270 ± 1.750,16.52141 ± 1.782,16.49918 ± 1.797,16.63186 ± 1.728,16.21487 ± 2.035
0.8,16.49705 ± 1.703,16.21980 ± 1.661,16.17435 ± 1.796,16.13751 ± 1.691,16.23118 ± 1.767,16.11462 ± 1.970,16.44442 ± 1.713,16.45486 ± 1.689,16.71349 ± 1.866,16.39007 ± 1.784,16.29548 ± 1.842,16.41595 ± 1.787,16.50405 ± 1.838,16.59252 ± 1.998
0.9,16.64702 ± 1.732,16.46880 ± 1.783,16.33123 ± 1.751,16.52936 ± 1.726,16.43655 ± 1.866,16.37806 ± 2.096,16.54041 ± 1.803,16.43200 ± 1.777,16.66371 ± 1.887,16.50308 ± 1.841,16.61112 ± 1.821,16.44530 ± 1.836,16.56965 ± 1.720,16.47009 ± 1.889
