,random,zero,mean,knn,mice,XGB,missforest,mf,hyper,gain,notmiwae,miwae,tabcsdi,ot
0.1,11.07773,11.83553,10.31420,10.69648,10.27610,10.35056,10.48835,10.36445,10.43115,12.80092,15.11553,15.13870,14.95793,10.21168
0.2,10.97139,12.23600,10.30017,11.01963,10.25954,10.26186,10.26963,10.80876,10.64578,12.83865,15.11455,15.15667,14.88175,10.58474
0.3,12.18350,11.75895,10.39912,11.54019,10.30750,10.39936,10.29890,10.80868,10.98498,13.39324,15.10750,15.12943,14.90715,10.80556
0.4,13.44696,13.51596,11.74316,12.37657,12.04070,12.07432,12.05839,12.30815,12.52369,13.61753,14.97906,14.95439,15.26991,12.24367
0.5,13.89224,14.00361,12.28609,13.41369,13.04045,13.26885,12.88448,12.62688,13.88762,14.05267,14.93657,14.62255,15.04367,12.58579
0.6,14.22007,14.72228,13.05187,13.91493,15.03918,13.50445,13.53147,13.59858,14.36003,14.86804,14.75197,14.70639,15.43138,13.79053
0.7,15.14541,14.95958,14.10007,14.98871,14.20846,14.90195,14.48790,14.47645,15.40412,15.37613,15.03706,15.07288,15.19329,14.36747
0.8,15.20387,14.96395,14.30740,14.65251,14.41226,15.41844,15.02152,14.89495,15.27907,14.87903,15.02938,14.92870,15.28247,14.65324
0.9,15.31535,14.94281,14.59133,14.90064,14.71987,15.30176,15.05239,15.28349,15.85477,15.12389,15.05903,14.89282,15.20891,15.34991
