,mean,knn,mice,gain
0.1,0.28427 ± 0.040,0.26535 ± 0.081,0.21974 ± 0.034,0.51480 ± 0.023
0.2,0.29417 ± 0.032,0.32907 ± 0.047,0.23539 ± 0.022,0.48845 ± 0.026
0.3,0.29015 ± 0.020,0.30075 ± 0.015,0.25413 ± 0.014,0.54125 ± 0.015
0.4,0.30010 ± 0.015,0.31433 ± 0.015,0.28540 ± 0.018,0.53416 ± 0.023
0.5,0.29420 ± 0.009,0.32566 ± 0.009,0.31812 ± 0.034,0.53027 ± 0.032
0.6,0.29891 ± 0.007,0.32981 ± 0.017,0.33329 ± 0.069,0.55654 ± 0.020
0.7,0.29876 ± 0.013,0.33229 ± 0.019,0.36465 ± 0.098,0.58408 ± 0.008
0.8,0.29697 ± 0.013,0.31427 ± 0.019,0.30872 ± 0.010,0.56115 ± 0.016
0.9,0.29806 ± 0.008,0.30337 ± 0.011,1.66156 ± 2.330,0.58770 ± 0.014
