,train_ML_rmse_mean,train_ML_rmse_std,test_ML_rmse_mean,test_ML_rmse_std
0.1,0.7034715766197894,0.009523158273772593,0.9459465607876206,0.006362116472930397
0.2,0.7235201673246628,0.008278921608003451,1.0992042250562706,0.009212696031921583
0.3,0.9137608499739782,0.016261155392298877,1.467985956486984,0.012607260439414384
0.4,0.7598441710441032,0.009710587045868245,1.3450947762640355,0.013187411117459805
0.5,0.7908210355091811,0.011297375604443164,1.394905859100326,0.01460614051962147
0.6,0.8253591413057801,0.012783489150651072,1.5050939299191428,0.012265223542443205
0.7,0.8454174454018062,0.014024040292139555,1.4796851095785102,0.01484898009466812
0.8,0.9211478490033894,0.010972829706850477,1.5291533397243982,0.017574489098768655
0.9,0.94635447566286,0.012429966207695915,1.4052814810156486,0.01631486507052063
