,train_ML_f1_mean,train_ML_f1_std,test_ML_f1_mean,test_ML_f1_std
0.1,0.7807663273429958,0.014821607886141343,0.7422918526317469,0.045508552258809745
0.2,0.7768231476580495,0.016578884965846516,0.7365371362982901,0.04281755060333759
0.3,0.7517719678940531,0.016430424925759524,0.743912117491282,0.032628108061595176
0.4,0.7370453134173378,0.01996254449818802,0.7270356201261784,0.046745458447945414
0.5,0.7285148891222929,0.018758803697617992,0.7244269526636409,0.05123315515285732
0.6,0.6922097009432268,0.022443368024080264,0.6830364259137582,0.03507542603439189
0.7,0.5707562749459352,0.037290738108724575,0.6269877922742072,0.06276842424215033
0.8,0.41404409104098405,0.03338153621226291,0.41573447728128815,0.03953334584563657
0.9,0.3972315819715694,0.0016907381296862522,0.39842406976903394,0.007541615391697323
