,train_rmse_mean,train_rmse_std,train_mae_mean,train_mae_std,test_rmse_mean,test_rmse_std,test_mae_mean,test_mae_std
0.3,0.20345354,0.015422419,0.16086896,0.0138023775,0.20006426,0.014027964,0.15770511,0.01358599
0.5,0.24965549,0.053854495,0.19375196,0.04534132,0.25014478,0.05192809,0.1929834,0.044267315
0.7,0.2535512,0.022841293,0.1919817,0.025229018,0.25443608,0.020790828,0.19183718,0.021741651
