,train_ML_f1_mean,train_ML_f1_std,test_ML_f1_mean,test_ML_f1_std
0.1,0.8320828614005065,0.012734789917704726,0.8192609608794983,0.031279685571163056
0.2,0.8199527798955474,0.010392302787090142,0.8090001341227253,0.027841162437414545
0.3,0.7844362518654677,0.021293504645371653,0.7485630425975316,0.03330853588883765
0.4,0.7761679219313525,0.015091148292281892,0.7297179759655786,0.0383655519275991
0.5,0.7495081696456856,0.013068640536152415,0.7241274343927385,0.04696466999002386
0.6,0.7166122204972991,0.02169935002673099,0.6520021735402609,0.021054061139187296
0.7,0.5706254448720826,0.0422268260652299,0.5259743252176124,0.0389598902487134
0.8,0.40539245927894435,0.010985083093192684,0.39842406976903394,0.007541615391697323
0.9,0.3972315819715694,0.0016907381296862522,0.39842406976903394,0.007541615391697323
