,train_ML_f1_mean,train_ML_f1_std,test_ML_f1_mean,test_ML_f1_std
0.1,0.7999251726031738,0.013394486981686642,0.797354744879572,0.036928641960498755
0.2,0.791440661933739,0.004384633212761253,0.7812248717639461,0.03240437384750037
0.3,0.7560709776300027,0.021857754631381673,0.7219934358561068,0.03408945359559242
0.4,0.744490353621285,0.01663086541078466,0.7151590103057088,0.05205880001577725
0.5,0.7195259565380235,0.013858374155742918,0.7073102339786088,0.0423593347165499
0.6,0.6848610770221668,0.020469093440208173,0.6480077268050173,0.027091995882732558
0.7,0.5988792160554874,0.012912760110906365,0.5706190117013629,0.04919832505441246
0.8,0.5488407030178756,0.012725071636084549,0.4884715274955642,0.057804633518031424
0.9,0.46363078655614387,0.012548164700646493,0.4464676644962067,0.03596587432356628
