,train_ML_rmse_mean,train_ML_rmse_std,test_ML_rmse_mean,test_ML_rmse_std
0.1,10.538070395017664,0.1538815302569323,10.65914296191398,0.4598684822830544
0.2,10.710665829153239,0.1499597858491887,10.835821593325232,0.5173550113954681
0.3,12.349048715245871,0.14486790942319638,12.476020497458851,0.44188194327063834
0.4,12.657513104725172,0.17685415564974086,12.796458079658176,0.44420774243119443
0.5,11.037991107851273,0.12549987673748145,11.178520059330959,0.5422387714740354
0.6,12.183121574511961,0.12729074067963353,12.252554306677805,0.5048453811829723
0.7,11.460867062563036,0.15948586011630264,11.51768806724223,0.5436609566193235
0.8,11.076240414525653,0.21750008373139607,11.15254644106569,0.5387921546029886
