,train_ML_rmse_mean,train_ML_rmse_std,test_ML_rmse_mean,test_ML_rmse_std
0.1,6.080919179046987,0.16344203562093323,7.382072088079755,0.5483302295939068
0.2,5.991178612230884,0.1413252437464047,7.327391029697449,0.6158561910359975
0.3,7.91330418243461,0.15131307404514177,9.955446896220487,0.3457234226944815
0.4,8.76078750888092,0.13437463859880722,10.850723328617752,0.4501281340117902
0.5,6.124797874608183,0.07815395094389216,7.459406034151202,0.6294412991985153
0.6,7.270925539984219,0.06972035436264996,8.941568940024709,0.6524286923357235
0.7,6.7447244147478695,0.08914567262091541,8.452987359506672,0.44355755774747235
0.8,6.5433533297364885,0.1094409090635834,7.982669942900898,0.4575669997238012
