,train_ML_rmse_mean,train_ML_rmse_std,test_ML_rmse_mean,test_ML_rmse_std
0.1,10.731908266400985,0.1944192670822865,10.735133093217572,0.7088170167995248
0.2,10.349357897318427,0.19377400907791356,10.382030154576444,0.7183133571744487
0.3,12.50391243934267,0.18150638732745095,12.48223638795098,0.6180924591937236
0.4,12.578362202268204,0.19973674568335126,12.622512916781929,0.5550132634809402
0.5,10.988070348392043,0.1616125145724151,10.962475896469517,0.6587788455943211
0.6,12.316903648688847,0.14874905658334878,12.339780260208979,0.5309776738661026
0.7,11.78256778648493,0.15133187978103904,11.823226978411189,0.5848431950377273
0.8,11.83093617878621,0.14390600714634952,11.854469404063607,0.5494105197904404
