,train_ML_rmse_mean,train_ML_rmse_std,test_ML_rmse_mean,test_ML_rmse_std
0.1,8.980900111549508,0.7158174083228267,8.965920566967016,0.8198440949125169
0.2,10.836606563332596,0.7969703693782686,10.942312223875927,0.9178358058939824
0.3,9.016787209684757,0.7617993541398171,8.988687320541583,0.7813804156044061
0.4,17.402710965159592,1.3566953867992713,14.929358021237979,0.8631538274456065
0.5,8.965102216701116,0.7257739432333944,8.951709906722046,0.8136106345193063
0.6,9.293230185259295,1.0138704610935498,9.02063465139769,0.8762849147463988
0.7,21.036591191554532,1.227428263352828,17.52933282220456,1.01191906438781
0.8,9.636448278194651,1.2321743951069828,9.000193967029363,0.8233883457739295
