,train_ML_rmse_mean,train_ML_rmse_std,test_ML_rmse_mean,test_ML_rmse_std
0.1,18.293061124273798,1.7535234029723854,56086041.71373062,8077275.900280232
0.2,18.293960435402905,1.7521983377018233,53404086.440679654,6522634.447670457
0.3,18.301478648531642,1.7557056898231693,57057558.75040375,5620041.234417957
0.4,18.268198082965426,1.7565347310991088,44131016.25114451,6145766.772954935
0.5,18.283744803440953,1.7482686169845634,56564743.84762086,6206637.334222572
0.6,18.271342950536454,1.7427518130123023,52013239.64569505,5235400.058244349
0.7,18.30504031557781,1.7552277547505215,33571313.59828092,5697259.455196501
0.8,18.339434111677853,1.7453035154650738,45606372.08239998,4849492.764691025
