,train_ML_f1_mean,train_ML_f1_std,test_ML_f1_mean,test_ML_f1_std
0.1,0.7045295365451164,0.0554511500176083,0.47664266767715036,0.007299653154557149
0.2,0.576392737028218,0.07462335348851218,0.4776858435681965,0.006069967429577366
0.3,0.6207890730474463,0.04674213826298821,0.4776858435681965,0.006069967429577366
0.4,0.4773655293779311,0.001642527687711916,0.4776858435681965,0.006069967429577366
0.5,0.49542902755567103,0.025264700557625815,0.4776858435681965,0.006069967429577366
0.6,0.4773655293779311,0.001642527687711916,0.4776858435681965,0.006069967429577366
0.7,0.4773655293779311,0.001642527687711916,0.4776858435681965,0.006069967429577366
0.8,0.4773655293779311,0.001642527687711916,0.4776858435681965,0.006069967429577366
0.9,0.4773655293779311,0.001642527687711916,0.4776858435681965,0.006069967429577366
