,train_ML_rmse_mean,train_ML_rmse_std,test_ML_rmse_mean,test_ML_rmse_std
0.1,0.6549077081777332,0.007265362889554566,0.6636082879271985,0.025262756650415826
0.2,0.6723148126022376,0.010374643994061142,0.677672833789933,0.020963356010822144
0.3,0.6655020485589646,0.008893981988488592,0.6701740661807933,0.02100232547321164
0.4,0.6545181809068762,0.01157309585313619,0.6634125278971967,0.02413094230243198
0.5,0.682050681975775,0.005596454001225321,0.6887345034586341,0.01622643466764799
0.6,0.6870998540749514,0.00503982430813447,0.696774574831078,0.022817898518259876
0.7,0.6838965588066783,0.008588773709103674,0.6914129350953473,0.0228247310904796
0.8,0.6619647569034323,0.006887083282247464,0.6728711484797493,0.020899228235585026
