,train_ML_rmse_mean,train_ML_rmse_std,test_ML_rmse_mean,test_ML_rmse_std
0.1,0.6465806889282678,0.004915530222220459,0.6506734610111102,0.018485470430853156
0.2,0.6502508273821023,0.004843023400683353,0.6534397778315786,0.01783519428477681
0.3,0.6483372219249501,0.004989101868478891,0.6522545568556681,0.018991496497708957
0.4,0.64589212877027,0.004824114631079832,0.6494514295144954,0.018710326802672095
0.5,0.6567715067954736,0.0034662491811698224,0.6605630997749989,0.013715362741196275
0.6,0.6602918664240975,0.0051186744798469245,0.6658506197834048,0.01916145244521783
0.7,0.6584990118620635,0.005907680174375018,0.6631142011418549,0.020853916136266686
0.8,0.6573478699300497,0.005216106270089245,0.6633850867735184,0.018787002010886934
