,train_ML_rmse_mean,train_ML_rmse_std,test_ML_rmse_mean,test_ML_rmse_std
0.1,14.278492966846567,0.5761727135945537,12.876589218510961,0.5642710877749112
0.2,11.581858153397748,0.6008220961988413,11.839914753860379,0.5338277021200535
0.3,14.961862054131453,0.6729656959521999,14.223351421079073,0.6372104002217805
0.4,15.951181194068095,0.8608339494216003,17.410943688935298,0.8301655273440831
0.5,15.573082384940042,1.281368011791298,14.727415688936654,0.8974109375042097
0.6,15.317405422896508,0.7407130569426902,16.407821471299666,0.7778651950472858
0.7,16.645879031674728,0.9732627575943904,18.624045958618666,0.6477252155048437
0.8,16.175797660181306,0.9991272579717078,15.287432739944478,0.8484247749753181
