,train_ML_rmse_mean,train_ML_rmse_std,test_ML_rmse_mean,test_ML_rmse_std
0.1,14.693643546211941,0.5983148765242133,14.327224409985087,0.7234217547121885
0.2,13.298879800747674,0.648941608777,13.677526113422923,0.5260861967712593
0.3,15.258157836066724,0.6950077096964337,15.243538975190924,0.8245809036538171
0.4,15.957986019119144,0.4710139881821429,17.60687348288238,0.7786100245169425
0.5,15.097496689174557,0.6748383532633699,16.042660535282685,0.7096813568897175
0.6,16.397069337164808,0.5824381827940296,17.090784856177944,0.7740888305332001
0.7,17.65874932327035,0.7344425069883606,20.783813614136104,0.6078803927386153
0.8,17.09394836463513,0.690564576069326,18.851639667543463,1.2538270177129014
