,train_ML_f1_mean,train_ML_f1_std,test_ML_f1_mean,test_ML_f1_std
0.1,0.7819021599168674,0.06841813908241443,0.6529966746344182,0.04162215823358147
0.2,0.7960780901306359,0.056614219521104577,0.6429765617729728,0.04264472056416482
0.3,0.7907347380939582,0.04417128766198843,0.6406350167761643,0.04655136521153545
0.4,0.7741389776698991,0.05911961769816093,0.6518027078515354,0.04828356525749378
0.5,0.7467247375848001,0.07934798372243625,0.6197183294877379,0.04791399715992638
0.6,0.7117872209224705,0.06097925552518328,0.5886062616766415,0.03897634304938786
0.7,0.7024806637526171,0.06173481914132742,0.5111342748379281,0.07409426175524285
0.8,0.7057228211596104,0.10280357471659926,0.45826423100414465,0.07413502974047813
0.9,0.41106499734519264,0.011143013000399705,0.4395299218237339,0.08462079244653885
