,train_ML_f1_mean,train_ML_f1_std,test_ML_f1_mean,test_ML_f1_std
0.1,0.7536383995579164,0.04331368217215285,0.7895200870039656,0.033459369938055476
0.2,0.7523143950472042,0.033932764353021,0.7925208982489023,0.042701836150476506
0.3,0.7675148544086895,0.0313523794915809,0.7660806282195595,0.020285145232465877
0.4,0.7426736386966002,0.03731218972151728,0.7561320243095135,0.03446646092850266
0.5,0.7182830483666388,0.052195536176561474,0.7198592442069434,0.02386036884569894
0.6,0.7361437938623527,0.028715868934841963,0.6969525049946542,0.042689225606162645
0.7,0.7184321512324956,0.06212365184496054,0.6197711059420471,0.048643039809987645
0.8,0.4632336034623883,0.12683481631427984,0.46634241954362016,0.035219895831528535
0.9,0.39842406976903394,0.007541615391697323,0.41209712462352,0.018594076592674917
