,train_ML_rmse_mean,train_ML_rmse_std,test_ML_rmse_mean,test_ML_rmse_std
0.1,12.923772336723639,0.188075028903302,12.997037591940355,0.6420051140775659
0.2,13.198090613106285,0.14412804732526738,13.473113567484281,0.7697628241819627
0.3,14.27095089566337,0.16575902835660317,14.340625656481851,0.6462382719101002
0.4,14.210370540284378,0.21476174498098632,14.381884897969064,0.6835138602295777
0.5,15.282203622223154,0.1912298452310671,15.352939332378565,0.37144538235602276
0.6,15.924323974282924,0.2316016540897614,16.10730626567508,0.6222536501836708
0.7,15.89847093717645,0.1793038495121526,15.961366505779335,0.6586293252703123
0.8,16.41246495737645,0.1177902223960422,16.9680823046576,0.9263159630685481
0.9,16.736772260406973,0.12275652183863808,17.65859785409756,1.2972315629443891
