,train_ML_f1_mean,train_ML_f1_std,test_ML_f1_mean,test_ML_f1_std
0.1,0.2971063063052183,0.08327944589766144,0.42294185921615524,0.01362278479091488
0.2,0.3747750841519621,0.09284474517770057,0.4587092105660104,0.027836278417179495
0.3,0.37490841042512923,0.020628049317795376,0.45645410566449485,0.03153442815712091
0.4,0.3451672940411256,0.06551000384790993,0.46858126821855384,0.02971635857311954
0.5,0.33023362993593564,0.06813952154686746,0.49118569685306657,0.03314007290869698
0.6,0.30316014996655355,0.058749913895820724,0.4357812828343661,0.0252914568847998
0.7,0.25531162048632194,0.011606860949472098,0.4692002265293298,0.03377478066636931
0.8,0.25366987915971223,0.00984130728080953,0.4655802326497532,0.023614890122470075
0.9,0.2516238389260156,0.010520363640977979,0.46044775096808516,0.04148797893076933
