,train_rmse_mean,train_rmse_std,train_mae_mean,train_mae_std,test_rmse_mean,test_rmse_std,test_mae_mean,test_mae_std
0.1,0.6322533,0.010088559,0.6238671,0.010153122,0.6353098,0.026120238,0.62682706,0.02692925
0.2,0.5877651,0.011212575,0.5681566,0.0105507495,0.59436446,0.02030607,0.57743406,0.023953093
0.3,0.62727606,0.00725993,0.6091689,0.0072977273,0.61419797,0.017763885,0.595662,0.023342378
0.4,0.4877519,0.005277243,0.42669678,0.007124034,0.4999999,0.012535575,0.43971133,0.01061277
0.5,0.6246562,0.012631563,0.5924181,0.012090074,0.6269059,0.017769406,0.59627897,0.024261031
0.6,0.60529137,0.012016705,0.5535744,0.01240587,0.60249424,0.036420174,0.55054855,0.035554472
0.7,0.571163,0.010577308,0.52409756,0.009779125,0.5703517,0.022530694,0.5232875,0.02387048
0.8,0.5939497,0.0094651235,0.54157084,0.009486958,0.5914891,0.029279873,0.54134184,0.029736063
