,train_ML_rmse_mean,train_ML_rmse_std,test_ML_rmse_mean,test_ML_rmse_std
0.1,11.70832826411727,0.33419963881724946,11.486771723312028,1.6069897661201327
0.2,12.885256464947156,0.21720507943576917,12.702703311402058,1.667401753693007
0.3,11.851235471079288,0.3595041739494698,11.50257869907032,1.7005346930665006
0.4,15.387773844107244,0.3572766693112118,15.187553694045132,1.6687905639879266
0.5,11.473110060827555,0.29274201246522347,11.245377346149336,1.671178548999295
0.6,11.122314920971087,0.3230249934065173,10.819385981135513,1.6271196465706603
0.7,17.231732596493607,0.4777798331150622,16.781346458490507,1.6332494670939361
0.8,11.03640318769007,0.39764655784467207,10.676899877679332,1.5188795665187493
