,train_rmse_mean,train_rmse_std,train_mae_mean,train_mae_std,test_rmse_mean,test_rmse_std,test_mae_mean,test_mae_std
0.3,0.37501487,0.062180646,0.34917477,0.052658025,0.37569922,0.06365189,0.34965292,0.053181216
0.5,0.36196128,0.033412147,0.29550618,0.025912391,0.36317953,0.035767473,0.29641935,0.027688894
0.7,0.3414885,0.06302873,0.24155371,0.042512253,0.3416871,0.06451732,0.2418603,0.043879103
