,train_ML_rmse_mean,train_ML_rmse_std,test_ML_rmse_mean,test_ML_rmse_std
0.1,0.6999370976920933,0.003926517725938053,0.726132413984482,0.011639990424197706
0.2,0.719559744122584,0.003023146021168763,0.7435474517852623,0.012109956024169715
0.3,0.7452865328735874,0.0042295130862570075,0.7710121962818045,0.015305661062237599
0.4,0.7618331262474012,0.005830769674966167,0.7864665781268652,0.01411001906534652
0.5,0.7724439781961043,0.002905979425777546,0.7892936064345462,0.008555699986376451
0.6,0.7978876099257619,0.004811589503470907,0.8189082889230566,0.014634512422033398
0.7,0.8297467827752287,0.004669344854772538,0.8422068722041056,0.014847019386950376
0.8,0.8417203749699572,0.004091181403007652,0.8533696165153101,0.013433030751445344
0.9,0.8699961385778169,0.00456629008807839,0.8745628950251634,0.016978388522611014
