,train_ML_rmse_mean,train_ML_rmse_std,test_ML_rmse_mean,test_ML_rmse_std
0.1,12.595958352893245,1.5153637138120852,12.0405380627862,1.382927017864741
0.2,13.030430710060307,1.9898161736267608,13.296991604372408,2.3174528211472265
0.3,12.71080580200112,1.5674530726741867,12.064877131974532,1.3631181599989954
0.4,14.664359063363019,1.6653342466880057,16.382544859761023,1.2612840842639292
0.5,12.726411751461695,1.6085427522278917,12.010761542106076,1.2970753292721755
0.6,13.185637222503795,1.624700939414621,12.031759424027497,1.3659255637788097
0.7,15.118665809718829,1.6145210999166901,16.974476529534833,1.1594972487665438
0.8,13.069287041832908,1.5594559701174977,12.096070096436263,1.2866260041998974
