,train_ML_rmse_mean,train_ML_rmse_std,test_ML_rmse_mean,test_ML_rmse_std
0.1,10.990792199135706,1.1706295836923228,15.581330245524532,0.6729711540491568
0.2,11.895828855788867,2.112946559338496,17.940367451885898,2.092278992416023
0.3,10.882210151606202,1.3349682213357892,15.596649395633548,0.7022468542043864
0.4,13.556661612000706,1.7182026934313455,23.383038704765468,0.6127177731454818
0.5,10.880150350022774,1.3129667185019218,15.538919904090852,0.7697241801900702
0.6,10.88105442440859,1.3437054493362703,15.557640745143175,0.7512928951200372
0.7,15.186928009106333,1.4155746502906486,23.83241447603125,0.889529545566433
0.8,10.888293282860506,1.3176850714511694,15.573495351836684,0.6876627655497799
