,train_ML_rmse_mean,train_ML_rmse_std,test_ML_rmse_mean,test_ML_rmse_std
0.1,0.6459836948455598,0.004927424711467495,0.6503227683019625,0.017959235313542373
0.2,0.6479916711491162,0.004662650803293592,0.6530620023154657,0.019646997116787628
0.3,0.6467523780678934,0.004656837036686087,0.650124751031623,0.019032191965226
0.4,0.6460389111586541,0.004942387036807019,0.6494401489042395,0.018991370835050304
0.5,0.6582633461768567,0.0040875882400298,0.6689209082483419,0.016341640762147495
0.6,0.6610330485339094,0.005560201911994439,0.6654823582116867,0.020215765391465162
0.7,0.6600752361737325,0.005436812375347699,0.6642023658529078,0.020934860396144606
0.8,0.6571009324307866,0.005012168684838791,0.6644295778977279,0.018291017861328588
