,train_ML_rmse_mean,train_ML_rmse_std,test_ML_rmse_mean,test_ML_rmse_std
0.1,0.6590001614274886,0.012222946133016126,0.6675907284746365,0.024544910462086452
0.2,0.6726392171488096,0.00986141397908409,0.6792826768324397,0.02703752915185051
0.3,0.6612752487726743,0.011858100679553521,0.6678396857740628,0.024731700579620215
0.4,0.6691652602972626,0.014865286635316416,0.6713366788197093,0.021280613845386147
0.5,0.6807676333517578,0.008611319476316152,0.6916198472149396,0.02251815070004753
0.6,0.6901857038171453,0.0046558995163628715,0.6998744148180243,0.0178736928427376
0.7,0.6971046051850449,0.00624233365724773,0.7053407848442679,0.024719996563616273
0.8,0.6828524868497106,0.00745170182938447,0.7085885246968615,0.019795579733897714
