,train_ML_f1_mean,train_ML_f1_std,test_ML_f1_mean,test_ML_f1_std
0.1,0.8122695185542387,0.00851111188337083,0.8082832195404908,0.042625340422039915
0.2,0.8092118910295272,0.010436018357852841,0.8002212299655937,0.04819529586203952
0.3,0.7917128870397898,0.010129276608390426,0.7886675270783379,0.04364779254499382
0.4,0.7794086188077893,0.00894937474598402,0.7717443389626741,0.053379755363746714
0.5,0.7787239576682815,0.018652066455907404,0.7759020366506281,0.04180764161124781
0.6,0.7504973191406527,0.015788008454454678,0.7528636709582984,0.03811687896019916
0.7,0.7202036760545042,0.016961689478963878,0.7159813741238971,0.027080674170957518
0.8,0.6768181345975611,0.01942335583445449,0.6766792013847762,0.042223213750223684
0.9,0.5531220661498792,0.024935097666524162,0.5579338620831816,0.0405768719300835
