,train_ML_rmse_mean,train_ML_rmse_std,test_ML_rmse_mean,test_ML_rmse_std
0.1,14.491028151013444,0.7708284149572865,12.999965666640557,0.9018639813424421
0.2,11.845230282147806,0.3282598537439461,12.327840099663643,0.32166859239819817
0.3,15.380231776885697,0.6780953145063864,14.461957470256824,0.5247192089942379
0.4,16.161116725353452,0.8279737224827898,17.99146904468378,1.1781071760032134
0.5,15.014397514883731,0.694181438293644,14.684568869813878,0.7350404427458792
0.6,15.304245969194167,0.6131610766566501,16.248908511371393,0.9611196583570396
0.7,16.347353959136335,0.5968429970182426,18.27955633454562,0.4865181099476555
0.8,16.505252147910504,0.6511282866649518,15.447707755649466,0.5320193121085266
