,train_ML_f1_mean,train_ML_f1_std,test_ML_f1_mean,test_ML_f1_std
0.1,0.9487022132914283,0.015410493850912987,0.8171438301648781,0.0247731937407485
0.2,0.9323121837605909,0.015257067228531332,0.8045036316139853,0.035366361035251245
0.3,0.9392735258491312,0.016130781717863574,0.8142635272335268,0.06432230799747457
0.4,0.8949069011867259,0.01615345470785386,0.7395991140238387,0.08155563120915492
0.5,0.8836635766628861,0.013814197564856228,0.7375007609237075,0.056756698404373584
0.6,0.8744660528697106,0.015206434870379246,0.7303017149996606,0.11640764544851968
0.7,0.8669746272373736,0.011480197077597207,0.6688606753053878,0.08295640525652741
0.8,0.7116413387829782,0.024461331473851277,0.5427175356215553,0.1133842850547031
0.9,0.6242090790183792,0.03949374243490796,0.3959410155062329,0.0713398828720263
