,train_ML_f1_mean,train_ML_f1_std,test_ML_f1_mean,test_ML_f1_std
0.1,0.8529244177518327,0.019303946904345795,0.7495797503485718,0.07521621998115388
0.2,0.845168341466932,0.013775912193078098,0.72162561302567,0.05746018892886831
0.3,0.8461359235713937,0.009468871651700971,0.7711035969891646,0.08465194395230893
0.4,0.8404106700007367,0.016474582037757132,0.7297738316087633,0.10758776945849906
0.5,0.7980281126026015,0.014249692648892904,0.7418480539530415,0.04080455224236485
0.6,0.7896918591055672,0.010199206953183559,0.7184064801588331,0.0625023786980875
0.7,0.766100541988249,0.0275726425719203,0.670559244992018,0.05911106427732364
0.8,0.6723646340767659,0.014556645910144357,0.4982052771923593,0.11067880770787396
0.9,0.6210576828581218,0.024952730592218954,0.45553882683433233,0.07058432533044227
