,train_ML_rmse_mean,train_ML_rmse_std,test_ML_rmse_mean,test_ML_rmse_std
0.1,14.675624970775862,0.32238567933193607,14.652677783623677,0.37877104002775464
0.2,15.217688726786667,0.35262854946289035,15.216999118826553,0.4722548001173535
0.3,15.873444058608953,0.23039828619809327,15.856383852111861,0.46832534374415913
0.4,15.990998052071017,0.2589848975557407,16.019259231619962,0.639650618410783
0.5,16.46582001904153,0.09478562506091191,16.437506765656234,0.4472385682409079
0.6,16.39411757817827,0.1661434182359378,16.363592491580892,0.42842653132655656
0.7,16.556379987356692,0.09681244507608971,16.5072142073563,0.6987284032340604
0.8,16.49458092409825,0.15192769460759242,16.338211011143866,0.5142605967428991
0.9,16.607202817291878,0.2968501193834003,16.62940330787162,0.4726426260972222
