,train_ML_rmse_mean,train_ML_rmse_std,test_ML_rmse_mean,test_ML_rmse_std
0.1,12.51117208715649,0.35013986742539127,12.568006549241165,0.44811217766754724
0.2,12.831806088016188,0.34112124781953224,12.887430905718162,0.5433401730307459
0.3,13.676254780399029,0.2760057502225604,13.797626585307333,0.4758155835913145
0.4,14.184003280639015,0.6670276205891779,14.467626081598436,0.7547060963909676
0.5,15.17962686804276,0.129304359113343,15.1719919004893,0.5290331209864614
0.6,15.722324770991818,0.3282398272699348,15.817103960404065,0.4426693513587736
0.7,15.998401133112191,0.18916660715724895,16.013959485538543,0.5400570706174498
0.8,15.92065069242823,0.19546526156038382,15.844337455846158,0.5649148535664761
0.9,16.56431355721109,0.20868875679080728,16.547998177664468,0.5064035728851332
