,train_rmse_mean,train_rmse_std,train_mae_mean,train_mae_std,test_rmse_mean,test_rmse_std,test_mae_mean,test_mae_std
0.1,0.15489928,0.005944016,0.10393538,0.004022684,0.15203427,0.0153152235,0.10358678,0.0073820646
0.2,0.18396054,0.0050820764,0.13269782,0.0046214904,0.18494543,0.014088537,0.13200238,0.0067736665
0.3,0.18208222,0.002397706,0.1364165,0.0023777143,0.18496557,0.008638524,0.13750549,0.005402497
0.4,0.20295355,0.004346219,0.15064405,0.0035595128,0.20429654,0.009610532,0.15099172,0.006405481
0.5,0.21155743,0.002619178,0.16362807,0.001880084,0.21026358,0.006433726,0.16198274,0.0048842514
0.6,0.20501749,0.0032243398,0.15821278,0.0019655228,0.20578912,0.006636781,0.1591428,0.0040110997
0.7,0.22772388,0.0037744483,0.17657268,0.0026637027,0.22725084,0.0038319342,0.17604649,0.0033988364
0.8,0.23595735,0.0066428236,0.18806477,0.005360799,0.23602137,0.008810386,0.18864056,0.0062884702
0.9,1.3158426,0.659419,0.86889714,0.46740514,1.3114685,0.6518179,0.86634505,0.4628405
