,train_ML_rmse_mean,train_ML_rmse_std,test_ML_rmse_mean,test_ML_rmse_std
0.1,0.673147021191854,0.0019142688087649292,0.67530700762271,0.0072479861899514015
0.2,0.6784966118915797,0.0017663007300291874,0.680560976431393,0.0066776147443985984
0.3,0.6783267827497859,0.0018888143548644782,0.6805487438567766,0.007285541610110765
0.4,0.6751816956505134,0.0018509254648485256,0.6773134978040151,0.006695047243713443
0.5,0.682531751741227,0.002060136452415952,0.6846969991309131,0.007141708289257158
0.6,0.8768432082709511,0.003642930772925617,0.879091129710839,0.011541898414416258
0.7,0.870707408605559,0.0029233353465898102,0.8729084431084916,0.009788709311523551
0.8,0.9044200767605469,0.0036632565235965187,0.9091714039156154,0.009093652140692509
