,train_ML_rmse_mean,train_ML_rmse_std,test_ML_rmse_mean,test_ML_rmse_std
0.1,0.43385662003228537,0.0013742799827907142,0.5648650365051758,0.0069769762190247655
0.2,0.4368051662075151,0.0014017836067273977,0.5675685661426393,0.005616608505000888
0.3,0.43613847540636164,0.0010912113859599944,0.5663095390337756,0.0049298956729211954
0.4,0.4398166346782424,0.0014787440806734988,0.576030576640351,0.007038548727444404
0.5,0.4426064899904233,0.0017677784869078424,0.5755253440105126,0.0068892885619105705
0.6,0.5359776623897617,0.001843802348685523,0.6681196829565033,0.008268514571201658
0.7,0.5331168514769843,0.0011715153042589268,0.6716513065476745,0.007410318796071299
0.8,0.48835267766952206,0.0010272774838899921,0.6090312512898841,0.009131332164072603
