,train_ML_rmse_mean,train_ML_rmse_std,test_ML_rmse_mean,test_ML_rmse_std
0.1,0.8443399508945237,0.07522465953660404,0.8359041905142359,0.04572541427502022
0.2,0.8372699063842599,0.04954773853679411,0.8359041905142359,0.04572541427502022
0.3,0.8607289931454882,0.08447522989079914,0.8359041905142359,0.04572541427502022
0.4,0.8256344228213031,0.04288017375285918,0.8359041905142359,0.04572541427502022
0.5,0.82441362357943,0.05369772616001095,0.8359041905142359,0.04572541427502022
0.6,0.8236502943029403,0.034198057274687284,0.8359041905142359,0.04572541427502022
0.7,0.8187156695565643,0.0270860668742387,0.8359041905142359,0.04572541427502022
0.8,0.8086297449918355,0.0296025812507639,0.8359041905142359,0.04572541427502022
