,train_ML_rmse_mean,train_ML_rmse_std,test_ML_rmse_mean,test_ML_rmse_std
0.1,0.806677582412146,0.02893850236464828,11533106.34031002,392171.34178776393
0.2,0.8067531352456385,0.029100088716274775,11225825.935169581,281283.78605436406
0.3,0.8082497290535026,0.02911493569671069,11429317.413881684,388631.5585858195
0.4,0.8094610728147421,0.03029416387867464,11523735.675633077,292686.2104651394
0.5,0.8080753920845913,0.029897566448580444,10993939.114700282,309750.29205255135
0.6,0.8122471199919182,0.03089557437698339,10559978.674551459,112945.78238864623
0.7,0.8093148484131737,0.029580235405559208,10292869.173162568,160319.4884602329
0.8,0.8086121745166753,0.02941894825940663,10541834.354146576,286464.0867871045
