,train_ML_rmse_mean,train_ML_rmse_std,test_ML_rmse_mean,test_ML_rmse_std
0.1,0.629591530281562,0.00849437356873624,0.6563635939737675,0.010942953797883431
0.2,0.6300884340746482,0.004607494278556363,0.6938326097971043,0.013435240752973749
0.3,0.6477143407438264,0.005947414509251087,0.7751159025525667,0.007997641799624686
0.4,0.6613813385501797,0.006831619265070036,0.8417478965237638,0.01033397508571993
0.5,0.6915027621390778,0.013329879492923155,0.9388426244175936,0.03242207225578901
0.6,0.7215132342566346,0.0189743575238864,1.0479762483671746,0.01349559185377154
0.7,0.7674827135160265,0.024901260038607213,1.129961499976679,0.022876312292523304
0.8,0.7944805270298179,0.017104616386765945,1.2661391817364724,0.05542624508299896
0.9,0.9750918798103374,0.034432401465148914,1.4523407004343731,0.16130988987473724
