,train_ML_rmse_mean,train_ML_rmse_std,test_ML_rmse_mean,test_ML_rmse_std
0.1,0.6749946096584901,0.007048981026318895,0.7012015858410298,0.008534812974763327
0.2,0.6770075164505773,0.006700378232722233,0.7259347355627852,0.010342530495241064
0.3,0.6797618398493388,0.007419110737587591,0.7948527730799073,0.011544431659548523
0.4,0.6918436734640052,0.00884796955409054,0.8480266349825673,0.006246735104019788
0.5,0.7056029300197393,0.008274815636455398,0.931766176635912,0.01806150557054098
0.6,0.7315608775259481,0.019210462531609223,1.0443334471746053,0.015793850434088905
0.7,0.7510190983653018,0.009152299704662201,1.1236813237326233,0.025221600485264565
0.8,0.7662011455444743,0.018370268616842232,1.1784562755688859,0.013758633084237071
0.9,0.9340611543656967,0.06950871504697967,1.3399693671559383,0.08516205831069491
