,train_ML_f1_mean,train_ML_f1_std,test_ML_f1_mean,test_ML_f1_std
0.1,0.7624691613855701,0.04054747075904284,0.8453968471775184,0.027269351698835983
0.2,0.7594017773186247,0.02365275321991647,0.781737336527285,0.06234676758804665
0.3,0.7788748391968974,0.060382820393443185,0.8201636936623995,0.06057211249978867
0.4,0.755878161312372,0.06506846082707322,0.8152744078992693,0.05666625461828139
0.5,0.7451628842805313,0.029565850553050464,0.5956581598551416,0.07915271364371086
0.6,0.5976991423668322,0.061848119115214324,0.7062288098632636,0.07115420950663014
0.7,0.5832503699905103,0.10178090133736413,0.7463364688231714,0.05175018711364451
0.8,0.623801371283788,0.10598301442034853,0.6243164983741447,0.12996419218466884
