,train_ML_f1_mean,train_ML_f1_std,test_ML_f1_mean,test_ML_f1_std
0.1,0.7596708849992204,0.03306510408097818,0.7812626520029651,0.0332615026262577
0.2,0.7623156888137218,0.062497272710744345,0.7873498459970136,0.049213825751914915
0.3,0.7541952724865065,0.07414773800441204,0.7854085431733372,0.04955031792074765
0.4,0.7313604229828978,0.04389527818504442,0.7469269542879955,0.03775584498784392
0.5,0.6864578296533562,0.07611275101740898,0.5679457144163027,0.07871314533617549
0.6,0.7415545240520502,0.052773519336827016,0.7210327725696786,0.025753975788039386
0.7,0.7223658548358778,0.05168905460669222,0.7281007813813624,0.06674625725971162
0.8,0.6661049817072973,0.10296078866807837,0.5037944489205157,0.05931288788997373
