,train_ML_f1_mean,train_ML_f1_std,test_ML_f1_mean,test_ML_f1_std
0.1,0.8588198364267976,0.010147180531409415,0.8433712581871273,0.025030183186074913
0.2,0.8361793577564185,0.009393172240572368,0.8264265891641316,0.020975943036973053
0.3,0.8390162616036783,0.013892885314661029,0.8106551621484039,0.03675208257647035
0.4,0.8374084502381445,0.010654172916893398,0.8151153766522492,0.042214660530591065
0.5,0.842040583077733,0.007031116109890014,0.8106141463373806,0.03153989671766722
0.6,0.8054891240992976,0.003509283031280281,0.7535926600441188,0.04755591333442639
0.7,0.7695368440263395,0.006136346484363994,0.6895899367509066,0.04259886273315494
0.8,0.7337112173365032,0.016698635510887724,0.591150914160534,0.08445646024617542
0.9,0.6444705463828554,0.030609892485180663,0.5308035465946201,0.09056136935805442
