,train_rmse_mean,train_rmse_std,train_mae_mean,train_mae_std,test_rmse_mean,test_rmse_std,test_mae_mean,test_mae_std
0.1,0.10791353,0.03819926,0.055380516,0.02953377,0.088495396,0.0070362557,0.036750644,0.003078678
0.2,0.13256377,0.0027850938,0.074870795,0.0012878473,0.09318334,0.010672872,0.03859511,0.0041179857
0.3,0.12469832,0.026195277,0.06587011,0.020782907,0.10484942,0.00514222,0.043383926,0.0028965361
0.4,0.09259668,0.0022861294,0.037199248,0.00035446393,0.11615515,0.007625883,0.049554568,0.0016086933
0.5,0.0887963,0.0034842466,0.039393835,0.0010743784,0.112161316,0.008873256,0.050587572,0.0031494608
0.6,0.09667738,0.0015378009,0.044392716,0.00058929005,0.11404302,0.010856583,0.05348481,0.004534069
0.7,0.11682801,0.009447149,0.0519001,0.0027716868,0.15196536,0.0047370675,0.06977819,0.0031428195
0.8,0.1416917,0.018266492,0.06499467,0.0068338187,0.15601751,0.0098078055,0.0755744,0.003177923
0.9,0.15858816,0.015344298,0.082096085,0.00856986,0.17302188,0.011873371,0.09303708,0.007871979
