,train_ML_rmse_mean,train_ML_rmse_std,test_ML_rmse_mean,test_ML_rmse_std
0.1,0.7394859008654395,0.005188977711558028,0.7425962461574123,0.011916443783632071
0.2,0.7394210730132715,0.004709609716688129,0.7437576179680094,0.016822476492793566
0.3,0.7616432362559492,0.010129128643375625,0.768794062167095,0.017548967852207487
0.4,0.7550245320576976,0.005706702174332614,0.7594735980453142,0.01619257341154257
0.5,0.7576588280037414,0.008044107638953484,0.7592165094960729,0.014411578664305483
0.6,0.7755683707284653,0.006294799080917663,0.7793110599047628,0.007937091992059001
0.7,0.753558818792811,0.02320044390623036,0.7509626783976362,0.010072513945412047
0.8,0.80999756805709,0.009425236532677642,0.8121780347190605,0.026287896699931673
