,train_rmse_mean,train_rmse_std,train_mae_mean,train_mae_std,test_rmse_mean,test_rmse_std,test_mae_mean,test_mae_std
0.1,0.074832514,0.0023330837,0.05987553,0.001557475,0.07549419,0.0043325517,0.060209684,0.002126814
0.2,0.08348655,0.0036255755,0.06199956,0.0049193553,0.08482489,0.0041633844,0.0625553,0.0053965007
0.3,0.091438755,0.004073921,0.08002752,0.005544042,0.09180189,0.0044657905,0.08049707,0.0054986887
0.4,0.09745149,0.006453242,0.08631666,0.0071136006,0.097224765,0.006515822,0.086050645,0.0075036767
0.5,0.12089644,0.009564766,0.10576614,0.01052141,0.12095801,0.009681369,0.105884455,0.0105094155
0.6,0.1389508,0.007950685,0.11686753,0.008000067,0.13958654,0.0074663544,0.117318474,0.0067567285
0.7,0.12302301,0.007761503,0.105634,0.008058616,0.1229522,0.007121734,0.10547628,0.0075294063
0.8,0.16278148,0.0043053236,0.13421765,0.005716149,0.16298978,0.0050736875,0.13441539,0.00606872
