,train_ML_rmse_mean,train_ML_rmse_std,test_ML_rmse_mean,test_ML_rmse_std
0.1,0.7680344060112416,0.012125612036267098,0.764461902889425,0.00888747298199701
0.2,0.782824253029269,0.008473749174225225,0.7824700674666858,0.013493782102332605
0.3,0.7917500671919582,0.010721992459391589,0.7909538543902033,0.0199163931843454
0.4,0.7855154418850847,0.006831584402488798,0.784211382951854,0.021508550035149464
0.5,0.7868434813673733,0.006386613547146293,0.7816462875703261,0.013596470578135506
0.6,0.810238857198,0.0055496367850168035,0.8105222348148452,0.017728517225443465
0.7,0.7956604144863102,0.015834730786826613,0.7904659327765946,0.01149986607821362
0.8,0.8396820167476367,0.011263196341336372,0.8397221725952146,0.02290782850195367
