,random,zero,mean,knn,mice,XGB,missforest,mf,hyper,gain,notmiwae,miwae,tabcsdi,ot
0.1,0.66859,0.64222,0.75149,0.72378,0.75149,0.74672,0.74073,0.73690,0.75418,0.72647,0.47769,0.47769,0.52019,0.75033
0.2,0.52464,0.54603,0.59400,0.59000,0.59400,0.56653,0.60610,0.57073,0.64325,0.60890,0.47769,0.47769,0.49907,0.57073
0.3,0.49254,0.47667,0.59138,0.56310,0.59138,0.56721,0.57157,0.60004,0.57946,0.52314,0.47769,0.47769,0.53508,0.57266
0.4,0.49128,0.47769,0.47617,0.47563,0.47564,0.47155,0.47718,0.47769,0.47564,0.49202,0.47769,0.47769,0.50375,0.47616
0.5,0.47414,0.54215,0.53764,0.47518,0.49279,0.51650,0.49735,0.54059,0.47303,0.53480,0.47769,0.47769,0.51036,0.56194
0.6,0.47719,0.47620,0.47769,0.47769,0.47719,0.47716,0.47769,0.49191,0.47716,0.47769,0.47769,0.47769,0.50664,0.47716
0.7,0.47769,0.47718,0.54832,0.47668,0.56929,0.52695,0.47769,0.53340,0.47716,0.47769,0.47769,0.47769,0.47693,0.47664
0.8,0.47769,0.47769,0.47769,0.47769,0.47769,0.47568,0.47769,0.47769,0.47769,0.47567,0.47769,0.47769,0.49000,0.47769
0.9,0.47719,0.47364,0.47769,0.47769,0.49512,0.47769,0.47769,0.47769,0.47769,0.47301,0.47769,0.47769,0.50948,0.47769
