,random,zero,mean,knn,mice,XGB,missforest,mf,hyper,gain,notmiwae,miwae,tabcsdi,ot
0.1,0.40722 ± 0.021,0.57802 ± 0.013,0.29498 ± 0.009,0.35369 ± 0.006,0.29504 ± 0.009,0.30530 ± 0.009,0.29828 ± 0.008,0.30570 ± 0.013,0.30355 ± 0.014,0.37072 ± 0.015,0.29980 ± 0.010,0.30044 ± 0.008,0.35948 ± 0.019,0.31110 ± 0.009
0.2,0.41088 ± 0.008,0.57560 ± 0.016,0.29179 ± 0.004,0.36138 ± 0.015,0.29195 ± 0.004,0.31429 ± 0.007,0.30295 ± 0.006,0.30432 ± 0.006,0.29901 ± 0.005,0.35891 ± 0.011,0.29897 ± 0.005,0.29905 ± 0.005,0.37603 ± 0.010,0.31246 ± 0.006
0.3,0.40625 ± 0.012,0.57104 ± 0.008,0.28889 ± 0.004,0.35837 ± 0.012,0.28915 ± 0.004,0.39826 ± 0.020,0.31172 ± 0.007,0.30385 ± 0.008,0.29899 ± 0.005,0.34018 ± 0.003,0.29823 ± 0.008,0.29462 ± 0.004,0.37324 ± 0.007,0.30628 ± 0.006
0.4,0.41360 ± 0.003,0.58338 ± 0.012,0.29173 ± 0.006,0.36367 ± 0.010,0.30656 ± 0.024,0.49214 ± 0.020,0.32010 ± 0.005,0.30988 ± 0.008,0.32055 ± 0.023,0.33410 ± 0.007,0.29718 ± 0.006,0.29740 ± 0.007,0.37343 ± 0.008,0.30703 ± 0.007
0.5,0.41206 ± 0.004,0.58126 ± 0.010,0.29341 ± 0.002,0.36279 ± 0.004,0.35452 ± 0.006,0.48705 ± 0.009,0.33301 ± 0.007,0.31537 ± 0.005,0.34451 ± 0.022,0.34652 ± 0.010,0.30044 ± 0.003,0.29968 ± 0.003,0.36942 ± 0.005,0.31129 ± 0.003
0.6,0.41107 ± 0.008,0.57818 ± 0.008,0.29160 ± 0.003,0.36282 ± 0.006,0.33548 ± 0.010,0.43376 ± 0.030,0.34791 ± 0.003,0.30924 ± 0.005,0.33911 ± 0.020,0.38677 ± 0.013,0.30075 ± 0.002,0.29725 ± 0.003,0.36902 ± 0.003,0.30752 ± 0.003
0.7,0.40793 ± 0.006,0.57661 ± 0.005,0.29299 ± 0.002,0.35414 ± 0.006,0.33237 ± 0.004,0.41224 ± 0.020,0.36153 ± 0.005,0.31591 ± 0.007,0.35160 ± 0.010,0.41023 ± 0.017,0.30549 ± 0.003,0.30127 ± 0.003,0.36928 ± 0.004,0.30889 ± 0.003
0.8,0.40741 ± 0.007,0.57648 ± 0.005,0.29107 ± 0.002,0.35247 ± 0.005,0.32856 ± 0.003,0.36694 ± 0.008,0.37847 ± 0.005,0.32059 ± 0.007,0.35666 ± 0.008,0.47384 ± 0.021,0.31122 ± 0.007,0.29740 ± 0.002,0.36842 ± 0.003,0.31546 ± 0.004
0.9,0.40311 ± 0.007,0.57814 ± 0.007,0.29343 ± 0.004,0.34114 ± 0.008,375.21924 ± 684.210,0.35562 ± 0.013,0.38427 ± 0.008,0.32140 ± 0.006,0.35224 ± 0.009,0.57513 ± 0.006,0.71580 ± 0.057,0.30212 ± 0.004,0.36878 ± 0.004,0.32191 ± 0.006
