,random,zero,mean,knn,mice,XGB,missforest,mf,hyper,gain,notmiwae,miwae,tabcsdi,ot
0.1,0.40722,0.57802,0.29498,0.35369,0.29504,0.3053,0.29828,0.3057,0.30355,0.37072,0.2998,0.30044,0.35948,0.3111
0.2,0.41088,0.5756,0.29179,0.36138,0.29195,0.31429,0.30295,0.30432,0.29901,0.35891,0.29897,0.29905,0.37603,0.31246
0.3,0.40625,0.57104,0.28889,0.35837,0.28915,0.39826,0.31172,0.30385,0.29899,0.34018,0.29823,0.29462,0.37324,0.30628
0.4,0.4136,0.58338,0.29173,0.36367,0.30656,0.49214,0.3201,0.30988,0.32055,0.3341,0.29718,0.2974,0.37343,0.30703
0.5,0.41206,0.58126,0.29341,0.36279,0.35452,0.48705,0.33301,0.31537,0.34451,0.34652,0.30044,0.29968,0.36942,0.31129
0.6,0.41107,0.57818,0.2916,0.36282,0.33548,0.43376,0.34791,0.30924,0.33911,0.38677,0.30075,0.29725,0.36902,0.30752
0.7,0.40793,0.57661,0.29299,0.35414,0.33237,0.41224,0.36153,0.31591,0.3516,0.41023,0.30549,0.30127,0.36928,0.30889
0.8,0.40741,0.57648,0.29107,0.35247,0.32856,0.36694,0.37847,0.32059,0.35666,0.47384,0.31122,0.2974,0.36842,0.31546
0.9,0.40311,0.57814,0.29343,0.34114,375.21924,0.35562,0.38427,0.3214,0.35224,0.57513,0.7158,0.30212,0.36878,0.32191
