,mean,knn,mice,XGB,missforest,mf,gain,mcflow,notmiwae,miwae,tabcsdi
0.1,0.29498 ± 0.009,0.35369 ± 0.006,0.29504 ± 0.009,0.30530 ± 0.009,0 ± 0,0.30570 ± 0.013,0.37072 ± 0.015,0 ± 0,0 ± 0,0 ± 0,0 ± 0
0.2,0.29179 ± 0.004,0.36138 ± 0.015,0.29195 ± 0.004,0.31429 ± 0.007,0 ± 0,0.30432 ± 0.006,0.35891 ± 0.011,0 ± 0,0 ± 0,0 ± 0,0 ± 0
0.3,0.28889 ± 0.004,0.35837 ± 0.012,0.28915 ± 0.004,0.39826 ± 0.020,0 ± 0,0.30385 ± 0.008,0.34018 ± 0.003,0 ± 0,0 ± 0,0 ± 0,0 ± 0
0.4,0.29173 ± 0.006,0.36367 ± 0.010,0.30656 ± 0.024,0.49214 ± 0.020,0 ± 0,0.30988 ± 0.008,0.33410 ± 0.007,0 ± 0,0 ± 0,0 ± 0,0 ± 0
0.5,0.29341 ± 0.002,0.36279 ± 0.004,0.35452 ± 0.006,0.48705 ± 0.009,0 ± 0,0.31537 ± 0.005,0.34652 ± 0.010,0 ± 0,0 ± 0,0 ± 0,0 ± 0
0.6,0.29160 ± 0.003,0.36282 ± 0.006,0.33548 ± 0.010,0.43376 ± 0.030,0 ± 0,0.30924 ± 0.005,0.38677 ± 0.013,0 ± 0,0 ± 0,0 ± 0,0 ± 0
0.7,0.29299 ± 0.002,0.35414 ± 0.006,0.33237 ± 0.004,0.41224 ± 0.020,0 ± 0,0.31591 ± 0.007,0.41023 ± 0.017,0 ± 0,0 ± 0,0 ± 0,0 ± 0
0.8,0.29107 ± 0.002,0.35247 ± 0.005,0.32856 ± 0.003,0.36694 ± 0.008,0 ± 0,0.32059 ± 0.007,0.47384 ± 0.021,0 ± 0,0 ± 0,0 ± 0,0 ± 0
0.9,0.29343 ± 0.004,0.34114 ± 0.008,375.21924 ± 684.210,0.35562 ± 0.013,0 ± 0,0.32140 ± 0.006,0.57513 ± 0.006,0 ± 0,0 ± 0,0 ± 0,0 ± 0
