,train_ML_f1_mean,train_ML_f1_std,test_ML_f1_mean,test_ML_f1_std
0.1,0.9454431950670351,0.02102339432559129,0.9406228589156038,0.029786521776583492
0.2,0.8973205903724801,0.009983935985268906,0.8807699520515637,0.027072118083795713
0.3,0.9265073042196059,0.010598127787006464,0.8877631264749823,0.04210870726928696
0.4,0.9046310987955393,0.01423893919264229,0.8496321319804159,0.05277503135122608
0.5,0.8540821889610518,0.03940138939481005,0.5626606230583435,0.09452764957768214
0.6,0.7966471041769234,0.018976913651650527,0.3689660216909892,0.012318875173646087
0.7,0.8566709691174307,0.03512457136844648,0.6507773071673799,0.03515159238982912
0.8,0.681116029995222,0.1307373338176483,0.3568926100957694,0.005555551599308148
