,random,zero,mean,knn,mice,XGB,missforest,mf,hyper,gain,notmiwae,miwae,tabcsdi,ot
0.3,0.45458 ± 0.002,0.24385 ± 0.007,0.13647 ± 0.016,0.13647 ± 0.016,0.13647 ± 0.016,0.13647 ± 0.016,0.13647 ± 0.016,0.18426 ± 0.053,0.22319 ± 0.142,0.34714 ± 0.200,8.37503 ± 0.395,0.20006 ± 0.014,0.15141 ± 0.006,0.25082 ± 0.136
0.5,0.38775 ± 0.002,0.34306 ± 0.002,0.16204 ± 0.004,0.16204 ± 0.004,0.16204 ± 0.004,0.16204 ± 0.004,0.16204 ± 0.004,0.17226 ± 0.025,0.21044 ± 0.090,0.37743 ± 0.055,8.33494 ± 1.071,0.25014 ± 0.052,0.16125 ± 0.002,0.23533 ± 0.084
0.7,0.40243 ± 0.001,0.32987 ± 0.003,0.21613 ± 0.006,0.21613 ± 0.006,0.21613 ± 0.006,0.21613 ± 0.006,0.21613 ± 0.006,0.17891 ± 0.022,0.22834 ± 0.063,0.41005 ± 0.051,8.98462 ± 2.969,0.25444 ± 0.021,0.16986 ± 0.002,0.25081 ± 0.061
