,RD,ZR,Mean,KNN,MF,Mice,MisF,XGB,OT,HI,GAIN,Mi,NMi,CSDI
0.3,0.45458,0.24385,0.13647,0.13647,0.18426,0.13647,0.13647,0.13647,0.25082,0.22319,0.34714,0.20006,8.37503,0.15141
0.5,0.38775,0.34306,0.16204,0.16204,0.17226,0.16204,0.16204,0.16204,0.23533,0.21044,0.37743,0.25014,8.33494,0.16125
0.7,0.40243,0.32987,0.21613,0.21613,0.17891,0.21613,0.21613,0.21613,0.25081,0.22834,0.41005,0.25444,8.98462,0.16986
