,train_ML_f1_mean,train_ML_f1_std,test_ML_f1_mean,test_ML_f1_std
0.1,0.7005372707871824,0.02616362176584625,0.4799803944170157,0.03036674633485102
0.2,0.7005372707871824,0.02616362176584625,0.4799803944170157,0.03036674633485102
0.3,0.7005372707871824,0.02616362176584625,0.4799803944170157,0.03036674633485102
0.4,0.7005372707871824,0.02616362176584625,0.4799803944170157,0.03036674633485102
0.5,0.7005372707871824,0.02616362176584625,0.4799803944170157,0.03036674633485102
0.6,0.7005372707871824,0.02616362176584625,0.4799803944170157,0.03036674633485102
0.7,0.7005372707871824,0.02616362176584625,0.4799803944170157,0.03036674633485102
0.8,0.7005372707871824,0.02616362176584625,0.4799803944170157,0.03036674633485102
0.9,0.7005372707871824,0.02616362176584625,0.4799803944170157,0.03036674633485102
