,random,zero,mean,knn,mice,XGB,missforest,mf,hyper,gain,notmiwae,miwae,tabcsdi,ot
0.1,0.25294,0.26586,0.36016,0.35663,0.35442,0.35328,0.35603,0.36814,0.33993,0.28486,0.14041,0.13430,0.08991,0.34883
0.2,0.18041,0.19277,0.29506,0.27404,0.29970,0.31975,0.29280,0.28193,0.30112,0.20733,0.12650,0.12354,0.08277,0.26795
0.3,0.15367,0.17972,0.25870,0.21243,0.26496,0.28198,0.25582,0.26822,0.24602,0.20008,0.12956,0.11518,0.08308,0.23306
0.4,0.10775,0.17481,0.24238,0.22637,0.22909,0.23437,0.23304,0.23042,0.24107,0.22175,0.11542,0.11221,0.07727,0.21231
0.5,0.09460,0.12971,0.18516,0.15627,0.19014,0.16820,0.17658,0.17644,0.18557,0.14079,0.09810,0.09393,0.08862,0.16330
0.6,0.08987,0.15472,0.20248,0.16144,0.18896,0.16995,0.17409,0.20182,0.17522,0.16884,0.10100,0.08627,0.10031,0.17015
0.7,0.08100,0.10364,0.12800,0.10939,0.13443,0.11329,0.11882,0.12463,0.12055,0.10606,0.08352,0.08934,0.08630,0.10524
0.8,0.08502,0.08338,0.10434,0.09933,0.13119,0.14122,0.12737,0.08333,0.10384,0.09049,0.07076,0.07406,0.08018,0.08898
0.9,0.07988,0.08837,0.06908,0.07371,0.06765,0.07287,0.07098,0.06402,0.07495,0.06148,0.08031,0.06065,0.06804,0.08268
