,random,zero,mean,knn,mice,XGB,missforest,mf,hyper,gain,notmiwae,miwae,tabcsdi,ot
0.1,0.38682 ± 0.047,0.40437 ± 0.072,0.46219 ± 0.080,0.46248 ± 0.060,0.46235 ± 0.077,0.46221 ± 0.077,0.46826 ± 0.068,0.46422 ± 0.077,0.43810 ± 0.086,0.36749 ± 0.072,0.18347 ± 0.022,0.20415 ± 0.027,0.10388 ± 0.011,0.46347 ± 0.070
0.2,0.23157 ± 0.015,0.28081 ± 0.023,0.38852 ± 0.029,0.34795 ± 0.045,0.41014 ± 0.023,0.41463 ± 0.042,0.40127 ± 0.029,0.39459 ± 0.037,0.38451 ± 0.030,0.30913 ± 0.054,0.16391 ± 0.031,0.14914 ± 0.016,0.09570 ± 0.010,0.34936 ± 0.018
0.3,0.19863 ± 0.035,0.31772 ± 0.062,0.34193 ± 0.019,0.30783 ± 0.054,0.33395 ± 0.021,0.34309 ± 0.021,0.35646 ± 0.022,0.34376 ± 0.051,0.33982 ± 0.018,0.28345 ± 0.047,0.14473 ± 0.008,0.15590 ± 0.034,0.09709 ± 0.008,0.32075 ± 0.051
0.4,0.15474 ± 0.009,0.22294 ± 0.020,0.29849 ± 0.020,0.28556 ± 0.018,0.27905 ± 0.029,0.29512 ± 0.023,0.30824 ± 0.024,0.27782 ± 0.016,0.27290 ± 0.029,0.28538 ± 0.048,0.13588 ± 0.007,0.12928 ± 0.014,0.10314 ± 0.012,0.28597 ± 0.030
0.5,0.10517 ± 0.014,0.17940 ± 0.029,0.23047 ± 0.025,0.19578 ± 0.016,0.21210 ± 0.017,0.21053 ± 0.031,0.21572 ± 0.015,0.25082 ± 0.062,0.20654 ± 0.024,0.18503 ± 0.029,0.12137 ± 0.008,0.11513 ± 0.019,0.10065 ± 0.014,0.20723 ± 0.020
0.6,0.09507 ± 0.018,0.17289 ± 0.028,0.23954 ± 0.037,0.21303 ± 0.055,0.24114 ± 0.036,0.24380 ± 0.054,0.22405 ± 0.024,0.23120 ± 0.038,0.21289 ± 0.043,0.19383 ± 0.044,0.12180 ± 0.011,0.12045 ± 0.018,0.09826 ± 0.010,0.20231 ± 0.030
0.7,0.09192 ± 0.011,0.13009 ± 0.029,0.16314 ± 0.012,0.15118 ± 0.032,0.16902 ± 0.022,0.15365 ± 0.033,0.15263 ± 0.018,0.15861 ± 0.021,0.15026 ± 0.031,0.11587 ± 0.017,0.10349 ± 0.008,0.09877 ± 0.012,0.09249 ± 0.011,0.12179 ± 0.022
0.8,0.08733 ± 0.011,0.15058 ± 0.044,0.17584 ± 0.036,0.15942 ± 0.036,0.15980 ± 0.021,0.16817 ± 0.035,0.16225 ± 0.042,0.14620 ± 0.042,0.14387 ± 0.023,0.14606 ± 0.037,0.08607 ± 0.026,0.09177 ± 0.028,0.11723 ± 0.011,0.14670 ± 0.037
0.9,0.08576 ± 0.012,0.09845 ± 0.013,0.07267 ± 0.013,0.08888 ± 0.018,0.07005 ± 0.016,0.08575 ± 0.012,0.08232 ± 0.016,0.07611 ± 0.021,0.07790 ± 0.023,0.06333 ± 0.024,0.08965 ± 0.018,0.05554 ± 0.005,0.09423 ± 0.012,0.07973 ± 0.012
