,random,zero,mean,knn,mice,XGB,missforest,mf,hyper,gain,notmiwae,miwae,tabcsdi,ot
0.1,0.34754,0.40100,0.48995,0.47852,0.47750,0.47931,0.48564,0.49287,0.46211,0.41968,0.20331,0.20909,0.08311,0.47256
0.2,0.19845,0.26130,0.38743,0.35568,0.41973,0.40935,0.42647,0.38676,0.41186,0.32557,0.14155,0.14126,0.08155,0.37267
0.3,0.17140,0.21863,0.33187,0.27841,0.32616,0.34082,0.34545,0.34017,0.34496,0.30559,0.14400,0.14452,0.08170,0.29024
0.4,0.12761,0.22664,0.30414,0.24987,0.27073,0.29197,0.29605,0.29660,0.27083,0.27224,0.12663,0.13053,0.08154,0.27092
0.5,0.09831,0.13177,0.20947,0.16164,0.18955,0.18221,0.18982,0.18711,0.19297,0.17690,0.09138,0.08804,0.08914,0.16952
0.6,0.09203,0.16178,0.22781,0.17391,0.20869,0.16289,0.18528,0.21877,0.18857,0.19044,0.09207,0.07905,0.08610,0.15482
0.7,0.08743,0.11574,0.14500,0.09617,0.13520,0.11543,0.12375,0.13294,0.12989,0.10822,0.07435,0.07098,0.07690,0.09593
0.8,0.07814,0.13475,0.14850,0.09721,0.12828,0.12098,0.13271,0.11175,0.12966,0.09761,0.05664,0.06455,0.07629,0.07849
0.9,0.07989,0.10252,0.06766,0.07133,0.06896,0.05683,0.07331,0.06100,0.07215,0.05423,0.08204,0.05074,0.08234,0.08017
