,mean,knn,mice,gain
0.1,0.10891 ± 0.012,0.12451 ± 0.014,0.09833 ± 0.016,0.11922 ± 0.015
0.2,0.12273 ± 0.007,0.15436 ± 0.003,0.11070 ± 0.008,0.15001 ± 0.013
0.3,0.12146 ± 0.004,0.15894 ± 0.005,0.12273 ± 0.009,0.14757 ± 0.010
0.4,0.11460 ± 0.005,0.14174 ± 0.006,0.14332 ± 0.011,0.14646 ± 0.016
0.5,0.12248 ± 0.006,0.14719 ± 0.006,0.17213 ± 0.046,0.16818 ± 0.020
0.6,0.12125 ± 0.002,0.14250 ± 0.003,0.13917 ± 0.009,0.16189 ± 0.021
0.7,0.11731 ± 0.003,0.13897 ± 0.004,0.12557 ± 0.005,0.17931 ± 0.022
0.8,0.11800 ± 0.003,0.13740 ± 0.004,18480.33400 ± 36960.400,0.22662 ± 0.041
0.9,0.11776 ± 0.003,0.12985 ± 0.003,5359.76560 ± 10719.266,0.25395 ± 0.031
