,mean,knn,mice,gain
0.1,0.10858 ± 0.004,0.12456 ± 0.006,0.09868 ± 0.005,0.11595 ± 0.009
0.2,0.12436 ± 0.002,0.15489 ± 0.002,0.11262 ± 0.002,0.14720 ± 0.010
0.3,0.12174 ± 0.001,0.15793 ± 0.003,0.12088 ± 0.006,0.14376 ± 0.012
0.4,0.11577 ± 0.002,0.14354 ± 0.004,0.13995 ± 0.005,0.14420 ± 0.015
0.5,0.12358 ± 0.001,0.14928 ± 0.001,0.16367 ± 0.019,0.16605 ± 0.015
0.6,0.12186 ± 0.001,0.14417 ± 0.004,0.13669 ± 0.005,0.15841 ± 0.020
0.7,0.11785 ± 0.001,0.13917 ± 0.001,0.12516 ± 0.002,0.17386 ± 0.008
0.8,0.11923 ± 0.001,0.13842 ± 0.002,0.15245 ± 0.036,0.17079 ± 0.015
0.9,0.11877 ± 0.001,0.13059 ± 0.002,0.12811 ± 0.006,0.16473 ± 0.020
