,train_ML_f1_mean,train_ML_f1_std,test_ML_f1_mean,test_ML_f1_std
0.1,0.933785372030556,0.0028876429290943723,0.9303275548064219,0.013541962207440965
0.2,0.8905247051156955,0.00755302026372559,0.8875664926000283,0.010939667137319607
0.3,0.8200166864957715,0.003962090634300985,0.8093409075548139,0.02264841910760258
0.4,0.793892968986383,0.006266724698566992,0.7853618574982346,0.02329101848784342
0.5,0.7590272334149698,0.02226793792770724,0.7326270653835145,0.04189306031853316
0.6,0.7056164681006198,0.010037221775049864,0.6752573171258842,0.020213053269810995
0.7,0.7040449078543698,0.003636667737372309,0.6707015510284793,0.018487003428893083
0.8,0.5552292287885268,0.02513817920437831,0.5379822932401799,0.016869555944200608
0.9,0.5540971950846337,0.01150204003792295,0.5134826226188834,0.04628322250073524
