,train_ML_f1_mean,train_ML_f1_std,test_ML_f1_mean,test_ML_f1_std
0.1,0.9287246613638983,0.0032091873891711554,0.9281770268043428,0.015265350940861693
0.2,0.8826847839483156,0.008885270528789768,0.8856700048485248,0.013265634352613112
0.3,0.8104925517929089,0.004380987794092904,0.8122148357415423,0.014089944457494811
0.4,0.7847728820691631,0.008357039528089284,0.7856155843284979,0.023072464069384065
0.5,0.7432617650242074,0.019654490474386232,0.7339070804872743,0.03726599788901113
0.6,0.6794097235107339,0.008397471841317878,0.6736844600493699,0.01945730556419273
0.7,0.6733069355516127,0.011925041512087719,0.6489915339841461,0.022134906106265926
0.8,0.5117794881185469,0.01501639652743304,0.5131316884024842,0.02539978809161782
0.9,0.5153375635645487,0.017053060783708777,0.5077348326087763,0.0398662182711271
