,train_ML_rmse_mean,train_ML_rmse_std,test_ML_rmse_mean,test_ML_rmse_std
0.1,0.8531598235997878,0.07294010288066297,0.8134282329787542,0.0499221139754769
0.2,0.8857113386627351,0.014046109184910963,0.9066880358458483,0.025537427353132188
0.3,0.854667433876168,0.0699662631222703,0.8897223628264485,0.08947501838385005
0.4,0.766393282897479,0.05416084424066783,0.8427051807933891,0.09203602641606942
0.5,0.7321289241814519,0.011988698952605698,0.7991100032821696,0.012448179687466206
0.6,0.7525824701085672,0.010807689616631758,0.8245583729951372,0.013240000096155863
0.7,0.7679481301483049,0.019290220134694003,0.8516770852180727,0.014486833283810409
0.8,0.7811827854446853,0.00879299800561788,0.86233978797594,0.016068581895971518
0.9,0.8202192818602061,0.018960760683857485,0.9020458170222087,0.015545527743254088
