,train_ML_f1_mean,train_ML_f1_std,test_ML_f1_mean,test_ML_f1_std
0.1,0.6665892864091394,0.03112536822064311,0.5584549857067396,0.09533243135366588
0.2,0.6632235164561657,0.06203336622713994,0.5375281965652788,0.062042139173025486
0.3,0.5392957119563173,0.027633229922140016,0.4899321959103613,0.022729622057660607
0.4,0.6675425749913801,0.05176469948022216,0.5781175654754787,0.10145010277545644
0.5,0.5705576927644255,0.03830088314685533,0.5031253067014025,0.06406303524379743
0.6,0.7005839973163864,0.042749360264495516,0.583732338513654,0.07100874281139809
0.7,0.49482052794260295,0.013952765715202273,0.4776858435681965,0.006069967429577366
0.8,0.5430387803013355,0.03604365222699805,0.5035135143494277,0.06440916042643961
