,train_ML_f1_mean,train_ML_f1_std,test_ML_f1_mean,test_ML_f1_std
0.1,0.5321576890243278,0.026234061055436925,0.4988427740930872,0.048064555937497956
0.2,0.5062831925677695,0.03255857473328464,0.47667762848231143,0.005890081514744897
0.3,0.4886004590533715,0.012784210367732848,0.4776858435681965,0.006069967429577366
0.4,0.5321312677508747,0.027490446255272517,0.49985098917897225,0.047619938192351934
0.5,0.4829087005814796,0.011069716258277266,0.4766625833818708,0.006536546687704701
0.6,0.4832085840392578,0.011663228424603947,0.4766625833818708,0.006536546687704701
0.7,0.4773655293779311,0.001642527687711916,0.4776858435681965,0.006069967429577366
0.8,0.4773655293779311,0.001642527687711916,0.4776858435681965,0.006069967429577366
