,train_rmse_mean,train_rmse_std,train_mae_mean,train_mae_std,test_rmse_mean,test_rmse_std,test_mae_mean,test_mae_std
0.1,0.9523447,0.00074503705,0.95190525,0.00075247535,0.9521302,0.002750802,0.95169324,0.0027761804
0.2,0.9035357,0.00017959414,0.90174544,0.00017291223,0.9037882,0.0004567499,0.9019718,0.00042965505
0.3,0.854597,0.00073121086,0.8501879,0.00079823635,0.8558465,0.0019482987,0.85147846,0.0019844286
0.4,0.80982465,0.0018515097,0.80153304,0.0017779911,0.8095293,0.004394097,0.80126697,0.0041919095
0.5,0.76619166,0.0010172287,0.75238657,0.00095088396,0.7658171,0.0027609454,0.7522172,0.0027954245
0.6,0.7220416,0.0014829523,0.7009254,0.0016666728,0.7222948,0.004746598,0.7012083,0.005506343
0.7,0.68155146,0.0012457848,0.6511756,0.0012550023,0.6822666,0.0029727027,0.65175724,0.0029557818
0.8,0.64401627,0.0014139529,0.60113543,0.0014511464,0.64364785,0.0055853473,0.60083425,0.0053819804
