,train_ML_rmse_mean,train_ML_rmse_std,test_ML_rmse_mean,test_ML_rmse_std
0.1,0.5765736501719254,0.008786035549657836,0.6433297543212053,0.021184685609954006
0.2,0.5838235207082183,0.005521448713730094,0.6665499790268228,0.031741014798236836
0.3,0.5833533007245771,0.004721533274857032,0.6575389742609408,0.029130301252780686
0.4,0.579810188153549,0.005336449336960668,0.6462292212129241,0.019300319650139557
0.5,0.6000431321429311,0.00785797711262652,0.6593869048875567,0.021791878187514484
0.6,0.5989157272016015,0.0036033323925090113,0.6776687084049365,0.015560216700254105
0.7,0.5990307052845197,0.009587047653203581,0.6784321869546112,0.029001755652440335
0.8,0.6005672738416568,0.007979783187595003,0.6784427021860533,0.018624394261534907
