,train_ML_rmse_mean,train_ML_rmse_std,test_ML_rmse_mean,test_ML_rmse_std
0.1,0.6596654962609952,0.0063771448431331505,0.6675867508782435,0.027305308131117378
0.2,0.6855612468059731,0.008450497268549895,0.6871891819192953,0.027926372782718187
0.3,0.6762388890959279,0.013578317852984596,0.6820187640631806,0.027213128352338974
0.4,0.6589137420827745,0.005330892252595041,0.6636985374630039,0.025654322694981916
0.5,0.7145532950480091,0.013965668747083198,0.7093726704397627,0.020405709686768136
0.6,0.6821648419887474,0.0097316725658344,0.6888946736791687,0.02600992088325608
0.7,0.6858662719148848,0.02238470042873603,0.6935726307984614,0.035477486127600974
0.8,0.6912077780371106,0.010718531259850096,0.7002968860840675,0.03145988740552898
