,train_ML_rmse_mean,train_ML_rmse_std,test_ML_rmse_mean,test_ML_rmse_std
0.1,0.6567677475207465,0.005597573080438272,0.6585471219855419,0.018572223945175322
0.2,0.6741875599192542,0.004078449236867286,0.6777670044853041,0.020657732522397644
0.3,0.6625450477874013,0.007004434394519649,0.6685077407458302,0.02327063901341002
0.4,0.6452280368934946,0.005606156028709398,0.6489846113774012,0.01960037877078829
0.5,0.7070743491771333,0.0031530962805043773,0.7051590805155489,0.021619468048875386
0.6,0.6592786974456784,0.004935537824006385,0.6649855453172933,0.018948480361411175
0.7,0.6620557210943151,0.005949394566265383,0.666853621418692,0.02216068589515974
0.8,0.6585876354889094,0.005459490437046917,0.6641469283354138,0.01907040347564712
