,train_rmse_mean,train_rmse_std,train_mae_mean,train_mae_std,test_rmse_mean,test_rmse_std,test_mae_mean,test_mae_std
0.1,0.53022134,0.008375919,0.44807824,0.009124237,0.5515336,0.021389412,0.47746095,0.024877502
0.2,0.5380844,0.0069556516,0.45771927,0.00844152,0.5328653,0.010395522,0.4489275,0.011389369
0.3,0.5199246,0.010785605,0.43840012,0.010353939,0.50719327,0.0077126687,0.42200893,0.0084815705
0.4,0.5125277,0.0058431076,0.42916018,0.006797027,0.5117179,0.005876274,0.42608052,0.006823989
0.5,0.49669775,0.003173221,0.4124816,0.003959266,0.48679668,0.0088940915,0.40237656,0.008446745
0.6,0.47104186,0.0043770024,0.38826993,0.004851078,0.47311577,0.009718781,0.3902333,0.009499205
0.7,0.46465975,0.003759802,0.38307476,0.0041336156,0.45765036,0.009494726,0.3771432,0.011363333
0.8,0.44611302,0.0016011839,0.36574408,0.0022063043,0.45021772,0.009249124,0.3695926,0.009094113
