,train_rmse_mean,train_rmse_std,train_mae_mean,train_mae_std,test_rmse_mean,test_rmse_std,test_mae_mean,test_mae_std
0.1,0.22678976,0.0045572314,0.18198992,0.0054885345,0.22631355,0.009230303,0.18160304,0.0111820735
0.2,0.20652036,0.0076633296,0.18221731,0.008096221,0.20462072,0.006852129,0.18042317,0.009044398
0.3,0.22342928,0.0037381568,0.18248446,0.0040576933,0.22433896,0.009480568,0.18380153,0.007313501
0.4,0.25364304,0.0055599986,0.2237721,0.0066729486,0.2590655,0.019011557,0.23105833,0.019579832
0.5,0.33234987,0.0013740794,0.31536382,0.0013384364,0.33612174,0.008250129,0.3191041,0.008518636
0.6,0.29286155,0.0037423556,0.2653756,0.0033437847,0.29089016,0.0044196164,0.26385993,0.0045253006
0.7,0.34851456,0.007014974,0.32597503,0.0061145583,0.348,0.0077863513,0.32556432,0.007980849
0.8,0.36211535,0.001407322,0.33172074,0.0016201918,0.36429396,0.00711226,0.33369118,0.008195274
