,train_ML_f1_mean,train_ML_f1_std,test_ML_f1_mean,test_ML_f1_std
0.1,0.930618187241334,0.004986039137980724,0.9295175322577467,0.01644329018839406
0.2,0.911612108570323,0.006903867596473734,0.9095110647942748,0.023527684039493055
0.3,0.8991052130114667,0.007902316259835783,0.8973038924800074,0.027952755146976413
0.4,0.90478303696785,0.004942280922839719,0.8998499305588015,0.02491300091804416
0.5,0.8644827632745276,0.003859530271915222,0.856683966757237,0.024143870464855974
0.6,0.9034679412598713,0.005270922277515883,0.904571509970908,0.016280308617796533
0.7,0.9409006255679657,0.005473358127330298,0.9363508527121652,0.014945450676488477
0.8,0.7837927525078865,0.005434466028761759,0.7798474832241427,0.021909840166879847
