,train_ML_f1_mean,train_ML_f1_std,test_ML_f1_mean,test_ML_f1_std
0.1,0.6458370716408475,0.05427111170602717,0.5808806930992125,0.08791713095062152
0.2,0.5763024949787934,0.07843686962978519,0.493032420441363,0.028815923208105908
0.3,0.4996691227821022,0.019571440807591784,0.4776858435681965,0.006069967429577366
0.4,0.5331877709447737,0.031652571703080584,0.49985098917897225,0.047619938192351934
0.5,0.4773655293779311,0.001642527687711916,0.4771642556226735,0.006733258822546334
0.6,0.47694058916500354,0.001963965147168108,0.4766625833818708,0.006536546687704701
0.7,0.4773655293779311,0.001642527687711916,0.4776858435681965,0.006069967429577366
0.8,0.4773655293779311,0.001642527687711916,0.4776858435681965,0.006069967429577366
