,train_ML_f1_mean,train_ML_f1_std,test_ML_f1_mean,test_ML_f1_std
0.1,0.7647307258300472,0.08543128220952528,0.49764850226871926,0.04188055260908069
0.2,0.6547289317336694,0.11191347821385643,0.4935340926821657,0.0285752196216913
0.3,0.5069274395722012,0.03374691167489155,0.4776858435681965,0.006069967429577366
0.4,0.5473815314434637,0.06943515586510739,0.4771642556226735,0.006733258822546334
0.5,0.4773655293779311,0.001642527687711916,0.4776858435681965,0.006069967429577366
0.6,0.4773655293779311,0.001642527687711916,0.4776858435681965,0.006069967429577366
0.7,0.4773655293779311,0.001642527687711916,0.4776858435681965,0.006069967429577366
0.8,0.4773655293779311,0.001642527687711916,0.4776858435681965,0.006069967429577366
