,train_ML_f1_mean,train_ML_f1_std,test_ML_f1_mean,test_ML_f1_std
0.1,0.8105313406589122,0.038811487776700765,0.7343419911842322,0.07883052981045992
0.2,0.729821087944529,0.05673438239707191,0.649072992405668,0.08040365087361531
0.3,0.6464400471278741,0.06530175638442666,0.5261034486036889,0.03779563141536991
0.4,0.6876255007932811,0.04973360093863292,0.5993766866799908,0.08799777505824617
0.5,0.5277319149251769,0.02135528857340484,0.47460515541681597,0.007378898861880237
0.6,0.6511169119002556,0.04208408883623981,0.5465226987786653,0.05887504146207436
0.7,0.48341493470145636,0.013084688338470627,0.4776858435681965,0.006069967429577366
0.8,0.5310727042649849,0.02284260816674565,0.5035135143494277,0.06440916042643961
