,train_ML_rmse_mean,train_ML_rmse_std,test_ML_rmse_mean,test_ML_rmse_std
0.1,0.8109157843778778,0.04354503241162442,0.8114483634385534,0.04798003258674488
0.2,0.8906481035646434,0.047656590157685794,0.8944885849035271,0.043253764422796256
0.3,0.9429256295683004,0.025841686770389324,0.9441328702114884,0.014572668596731762
0.4,0.9568195956105654,0.0239575766654313,0.9554158290420972,0.03955182787157289
0.5,1.0138236072945286,0.01911703773899528,1.0152010027420935,0.02116685885621704
0.6,1.0766683840403177,0.013896194808597934,1.0780368737729045,0.007302717089549106
0.7,1.082473955115986,0.01125880629697649,1.0854894963398216,0.022111215470011603
0.8,1.0836375684731034,0.023989324084341207,1.084250172122152,0.02106070525677898
0.9,1.144710998751267,0.002442742658121176,1.1458943613518944,0.007309676189788566
