,test_ML_f1_mean,test_ML_f1_std
0.1,0.9830598941615178,0.009457685610094416
