,random,zero,mean,knn,mice,XGB,missforest,mf,hyper,gain,notmiwae,miwae,tabcsdi,ot
0.1,0.93465 ± 0.017,0.96835 ± 0.008,0.92936 ± 0.019,0.94673 ± 0.011,0.92936 ± 0.019,0.93241 ± 0.016,0.93845 ± 0.012,0.93466 ± 0.014,0.93769 ± 0.013,0.93845 ± 0.014,0.93925 ± 0.020,0.94062 ± 0.030,0.50198 ± 0.021,0.93391 ± 0.018
0.2,0.83340 ± 0.027,0.90871 ± 0.008,0.75318 ± 0.037,0.84473 ± 0.024,0.89289 ± 0.023,0.88579 ± 0.022,0.82027 ± 0.033,0.76235 ± 0.030,0.82053 ± 0.037,0.82845 ± 0.040,0.82206 ± 0.064,0.88077 ± 0.027,0.50136 ± 0.018,0.77688 ± 0.031
0.3,0.87670 ± 0.018,0.96251 ± 0.005,0.87721 ± 0.021,0.92384 ± 0.019,0.88046 ± 0.023,0.88679 ± 0.025,0.90853 ± 0.018,0.88589 ± 0.022,0.90070 ± 0.022,0.88197 ± 0.025,0.85986 ± 0.032,0.88776 ± 0.042,0.50942 ± 0.021,0.88435 ± 0.017
0.4,0.85571 ± 0.014,0.96317 ± 0.013,0.77124 ± 0.022,0.89226 ± 0.020,0.87619 ± 0.031,0.87143 ± 0.030,0.82050 ± 0.031,0.77574 ± 0.021,0.81553 ± 0.029,0.83680 ± 0.042,0.69771 ± 0.096,0.84963 ± 0.053,0.52951 ± 0.014,0.78992 ± 0.016
0.5,0.83735 ± 0.032,0.94279 ± 0.022,0.68412 ± 0.031,0.86342 ± 0.019,0.78017 ± 0.032,0.76310 ± 0.030,0.76280 ± 0.042,0.73067 ± 0.029,0.75793 ± 0.052,0.78601 ± 0.085,0.47628 ± 0.092,0.56266 ± 0.095,0.53051 ± 0.016,0.73728 ± 0.028
0.6,0.70715 ± 0.030,0.70994 ± 0.015,0.49692 ± 0.038,0.49780 ± 0.024,0.45561 ± 0.034,0.49745 ± 0.046,0.48207 ± 0.023,0.54714 ± 0.039,0.44982 ± 0.017,0.51144 ± 0.045,0.37086 ± 0.031,0.36897 ± 0.012,0.53097 ± 0.009,0.52295 ± 0.043
0.7,0.83506 ± 0.018,0.79601 ± 0.017,0.74001 ± 0.034,0.74034 ± 0.027,0.85280 ± 0.025,0.75694 ± 0.036,0.79281 ± 0.029,0.73900 ± 0.035,0.77706 ± 0.035,0.75315 ± 0.031,0.58060 ± 0.042,0.65078 ± 0.035,0.51093 ± 0.018,0.74415 ± 0.025
0.8,0.64321 ± 0.019,0.65010 ± 0.031,0.35689 ± 0.006,0.35689 ± 0.006,0.41556 ± 0.014,0.35689 ± 0.006,0.35689 ± 0.006,0.35689 ± 0.006,0.35689 ± 0.006,0.35689 ± 0.006,0.35689 ± 0.006,0.35689 ± 0.006,0.53504 ± 0.011,0.36214 ± 0.006
