,random,zero,mean,knn,mice,XGB,missforest,mf,hyper,gain,notmiwae,miwae,tabcsdi,ot
0.1,0.93465,0.96835,0.92936,0.94673,0.92936,0.93241,0.93845,0.93466,0.93769,0.93845,0.93925,0.94062,0.50198,0.93391
0.2,0.8334,0.90871,0.75318,0.84473,0.89289,0.88579,0.82027,0.76235,0.82053,0.82845,0.82206,0.88077,0.50136,0.77688
0.3,0.8767,0.96251,0.87721,0.92384,0.88046,0.88679,0.90853,0.88589,0.9007,0.88197,0.85986,0.88776,0.50942,0.88435
0.4,0.85571,0.96317,0.77124,0.89226,0.87619,0.87143,0.8205,0.77574,0.81553,0.8368,0.69771,0.84963,0.52951,0.78992
0.5,0.83735,0.94279,0.68412,0.86342,0.78017,0.7631,0.7628,0.73067,0.75793,0.78601,0.47628,0.56266,0.53051,0.73728
0.6,0.70715,0.70994,0.49692,0.4978,0.45561,0.49745,0.48207,0.54714,0.44982,0.51144,0.37086,0.36897,0.53097,0.52295
0.7,0.83506,0.79601,0.74001,0.74034,0.8528,0.75694,0.79281,0.739,0.77706,0.75315,0.5806,0.65078,0.51093,0.74415
0.8,0.64321,0.6501,0.35689,0.35689,0.41556,0.35689,0.35689,0.35689,0.35689,0.35689,0.35689,0.35689,0.53504,0.36214
