,random,zero,mean,knn,mice,XGB,missforest,mf,hyper,gain,notmiwae,miwae,tabcsdi,ot
0.1,0.94346 ± 0.016,0.98232 ± 0.010,0.93747 ± 0.017,0.95778 ± 0.009,0.93967 ± 0.018,0.93967 ± 0.018,0.94648 ± 0.015,0.93975 ± 0.015,0.94572 ± 0.016,0.94653 ± 0.015,0.94807 ± 0.025,0.94343 ± 0.030,0.50347 ± 0.019,0.94124 ± 0.018
0.2,0.82415 ± 0.019,0.91820 ± 0.011,0.74140 ± 0.032,0.82212 ± 0.021,0.84161 ± 0.020,0.82550 ± 0.028,0.78537 ± 0.033,0.75057 ± 0.035,0.77136 ± 0.029,0.78541 ± 0.035,0.70143 ± 0.101,0.83160 ± 0.044,0.50073 ± 0.019,0.76558 ± 0.028
0.3,0.88332 ± 0.017,0.96911 ± 0.009,0.86539 ± 0.019,0.92893 ± 0.018,0.86620 ± 0.018,0.87598 ± 0.021,0.90183 ± 0.020,0.87822 ± 0.020,0.89401 ± 0.022,0.87814 ± 0.027,0.87302 ± 0.026,0.89602 ± 0.044,0.50014 ± 0.018,0.88142 ± 0.015
0.4,0.85923 ± 0.018,0.97792 ± 0.009,0.78686 ± 0.019,0.87668 ± 0.017,0.82649 ± 0.025,0.82145 ± 0.024,0.81467 ± 0.021,0.78954 ± 0.019,0.81445 ± 0.031,0.83548 ± 0.038,0.64349 ± 0.080,0.79829 ± 0.066,0.51448 ± 0.023,0.80266 ± 0.018
0.5,0.84502 ± 0.033,0.95230 ± 0.016,0.70015 ± 0.030,0.85568 ± 0.022,0.77427 ± 0.028,0.72753 ± 0.032,0.73478 ± 0.037,0.72124 ± 0.025,0.75085 ± 0.054,0.77369 ± 0.077,0.41515 ± 0.046,0.56029 ± 0.119,0.52131 ± 0.019,0.73913 ± 0.032
0.6,0.66435 ± 0.024,0.68055 ± 0.021,0.42134 ± 0.021,0.47298 ± 0.021,0.38478 ± 0.025,0.40977 ± 0.030,0.44220 ± 0.032,0.53234 ± 0.040,0.38645 ± 0.019,0.46149 ± 0.039,0.35689 ± 0.006,0.35861 ± 0.003,0.52461 ± 0.014,0.44693 ± 0.043
0.7,0.82995 ± 0.006,0.79050 ± 0.018,0.75326 ± 0.031,0.71524 ± 0.028,0.85537 ± 0.026,0.77043 ± 0.028,0.81421 ± 0.023,0.75480 ± 0.028,0.79494 ± 0.027,0.78140 ± 0.023,0.60084 ± 0.069,0.66547 ± 0.033,0.50540 ± 0.018,0.76098 ± 0.020
0.8,0.64221 ± 0.014,0.65287 ± 0.028,0.35689 ± 0.006,0.35689 ± 0.006,0.35689 ± 0.006,0.35689 ± 0.006,0.35689 ± 0.006,0.35689 ± 0.006,0.35689 ± 0.006,0.35689 ± 0.006,0.35689 ± 0.006,0.35689 ± 0.006,0.52466 ± 0.020,0.37946 ± 0.015
