,random,zero,mean,knn,mice,XGB,missforest,mf,hyper,gain,notmiwae,miwae,tabcsdi,ot
0.1,0.95750,0.99704,0.95067,0.97626,0.95067,0.95067,0.95975,0.95369,0.95822,0.96655,0.93058,0.93686,0.30787,0.95520
0.2,0.85212,0.95965,0.74647,0.82281,0.86086,0.84674,0.76703,0.75490,0.77512,0.78011,0.56643,0.78078,0.30787,0.76908
0.3,0.89347,0.97280,0.87078,0.93773,0.87078,0.87160,0.89412,0.87727,0.88287,0.87962,0.80533,0.85610,0.30787,0.87884
0.4,0.87644,0.99115,0.80010,0.92927,0.88647,0.87760,0.83044,0.80445,0.82845,0.85094,0.58595,0.80438,0.30787,0.81768
0.5,0.87219,0.96844,0.75425,0.87878,0.80707,0.78838,0.78908,0.76561,0.80326,0.81509,0.42907,0.56616,0.30787,0.78385
0.6,0.71395,0.71720,0.44712,0.44906,0.43650,0.44913,0.43095,0.47735,0.42196,0.45478,0.35689,0.35689,0.30787,0.45818
0.7,0.86007,0.86254,0.71215,0.71604,0.86009,0.74090,0.80805,0.72418,0.77923,0.75495,0.47807,0.59634,0.30787,0.74296
0.8,0.69834,0.65010,0.44703,0.40853,0.41879,0.41833,0.39517,0.50541,0.41766,0.46946,0.37136,0.37810,0.30787,0.47649
