,train_rmse_mean,train_rmse_std,train_mae_mean,train_mae_std,test_rmse_mean,test_rmse_std,test_mae_mean,test_mae_std
0.3,0.27217728,0.011552265,0.19920766,0.010375828,0.26943377,0.009301243,0.19467098,0.011845796
0.5,0.28269696,0.0052024242,0.20979822,0.006018222,0.27637222,0.005061841,0.20195504,0.006876427
0.7,0.46151456,0.31797442,0.3187085,0.17335403,0.29960343,0.016870733,0.22871323,0.016362682
