,train_rmse_mean,train_rmse_std,train_mae_mean,train_mae_std,test_rmse_mean,test_rmse_std,test_mae_mean,test_mae_std
0.3,0.18869457,0.0003902354,0.11713342,0.00022457188,0.18876746,0.0015290708,0.117169365,0.0008339607
0.5,0.13644165,0.0002491697,0.07416258,0.00011526297,0.13654092,0.0009152617,0.0742063,0.00041530473
0.7,0.2612329,0.00044960735,0.15460269,0.00020508136,0.2611579,0.0012299898,0.1545665,0.0005710655
