,random,zero,mean,knn,mice,XGB,missforest,mf,hyper,gain,notmiwae,miwae,tabcsdi,ot
0.1,12.06664,11.82595,12.18967,12.18838,12.04873,12.07302,12.18377,12.17818,12.15801,12.46772,15.11533,15.09165,96860.14273,12.17069
0.2,13.39900,11.78550,13.71559,13.63811,13.55409,13.63365,13.70581,13.74068,13.69081,13.45079,15.09351,15.09112,97082.91542,13.72567
0.3,12.05323,11.82748,12.12555,12.13331,12.16101,12.08747,12.10854,12.14961,12.13120,12.54513,15.11875,15.09797,99175.60070,12.12142
0.4,13.64643,11.45124,14.58052,14.60446,14.59706,14.59545,14.61170,14.60083,14.59505,15.04617,15.09060,15.08411,109901.08379,14.61660
0.5,12.15353,11.84900,12.23788,12.20874,12.00861,12.15306,12.18464,12.23575,12.23119,12.54397,15.08894,15.10075,93861.57863,12.24057
0.6,12.08326,11.75601,12.39098,12.40667,12.39281,12.37584,12.39153,12.31071,12.39702,12.75329,15.09148,15.09256,78385.66270,12.37031
0.7,13.81400,10.71010,14.94507,14.93491,14.94990,14.94465,14.92046,14.93529,14.94682,15.11698,15.06900,15.07004,74158.85612,14.89337
0.8,11.99757,11.78161,12.53636,12.53692,12.49706,12.55356,12.53721,12.37728,12.51224,12.63371,15.08726,15.04830,76198.26524,12.53695
