,random,zero,mean,knn,mice,XGB,missforest,mf,hyper,gain,notmiwae,miwae,tabcsdi,ot
0.1,11.97453,12.36281,11.42553,11.47860,12.11624,11.60653,11.44724,11.49493,11.44179,13.81682,16.66017,16.71300,16.41066,11.48677
0.2,13.18245,12.43451,12.45718,12.72812,13.19190,12.67494,12.50910,12.69783,12.48472,14.96066,16.65163,16.63540,16.31144,12.70270
0.3,11.74721,12.45329,11.51075,11.48207,11.85983,11.70545,11.50771,11.57553,11.48156,13.65099,16.68075,16.68614,16.41598,11.50258
0.4,13.95512,12.45945,15.05053,15.18889,15.22145,15.13185,15.25834,15.03187,15.13923,16.43621,16.66742,16.69194,15.89721,15.18755
0.5,11.85111,12.48554,11.11883,11.22428,11.71937,11.31884,11.19377,11.17971,11.13930,13.57388,16.68589,16.66983,16.42234,11.24538
0.6,11.97003,12.52490,10.65157,10.73814,11.08852,10.95059,10.73888,10.68745,10.69907,13.18024,16.70069,16.65118,16.42669,10.81939
0.7,14.38278,11.78155,16.69067,16.77599,16.74189,16.71421,16.56905,16.44951,16.68652,16.76730,16.64628,16.64429,15.41123,16.78135
0.8,12.62311,12.84030,10.53571,10.54882,10.84683,10.58867,10.62851,10.72434,10.55064,13.31931,16.63058,16.62466,16.39226,10.67690
