,random,zero,mean,knn,mice,XGB,missforest,mf,hyper,gain,notmiwae,miwae,tabcsdi,ot
0.1,11.97453 ± 1.734,12.36281 ± 1.729,11.42553 ± 1.595,11.47860 ± 1.551,12.11624 ± 1.666,11.60653 ± 1.567,11.44724 ± 1.573,11.49493 ± 1.561,11.44179 ± 1.566,13.81682 ± 1.689,16.66017 ± 1.680,16.71300 ± 1.704,16.41066 ± 1.935,11.48677 ± 1.607
0.2,13.18245 ± 1.640,12.43451 ± 1.630,12.45718 ± 1.625,12.72812 ± 1.589,13.19190 ± 1.650,12.67494 ± 1.558,12.50910 ± 1.706,12.69783 ± 1.588,12.48472 ± 1.626,14.96066 ± 2.318,16.65163 ± 1.719,16.63540 ± 1.697,16.31144 ± 1.979,12.70270 ± 1.667
0.3,11.74721 ± 1.760,12.45329 ± 1.630,11.51075 ± 1.688,11.48207 ± 1.685,11.85983 ± 1.631,11.70545 ± 1.641,11.50771 ± 1.638,11.57553 ± 1.680,11.48156 ± 1.681,13.65099 ± 1.511,16.68075 ± 1.722,16.68614 ± 1.719,16.41598 ± 1.905,11.50258 ± 1.701
0.4,13.95512 ± 1.890,12.45945 ± 1.663,15.05053 ± 1.547,15.18889 ± 1.624,15.22145 ± 1.612,15.13185 ± 1.637,15.25834 ± 1.446,15.03187 ± 1.620,15.13923 ± 1.538,16.43621 ± 1.752,16.66742 ± 1.725,16.69194 ± 1.737,15.89721 ± 2.064,15.18755 ± 1.669
0.5,11.85111 ± 1.735,12.48554 ± 1.648,11.11883 ± 1.649,11.22428 ± 1.608,11.71937 ± 1.661,11.31884 ± 1.676,11.19377 ± 1.536,11.17971 ± 1.647,11.13930 ± 1.608,13.57388 ± 1.597,16.68589 ± 1.701,16.66983 ± 1.647,16.42234 ± 1.922,11.24538 ± 1.671
0.6,11.97003 ± 1.622,12.52490 ± 1.604,10.65157 ± 1.619,10.73814 ± 1.606,11.08852 ± 1.586,10.95059 ± 1.600,10.73888 ± 1.542,10.68745 ± 1.643,10.69907 ± 1.568,13.18024 ± 1.501,16.70069 ± 1.726,16.65118 ± 1.673,16.42669 ± 1.895,10.81939 ± 1.627
0.7,14.38278 ± 1.774,11.78155 ± 1.678,16.69067 ± 1.675,16.77599 ± 1.667,16.74189 ± 1.725,16.71421 ± 1.710,16.56905 ± 1.576,16.44951 ± 1.653,16.68652 ± 1.741,16.76730 ± 1.743,16.64628 ± 1.708,16.64429 ± 1.718,15.41123 ± 2.208,16.78135 ± 1.633
0.8,12.62311 ± 1.704,12.84030 ± 1.784,10.53571 ± 1.490,10.54882 ± 1.489,10.84683 ± 1.442,10.58867 ± 1.471,10.62851 ± 1.520,10.72434 ± 1.472,10.55064 ± 1.487,13.31931 ± 1.434,16.63058 ± 1.717,16.62466 ± 1.730,16.39226 ± 1.896,10.67690 ± 1.519
