,mean,knn,mice,gain
0.1,0.62135 ± 0.006,0.64187 ± 0.014,0.43735 ± 0.033,0.77311 ± 0.114
0.2,0.57504 ± 0.006,0.50952 ± 0.006,0.33205 ± 0.029,0.39162 ± 0.199
0.3,0.61998 ± 0.016,0.64707 ± 0.025,0.52141 ± 0.020,0.91688 ± 0.043
0.4,0.48161 ± 0.015,0.44110 ± 0.019,0.39350 ± 0.016,0.70810 ± 0.030
0.5,0.61367 ± 0.020,0.60979 ± 0.028,0.41290 ± 0.022,0.86507 ± 0.059
0.6,0.59514 ± 0.028,0.66454 ± 0.034,0.64523 ± 0.021,0.72088 ± 0.034
0.7,0.56031 ± 0.022,0.59438 ± 0.024,0.58137 ± 0.025,0.70188 ± 0.021
0.8,0.58109 ± 0.030,0.58510 ± 0.029,0.56281 ± 0.025,0.63536 ± 0.029
