,mean,knn,mice,gain
0.1,0.62131 ± 0.005,0.64919 ± 0.007,0.43851 ± 0.012,0.76243 ± 0.078
0.2,0.57680 ± 0.005,0.50973 ± 0.003,0.32691 ± 0.007,0.44363 ± 0.198
0.3,0.61768 ± 0.003,0.65761 ± 0.010,0.52467 ± 0.009,0.91050 ± 0.062
0.4,0.48064 ± 0.005,0.44199 ± 0.002,0.39045 ± 0.005,0.71636 ± 0.017
0.5,0.61380 ± 0.007,0.60829 ± 0.010,0.41187 ± 0.007,0.87249 ± 0.059
0.6,0.59702 ± 0.008,0.66821 ± 0.009,0.64780 ± 0.011,0.72340 ± 0.008
0.7,0.56132 ± 0.005,0.59671 ± 0.007,0.58523 ± 0.010,0.70248 ± 0.005
0.8,0.58383 ± 0.008,0.58765 ± 0.008,0.56534 ± 0.007,0.63767 ± 0.008
