,random,zero,mean,knn,mice,XGB,missforest,mf,hyper,gain,notmiwae,miwae,tabcsdi,ot
0.1,0.57942,0.01317,0.62135,0.64187,0.43735,0.5398,0.643,0.60632,0.65988,0.77311,0.66033,0.62177,0.46014,0.63531
0.2,0.55839,0.11645,0.57504,0.50952,0.33205,0.47969,0.5244,0.55812,0.53444,0.39162,0.54413,0.53395,0.41552,0.59436
0.3,0.52769,0.10789,0.61998,0.64707,0.52141,0.56163,0.67986,0.61623,0.668,0.91688,0.67712,0.618,0.48177,0.6142
0.4,0.41879,0.30402,0.48161,0.4411,0.3935,0.4251,0.4346,0.46312,0.45508,0.7081,0.45575,0.45083,0.34157,0.5
0.5,0.50878,0.17961,0.61367,0.60979,0.4129,0.51364,0.5751,0.57074,0.62828,0.86507,0.62368,0.58918,0.46264,0.62691
0.6,0.41659,0.41066,0.59514,0.66454,0.64523,0.6054,0.5751,0.55566,0.59763,0.72088,0.62296,0.61426,0.36741,0.60249
0.7,0.38553,0.38841,0.56031,0.59438,0.58137,0.57716,0.55499,0.55275,0.56268,0.70188,0.57983,0.56954,0.32258,0.57035
0.8,0.38095,0.45504,0.58109,0.5851,0.56281,0.56936,0.55965,0.58191,0.5824,0.63536,0.58027,0.57907,0.33236,0.59149
