,mean,knn,mice,XGB,missforest,mf,hyper,gain,notmiwae,miwae,tabcsdi,ot
0.1,0.62135 ± 0.006,0.64187 ± 0.014,0.43735 ± 0.033,0.53980 ± 0.027,0.64300 ± 0.019,0.60632 ± 0.011,0.65988 ± 0.012,0.77311 ± 0.114,0.66033 ± 0.027,0.62177 ± 0.040,0.46014 ± 0.038,0.63531 ± 0.026
0.2,0.57504 ± 0.006,0.50952 ± 0.006,0.33205 ± 0.029,0.47969 ± 0.028,0.52440 ± 0.015,0.55812 ± 0.015,0.53444 ± 0.010,0.39162 ± 0.199,0.54413 ± 0.015,0.53395 ± 0.011,0.41552 ± 0.026,0.59436 ± 0.020
0.3,0.61998 ± 0.016,0.64707 ± 0.025,0.52141 ± 0.020,0.56163 ± 0.026,0.67986 ± 0.042,0.61623 ± 0.027,0.66800 ± 0.021,0.91688 ± 0.043,0.67712 ± 0.050,0.61800 ± 0.020,0.48177 ± 0.056,0.61420 ± 0.018
0.4,0.48161 ± 0.015,0.44110 ± 0.019,0.39350 ± 0.016,0.42510 ± 0.020,0.43460 ± 0.015,0.46312 ± 0.011,0.45508 ± 0.014,0.70810 ± 0.030,0.45575 ± 0.022,0.45083 ± 0.010,0.34157 ± 0.029,0.50000 ± 0.013
0.5,0.61367 ± 0.020,0.60979 ± 0.028,0.41290 ± 0.022,0.51364 ± 0.022,0.57510 ± 0.036,0.57074 ± 0.027,0.62828 ± 0.016,0.86507 ± 0.059,0.62368 ± 0.041,0.58918 ± 0.030,0.46264 ± 0.037,0.62691 ± 0.018
0.6,0.59514 ± 0.028,0.66454 ± 0.034,0.64523 ± 0.021,0.60540 ± 0.024,0.57510 ± 0.029,0.55566 ± 0.037,0.59763 ± 0.026,0.72088 ± 0.034,0.62296 ± 0.035,0.61426 ± 0.023,0.36741 ± 0.009,0.60249 ± 0.036
0.7,0.56031 ± 0.022,0.59438 ± 0.024,0.58137 ± 0.025,0.57716 ± 0.022,0.55499 ± 0.026,0.55275 ± 0.030,0.56268 ± 0.020,0.70188 ± 0.021,0.57983 ± 0.020,0.56954 ± 0.027,0.32258 ± 0.009,0.57035 ± 0.023
0.8,0.58109 ± 0.030,0.58510 ± 0.029,0.56281 ± 0.025,0.56936 ± 0.029,0.55965 ± 0.029,0.58191 ± 0.052,0.58240 ± 0.027,0.63536 ± 0.029,0.58027 ± 0.034,0.57907 ± 0.031,0.33236 ± 0.014,0.59149 ± 0.029
