,train_ML_f1_mean,train_ML_f1_std,test_ML_f1_mean,test_ML_f1_std
0.1,0.07342044194687751,0.013706607093111955,0.07481527696076794,0.023316538522198157
0.2,0.25691585360850444,0.03007825796820012,0.2524056500386531,0.01540685675795509
0.3,0.1367644029639548,0.07327300979240511,0.12194421252618796,0.07202426579017987
0.4,0.07432650229914707,0.02066458582512875,0.08042501295362045,0.025621904471496374
0.5,0.051435040862323936,0.005446281118957094,0.05635958941232899,0.012607294374670895
0.6,0.11235307207079992,0.03904001450823341,0.11910398733474062,0.039207844452595696
0.7,0.05904397303865468,0.019397938478692908,0.060082577468799636,0.0159712233255117
0.8,0.04834011666409619,0.0003597764611291129,0.050799823623023176,0.004643330472333973
