,train_ML_rmse_mean,train_ML_rmse_std,test_ML_rmse_mean,test_ML_rmse_std
0.1,0.6562087436907126,0.015334682867191833,0.698328868157637,0.030769806140347883
0.2,0.6805415852747605,0.027190830407840372,0.7220843035880653,0.02542322294430443
0.3,0.6890846366588551,0.029784781257894643,0.7343079486126493,0.01883165795569914
0.4,0.6816545719818221,0.026953344438522136,0.7564794100214591,0.03446528087341782
0.5,0.6997757518584284,0.031799719942647145,0.7676700893551474,0.027410522035057835
0.6,0.7022762942681824,0.030775621156972403,0.7703646970690929,0.012070499444601934
0.7,0.7360191280391221,0.023583026246485648,0.8234510141675591,0.026014241178190588
0.8,0.7851516421617293,0.05873326355992158,0.8404828392306383,0.030680562111501018
0.9,0.7984844526264658,0.04395582269154641,0.8711865615649416,0.034614811933364305
