,random,zero,mean,knn,mice,XGB,missforest,mf,hyper,gain,notmiwae,miwae,tabcsdi,ot
0.1,0.74336 ± 0.011,0.70860 ± 0.011,0.73222 ± 0.013,0.72038 ± 0.012,0.71495 ± 0.012,0.72497 ± 0.013,0.72058 ± 0.012,0.72572 ± 0.013,0.71675 ± 0.013,0.72417 ± 0.018,0.77294 ± 0.015,0.77347 ± 0.014,0.98437 ± 0.028,0.73992 ± 0.014
0.2,0.89462 ± 0.018,0.71284 ± 0.014,0.74139 ± 0.015,0.72366 ± 0.015,0.71232 ± 0.012,0.74427 ± 0.032,0.72048 ± 0.013,0.73877 ± 0.013,0.71791 ± 0.012,0.72089 ± 0.010,0.78598 ± 0.020,0.78601 ± 0.021,0.98437 ± 0.028,0.76711 ± 0.018
0.3,0.86715 ± 0.011,0.73130 ± 0.014,0.77913 ± 0.010,0.74806 ± 0.011,0.73069 ± 0.013,0.80475 ± 0.066,0.74705 ± 0.010,0.77314 ± 0.011,0.73858 ± 0.014,0.75112 ± 0.020,0.80443 ± 0.010,0.81777 ± 0.023,0.98437 ± 0.028,0.78813 ± 0.008
0.4,0.85186 ± 0.021,0.77568 ± 0.014,0.79742 ± 0.011,0.76721 ± 0.011,0.74629 ± 0.012,0.82710 ± 0.132,0.76753 ± 0.011,0.79404 ± 0.012,0.75299 ± 0.011,0.77049 ± 0.026,0.81078 ± 0.020,0.81173 ± 0.021,0.98437 ± 0.028,0.78467 ± 0.017
0.5,0.96582 ± 0.004,0.78699 ± 0.009,0.78279 ± 0.013,0.76926 ± 0.012,0.76968 ± 0.011,0.77178 ± 0.012,0.76696 ± 0.014,0.77772 ± 0.017,0.77202 ± 0.015,0.77708 ± 0.026,0.79445 ± 0.021,0.80471 ± 0.022,0.98437 ± 0.028,0.80167 ± 0.017
0.6,0.97868 ± 0.018,0.75876 ± 0.024,0.77877 ± 0.012,0.78323 ± 0.010,0.77676 ± 0.011,0.77768 ± 0.017,0.75876 ± 0.014,0.79808 ± 0.007,0.76804 ± 0.009,0.75174 ± 0.030,0.85628 ± 0.029,0.84854 ± 0.012,0.98437 ± 0.028,0.84546 ± 0.018
0.7,0.99704 ± 0.016,0.77618 ± 0.025,0.82791 ± 0.016,0.77949 ± 0.014,0.73422 ± 0.010,0.76170 ± 0.032,0.79797 ± 0.019,0.88267 ± 0.023,0.79270 ± 0.018,0.77343 ± 0.010,0.87536 ± 0.037,0.86891 ± 0.044,0.98437 ± 0.028,0.86922 ± 0.020
0.8,0.99319 ± 0.025,0.76382 ± 0.010,0.83615 ± 0.020,0.84563 ± 0.018,0.86604 ± 0.024,0.83241 ± 0.022,0.84385 ± 0.020,0.84742 ± 0.019,0.84554 ± 0.024,0.78813 ± 0.026,0.89171 ± 0.017,0.89404 ± 0.022,0.98437 ± 0.028,0.89910 ± 0.021
