,random,zero,mean,knn,mice,XGB,missforest,mf,hyper,gain,notmiwae,miwae,tabcsdi,ot
0.1,0.81901 ± 0.015,0.73257 ± 0.011,0.75516 ± 0.015,0.74492 ± 0.013,0.74032 ± 0.013,158412733213602633902080241885511680.00000 ± 316825466427205267804160483771023360.000,0.74514 ± 0.014,0.74910 ± 0.015,0.74182 ± 0.013,0.74740 ± 0.017,0.78849 ± 0.021,0.79062 ± 0.020,10893456.62566 ± 607503.872,0.76238 ± 0.012
0.2,0.91645 ± 0.015,0.73739 ± 0.013,0.74873 ± 0.009,0.74236 ± 0.010,0.73807 ± 0.011,0.77257 ± 0.053,0.73657 ± 0.011,0.74733 ± 0.010,0.73681 ± 0.011,0.73585 ± 0.009,0.79981 ± 0.016,0.80239 ± 0.021,10770043.27848 ± 657880.468,0.75545 ± 0.012
0.3,0.97738 ± 0.026,0.76334 ± 0.009,0.79906 ± 0.015,0.76895 ± 0.016,0.75366 ± 0.015,15616315603729808365970886295027712.00000 ± 31232631207459616731941772590055424.000,0.76548 ± 0.015,0.79386 ± 0.015,0.75901 ± 0.018,0.76563 ± 0.022,0.82603 ± 0.012,0.83475 ± 0.028,9947115.63083 ± 549547.519,0.80541 ± 0.012
0.4,0.94551 ± 0.036,0.78202 ± 0.007,0.79726 ± 0.013,0.77471 ± 0.016,0.76144 ± 0.014,211.08004 ± 420.274,0.77248 ± 0.015,0.79635 ± 0.013,0.76366 ± 0.016,0.77866 ± 0.025,0.82161 ± 0.023,0.82856 ± 0.024,9665107.66663 ± 551669.382,0.80031 ± 0.014
0.5,1.05820 ± 0.013,0.76219 ± 0.006,0.76852 ± 0.012,0.76569 ± 0.011,0.76434 ± 0.007,0.76449 ± 0.009,0.76017 ± 0.011,0.76466 ± 0.013,0.76202 ± 0.010,0.76393 ± 0.018,0.79133 ± 0.025,0.79284 ± 0.016,10130590.50042 ± 674311.253,0.78906 ± 0.017
0.6,1.04313 ± 0.038,0.80162 ± 0.014,0.82825 ± 0.017,0.81020 ± 0.011,0.82255 ± 0.017,0.80950 ± 0.017,0.79590 ± 0.026,0.83669 ± 0.015,0.79873 ± 0.012,0.76818 ± 0.012,0.90766 ± 0.041,0.91054 ± 0.047,10074413.86754 ± 631000.258,0.85074 ± 0.021
0.7,1.03380 ± 0.038,0.80816 ± 0.017,0.74575 ± 0.009,0.74227 ± 0.010,0.73748 ± 0.010,0.74046 ± 0.008,0.74282 ± 0.009,0.75437 ± 0.007,0.74269 ± 0.010,0.74073 ± 0.008,0.81836 ± 0.005,0.82064 ± 0.012,10131642.72836 ± 654748.743,0.75471 ± 0.012
0.8,1.12390 ± 0.039,0.91591 ± 0.008,1.01546 ± 0.020,0.98971 ± 0.019,0.98290 ± 0.025,0.96957 ± 0.031,1.04330 ± 0.076,1.02518 ± 0.022,1.00065 ± 0.030,0.88574 ± 0.035,1.06371 ± 0.038,1.05907 ± 0.039,8290459.34984 ± 332597.629,1.01396 ± 0.026
