,random,zero,mean,knn,mice,XGB,missforest,mf,hyper,gain,notmiwae,miwae,tabcsdi,ot
0.1,0.81901,0.73257,0.75516,0.74492,0.74032,158412733213602633902080241885511680.00000,0.74514,0.74910,0.74182,0.74740,0.78849,0.79062,10893456.62566,0.76238
0.2,0.91645,0.73739,0.74873,0.74236,0.73807,0.77257,0.73657,0.74733,0.73681,0.73585,0.79981,0.80239,10770043.27848,0.75545
0.3,0.97738,0.76334,0.79906,0.76895,0.75366,15616315603729808365970886295027712.00000,0.76548,0.79386,0.75901,0.76563,0.82603,0.83475,9947115.63083,0.80541
0.4,0.94551,0.78202,0.79726,0.77471,0.76144,211.08004,0.77248,0.79635,0.76366,0.77866,0.82161,0.82856,9665107.66663,0.80031
0.5,1.05820,0.76219,0.76852,0.76569,0.76434,0.76449,0.76017,0.76466,0.76202,0.76393,0.79133,0.79284,10130590.50042,0.78906
0.6,1.04313,0.80162,0.82825,0.81020,0.82255,0.80950,0.79590,0.83669,0.79873,0.76818,0.90766,0.91054,10074413.86754,0.85074
0.7,1.03380,0.80816,0.74575,0.74227,0.73748,0.74046,0.74282,0.75437,0.74269,0.74073,0.81836,0.82064,10131642.72836,0.75471
0.8,1.12390,0.91591,1.01546,0.98971,0.98290,0.96957,1.04330,1.02518,1.00065,0.88574,1.06371,1.05907,8290459.34984,1.01396
