,random,zero,mean,knn,mice,XGB,missforest,mf,hyper,gain,notmiwae,miwae,tabcsdi,ot
0.1,0.94538 ± 0.024,0.75357 ± 0.011,0.76944 ± 0.012,0.76275 ± 0.011,0.75913 ± 0.011,189850686991442007244285308500443136.00000 ± 379701373982884014488570617000886272.000,0.76216 ± 0.012,0.76437 ± 0.013,0.76004 ± 0.012,0.76500 ± 0.013,0.78851 ± 0.014,0.79112 ± 0.015,14791517.97374 ± 195344.035,0.77749 ± 0.012
0.2,1.04079 ± 0.023,0.75873 ± 0.014,0.77470 ± 0.009,0.76633 ± 0.009,0.76080 ± 0.010,0.80917 ± 0.086,0.76093 ± 0.010,0.77234 ± 0.010,0.76044 ± 0.009,0.75998 ± 0.010,0.81066 ± 0.015,0.81487 ± 0.018,14229895.16636 ± 126259.970,0.78527 ± 0.012
0.3,1.22232 ± 0.018,0.76628 ± 0.014,0.79836 ± 0.010,0.77816 ± 0.012,0.76660 ± 0.011,35526347405312328419345482186227712.00000 ± 71052694810624656838690964372455424.000,0.77153 ± 0.011,0.79594 ± 0.012,0.76758 ± 0.012,0.77331 ± 0.020,0.81298 ± 0.010,0.81860 ± 0.021,13949189.27484 ± 134220.882,0.81450 ± 0.009
0.4,1.29593 ± 0.027,0.76614 ± 0.014,0.80096 ± 0.011,0.78048 ± 0.012,0.76891 ± 0.011,587.74529 ± 1173.912,0.77550 ± 0.011,0.80205 ± 0.013,0.76943 ± 0.011,0.78534 ± 0.028,0.80886 ± 0.015,0.81275 ± 0.014,13800602.76943 ± 117946.578,0.81801 ± 0.016
0.5,1.17678 ± 0.018,0.77763 ± 0.009,0.78884 ± 0.014,0.78716 ± 0.014,0.78487 ± 0.011,0.78513 ± 0.012,0.78001 ± 0.014,0.78465 ± 0.015,0.78155 ± 0.013,0.78506 ± 0.023,0.79735 ± 0.019,0.80182 ± 0.017,12943099.32240 ± 267470.005,0.81391 ± 0.021
0.6,1.17389 ± 0.027,0.79191 ± 0.011,0.83863 ± 0.012,0.82075 ± 0.010,0.83156 ± 0.013,0.82586 ± 0.014,0.81090 ± 0.021,0.84743 ± 0.011,0.81256 ± 0.010,0.78691 ± 0.015,0.88642 ± 0.030,0.88448 ± 0.032,12244307.55600 ± 90830.566,0.87498 ± 0.016
0.7,1.08075 ± 0.028,0.77924 ± 0.012,0.77342 ± 0.013,0.76649 ± 0.013,0.75795 ± 0.012,0.76060 ± 0.012,0.76805 ± 0.013,0.78297 ± 0.012,0.76702 ± 0.012,0.76555 ± 0.011,0.82597 ± 0.010,0.82748 ± 0.016,14068487.12668 ± 144937.993,0.78394 ± 0.015
0.8,1.46212 ± 0.039,0.84553 ± 0.012,0.99730 ± 0.016,0.97450 ± 0.014,1.04625 ± 0.151,0.96227 ± 0.019,1.02120 ± 0.060,1.01507 ± 0.016,0.98568 ± 0.023,0.88013 ± 0.038,1.01237 ± 0.035,1.01618 ± 0.039,10219130.60139 ± 230245.304,1.04201 ± 0.023
