,train_rmse_mean,train_rmse_std,train_mae_mean,train_mae_std,test_rmse_mean,test_rmse_std,test_mae_mean,test_mae_std
0.3,0.09448413,0.001029246,0.064929605,0.00073237007,0.09413095,0.0026804372,0.064571194,0.0009821189
0.5,0.10573204,0.002582021,0.07337684,0.0016876465,0.104794845,0.004184543,0.07246735,0.001981488
0.7,0.120095536,0.0048652044,0.08376042,0.0034586713,0.11899783,0.00493621,0.08271023,0.0029544164
