,train_ML_f1_mean,train_ML_f1_std,test_ML_f1_mean,test_ML_f1_std
0.1,0.8064542559746035,0.010753841091419107,0.8015474911965509,0.031307565425347204
0.2,0.8320889251195098,0.004070984323374621,0.8178767593488125,0.02240484634818829
0.3,0.837978628719668,0.01099917181955031,0.823422921280166,0.037567767994129427
0.4,0.8242619843157744,0.004621536622954362,0.8197738759868084,0.02547478840616537
0.5,0.8085599155778993,0.00616272949475207,0.8089484449087946,0.03490608118126042
0.6,0.822313487769161,0.007080659631797666,0.8173498529429282,0.0442320913975786
0.7,0.8061173580166627,0.007851118193187947,0.7962875617880428,0.026624629595372644
0.8,0.8185974362680251,0.006221870538302923,0.8101149850739165,0.04175900621702512
