,train_ML_rmse_mean,train_ML_rmse_std,test_ML_rmse_mean,test_ML_rmse_std
0.1,14.972458342767066,0.36048521845649556,14.928581674456382,1.9345915035958754
0.2,14.787789242494004,0.3170327596318505,14.783294122023955,2.028294272649888
0.3,14.962929989862335,0.33444260975255463,14.920475634061514,1.8105204618131336
0.4,14.4062037258672,0.2755307011086108,13.964118740988999,1.9539222103186098
0.5,15.051526561297257,0.34116733559036466,14.892466615058064,1.8958104332082646
0.6,15.103885779139478,0.2754251710041607,14.960518803132823,1.8636302506706526
0.7,13.894988259192411,0.4185815108474188,13.438584513118812,2.389999516109145
0.8,14.99725278066972,0.3247254163582276,14.999777799682715,1.9175752904864771
