,train_ML_rmse_mean,train_ML_rmse_std,test_ML_rmse_mean,test_ML_rmse_std
0.1,61182.44362569298,3535.853101418831,96860.1427302466,8262.149498993553
0.2,60420.230674961735,3319.9650917819204,97082.91542058924,12163.253045093563
0.3,62520.2965435474,2296.5359603704915,99175.6007013839,6728.613870528185
0.4,59599.9740445043,2027.0434833787003,109901.08379061338,23757.175963549424
0.5,62263.417235262285,4681.305236650289,93861.57862630601,5308.818230768908
0.6,44437.292912853954,2517.040207204784,78385.66270379254,11056.024644736543
0.7,42594.93723022226,1348.6932173405398,74158.85611592187,6995.9993489609515
0.8,39104.21667674229,3178.659038660716,76198.26524130921,11005.216096015633
