,train_ML_rmse_mean,train_ML_rmse_std,test_ML_rmse_mean,test_ML_rmse_std
0.1,16.637136601755707,0.29643620031176754,16.410658115038782,1.9347440568196594
0.2,16.43616144753412,0.2740540119322535,16.31144226968872,1.9787630312887774
0.3,16.681666531730098,0.2721360731192715,16.415978074978646,1.9047576071380634
0.4,16.093744071229015,0.3070316804284303,15.897208563158376,2.06350756512241
0.5,16.711534520224802,0.293742400094703,16.422335492759604,1.9220030383157212
0.6,16.749777869443736,0.27915790115184763,16.426691188994695,1.8951034843489036
0.7,15.443405507763327,0.21053038994271306,15.4112266454115,2.2075524586579895
0.8,16.782373733144762,0.33875129814859,16.392259986652377,1.8957255961248145
