,train_ML_rmse_mean,train_ML_rmse_std,test_ML_rmse_mean,test_ML_rmse_std
0.1,14.586642945736315,1.5541035049286067,15.08112385694678,1.4658969489123304
0.2,14.58338747569193,1.5513468642928812,15.174448962509507,1.42926891145092
0.3,14.599106589870356,1.5871117919484594,15.108278751612769,1.502785730192537
0.4,14.569484355743953,1.607482011548272,15.553962180902237,1.3300263925936284
0.5,14.60011102531295,1.5803892597301137,15.07769658901746,1.4635538727973953
0.6,14.748132185967526,1.6279563942570519,15.103046091052013,1.48640686751947
0.7,14.769509546339933,1.6448878229110921,15.748096046225191,1.2881282426539071
0.8,14.823448217451537,1.6765789362577492,15.126129204056355,1.4524425732396797
