,random,zero,mean,knn,mice,XGB,missforest,mf,hyper,gain,notmiwae,miwae,tabcsdi,ot
0.1,0.71799,0.73444,0.65668,0.64413,0.64110,0.71373,0.64239,0.65929,0.64417,0.65622,0.68114,0.68633,0.83590,0.67395
0.2,0.77507,0.79690,0.68086,0.66446,0.65548,0.76270,0.65574,0.68754,0.65562,0.68217,0.68977,0.70267,0.83590,0.70756
0.3,0.81293,0.81834,0.69356,0.72548,0.66573,0.75797,0.66323,0.69602,0.66480,0.68459,0.69411,0.68878,0.83590,0.73832
0.4,0.83330,0.85192,0.70328,0.71789,0.68677,0.75723,0.69863,0.71312,0.68861,0.70728,0.71069,0.71343,0.83590,0.74905
0.5,0.83769,0.86480,0.73041,0.77457,0.71591,0.74710,0.73879,0.74293,0.70777,0.73424,0.74634,0.73025,0.83590,0.77751
0.6,0.82267,0.86861,0.74517,0.76942,0.72053,0.74517,0.73195,0.73357,0.72013,0.72707,0.74637,0.74280,0.83658,0.79165
0.7,0.84428,0.92531,0.77811,0.82518,0.76858,0.77811,0.78813,0.78710,0.78104,0.81396,0.78412,0.79269,0.83773,0.84973
0.8,0.83409,0.92465,0.79014,0.81265,0.79158,0.79014,0.84436,0.80200,0.81760,0.86950,0.80210,0.79739,0.83740,0.87638
0.9,0.83751,0.93534,0.79904,0.85284,0.80348,0.79904,0.88505,0.80310,0.87453,0.88664,0.82860,0.81157,0.84519,0.89078
