,random,zero,mean,knn,mice,XGB,missforest,mf,hyper,gain,notmiwae,miwae,tabcsdi,ot
0.1,0.76147,0.72669,0.67450,0.66315,0.66346,19324679452124319706879289553059840.00000,0.66316,0.67500,0.66528,0.67421,0.69408,0.69523,11247397.63917,0.68238
0.2,0.83697,0.77318,0.68645,0.67123,0.67260,147589193429865801982747302818742272.00000,0.66862,0.69248,0.67227,0.68889,0.70367,0.71305,10504010.98944,0.69878
0.3,0.92517,0.78752,0.69453,0.71362,0.66801,14097103057685896.00000,0.66855,0.70046,0.67363,0.68891,0.70744,0.70189,9765996.72580,0.72166
0.4,1.02835,0.81445,0.70596,0.71378,0.69843,3839455.56506,0.70077,0.71646,0.69501,0.70557,0.71921,0.72234,9102323.84481,0.73644
0.5,1.05465,0.81195,0.72153,0.75383,0.71793,40990009196229545068934987776.00000,0.72553,0.72912,0.70836,0.72256,0.75089,0.73819,8181970.99170,0.75067
0.6,1.06828,0.81363,0.73237,0.75251,0.72111,0.73237,0.72488,0.74576,0.72289,0.75328,0.74885,0.74931,7449659.42423,0.76742
0.7,1.11646,0.85147,0.76561,0.78914,0.75780,0.76561,0.77047,0.77613,0.76148,0.78459,0.77959,0.78246,6218923.92318,0.80632
0.8,1.14571,0.83427,0.77783,0.78739,0.78491,0.77783,0.83564,0.78619,0.80285,0.85625,0.79300,0.79295,5131539.81837,0.83209
0.9,1.15240,0.81538,0.78977,0.82628,0.79319,0.78977,0.84347,0.79860,0.86448,0.87528,2.28281,0.80329,3790290.32791,0.85314
