,train_ML_f1_mean,train_ML_f1_std,test_ML_f1_mean,test_ML_f1_std
0.1,0.4771642556226735,0.006733258822546334,0.522537722735271,0.05882690280480906
0.2,0.4776858435681965,0.006069967429577366,0.518619376055127,0.08361512239037365
0.3,0.4776858435681965,0.006069967429577366,0.5098954219921021,0.0689587113820199
0.4,0.4776858435681965,0.006069967429577366,0.509382341796135,0.03307427774423504
0.5,0.4776858435681965,0.006069967429577366,0.4776858435681965,0.006069967429577366
0.6,0.4776858435681965,0.006069967429577366,0.47718417132739377,0.0058955496106883635
0.7,0.4776858435681965,0.006069967429577366,0.5067220704991604,0.062253399411226984
0.8,0.4776858435681965,0.006069967429577366,0.47718417132739377,0.0058955496106883635
0.9,0.4776858435681965,0.006069967429577366,0.4776858435681965,0.006069967429577366
