,train_ML_f1_mean,train_ML_f1_std,test_ML_f1_mean,test_ML_f1_std
0.1,0.7590138007769405,0.08200085822691013,0.766286634518549,0.10471137838102329
0.2,0.6022397531116453,0.13320537332540147,0.670655738572173,0.07829077069213869
0.3,0.5488091489512066,0.10697768504106754,0.6256307465231388,0.10084051798529375
0.4,0.5692332114303493,0.08408296549951895,0.5615975358820747,0.04877175074440322
0.5,0.5608137415508548,0.07299050302407346,0.6048149130949598,0.08732986826558166
0.6,0.47667211618316563,0.0061554825358335445,0.5249890609066469,0.06230421836856812
0.7,0.4776858435681965,0.006069967429577366,0.5980473038344716,0.07168439317787531
0.8,0.4740797163995204,0.007820161684516583,0.518246124661566,0.09788393472202885
0.9,0.4870319974143504,0.021068519021428457,0.5052964797522307,0.04732544872691697
