,train_ML_f1_mean,train_ML_f1_std,test_ML_f1_mean,test_ML_f1_std
0.1,0.1808392727178819,0.00996752566868021,0.14011366290719565,0.02447987248411449
0.2,0.507404071954549,0.05999271924629633,0.5082003630143328,0.06164687971881023
0.3,0.29631899095552167,0.038538630174780035,0.19325811742694995,0.026366486201203503
0.4,0.19542545507652215,0.017772688443054782,0.13596703924260656,0.02306616516233711
0.5,0.1714637349751894,0.048935988030489014,0.052532169823350724,0.010667584393494692
0.6,0.20495628589218148,0.03263848374571884,0.1479293121048466,0.01591774117576662
0.7,0.15981140744289868,0.05086354575083824,0.04187813004294871,0.009894776308782091
0.8,0.23570265254291484,0.05331256116457127,0.05646001139752428,0.0129655713971966
