,train_ML_f1_mean,train_ML_f1_std,test_ML_f1_mean,test_ML_f1_std
0.1,0.3346829836992073,0.028048739463105144,0.17318025048580482,0.044986515102545546
0.2,0.3916215767802519,0.013315626766641418,0.3906696864991003,0.01273399836844079
0.3,0.3785009777924288,0.035585968883228354,0.2947218456834415,0.03882294870555146
0.4,0.3306959185666606,0.026783027175510475,0.16843753135433764,0.04437483569884243
0.5,0.2061627549523279,0.040272326617608184,0.08472420204256625,0.019828083022010955
0.6,0.2778936139378768,0.0359765676421733,0.21470792695713775,0.034421292566036994
0.7,0.16606365007035137,0.04736833790001365,0.05174911678562131,0.013808114389431043
0.8,0.20609517498167187,0.030123827275063755,0.10314450697377549,0.019990901576788175
