,train_ML_rmse_mean,train_ML_rmse_std,test_ML_rmse_mean,test_ML_rmse_std
0.1,13.025815304741537,0.6511756206823555,12.378018066945767,0.43610291608950275
0.2,11.098514711995193,0.47731503586155033,11.735418409471972,0.5015574663686297
0.3,14.274827386498169,0.5759888682987758,14.226352895326361,0.8210453349090756
0.4,16.107797214608688,0.802738406122855,17.645756022660215,0.2773040547054481
0.5,12.916832102032464,0.6607045063952905,13.551102502923834,0.7017692434858621
0.6,14.511024128554368,0.6144244333404667,15.510625338462521,0.5195457656501536
0.7,15.287553257088899,0.6252196145873735,17.45019112395197,0.8184678497104553
0.8,15.163304066058004,0.7638583255626931,14.614936978238967,0.5672188816534499
