,train_ML_rmse_mean,train_ML_rmse_std,test_ML_rmse_mean,test_ML_rmse_std
0.1,11.597015756804172,0.6283314473662884,15.33280453077261,0.8375255198897438
0.2,11.067320158223328,0.5783192885183707,10.832824102057739,0.8274221283504424
0.3,11.81262381493194,0.408568178541319,17.85608227573697,1.1567067594107594
0.4,13.920054849244494,0.8217461669936578,23.95459654324856,1.4401972446904463
0.5,11.133879126418364,0.5563299871243529,14.810823242529471,0.7005589677287443
0.6,12.40203949300681,0.17328889718318877,20.878219479659577,0.7650107580706942
0.7,13.232881028693892,1.0016806138936332,32.00905951332284,0.4489778165462127
0.8,14.618295726546313,0.867139332187973,22.80302799363391,1.1065099052152785
