,train_ML_rmse_mean,train_ML_rmse_std,test_ML_rmse_mean,test_ML_rmse_std
0.1,14.305039490583761,0.6732287190362337,14.011264428204885,0.7319421094301818
0.2,13.305950756033775,0.6350783016517834,13.909993439487343,0.6213492062852127
0.3,14.811893053775412,0.6160552479832125,15.167995802799677,0.8348586996566725
0.4,16.34981861849603,0.5981991108446039,19.189413262958205,0.5705107902153771
0.5,14.550575682338103,0.6447925992773172,16.20677959050258,0.6829153215626823
0.6,16.424754447967217,0.5603587506937121,18.293792232642364,0.5942597131743486
0.7,18.375863726817585,0.6019973007042568,23.24683726815765,0.9192680448103064
0.8,16.905204740716858,0.5065839415373748,19.984552498947192,0.553289755975262
