,random,zero,mean,knn,mice,XGB,missforest,mf,hyper,gain,notmiwae,miwae,tabcsdi,ot
0.1,0.91381,0.93897,0.95568,0.96588,0.95628,0.95629,0.96001,0.95197,0.96666,0.95867,0.89225,0.87199,0.47561,0.94247
0.2,0.86225,0.89591,0.90733,0.90901,0.91301,0.90841,0.91650,0.90621,0.92501,0.90198,0.78840,0.83909,0.44819,0.90296
0.3,0.80701,0.83578,0.85131,0.83552,0.84114,0.83470,0.86859,0.85678,0.85990,0.85657,0.72312,0.73997,0.51781,0.82396
0.4,0.74270,0.83571,0.82009,0.82166,0.81038,0.81424,0.83455,0.82632,0.82804,0.82747,0.65039,0.64188,0.59405,0.80215
0.5,0.70161,0.81497,0.74237,0.79465,0.75644,0.75264,0.80605,0.77882,0.77615,0.79909,0.66693,0.64661,0.63997,0.72973
0.6,0.64175,0.69554,0.68491,0.68322,0.68892,0.67710,0.71429,0.70397,0.71681,0.69891,0.59129,0.63706,0.41585,0.68095
0.7,0.60271,0.69104,0.67358,0.69819,0.66102,0.67873,0.69060,0.67834,0.66589,0.67897,0.61741,0.61105,0.55424,0.62160
0.8,0.49136,0.48057,0.53750,0.53924,0.50107,0.48140,0.51266,0.52705,0.52756,0.49177,0.45085,0.47310,0.41272,0.49790
0.9,0.48725,0.52572,0.50034,0.54141,0.50666,0.52754,0.48446,0.48603,0.47956,0.46704,0.48471,0.46139,0.46538,0.45742
