,random,zero,mean,knn,mice,XGB,missforest,mf,hyper,gain,notmiwae,miwae,tabcsdi,ot
0.1,0.87779 ± 0.013,0.90669 ± 0.018,0.91871 ± 0.010,0.94532 ± 0.013,0.94748 ± 0.010,0.94383 ± 0.007,0.94672 ± 0.007,0.91705 ± 0.008,0.95561 ± 0.009,0.92375 ± 0.019,0.80990 ± 0.054,0.78628 ± 0.075,0.51458 ± 0.021,0.90924 ± 0.007
0.2,0.83778 ± 0.011,0.87113 ± 0.020,0.87689 ± 0.036,0.88609 ± 0.026,0.90560 ± 0.018,0.89263 ± 0.016,0.90213 ± 0.030,0.88506 ± 0.020,0.91292 ± 0.023,0.85711 ± 0.019,0.73301 ± 0.061,0.77762 ± 0.027,0.47762 ± 0.014,0.86945 ± 0.029
0.3,0.75055 ± 0.026,0.80369 ± 0.013,0.80808 ± 0.018,0.80796 ± 0.011,0.82238 ± 0.016,0.79969 ± 0.014,0.84806 ± 0.015,0.81854 ± 0.009,0.84467 ± 0.022,0.80227 ± 0.015,0.65765 ± 0.048,0.65840 ± 0.035,0.53077 ± 0.013,0.78599 ± 0.018
0.4,0.71303 ± 0.023,0.78584 ± 0.027,0.75271 ± 0.022,0.77654 ± 0.024,0.79535 ± 0.019,0.77450 ± 0.017,0.80875 ± 0.025,0.77973 ± 0.024,0.80091 ± 0.011,0.77072 ± 0.030,0.57911 ± 0.029,0.57873 ± 0.029,0.55882 ± 0.036,0.75137 ± 0.037
0.5,0.66319 ± 0.025,0.81341 ± 0.013,0.71953 ± 0.028,0.76601 ± 0.029,0.74141 ± 0.043,0.72668 ± 0.028,0.77819 ± 0.017,0.72246 ± 0.014,0.77223 ± 0.028,0.77343 ± 0.027,0.59151 ± 0.060,0.59405 ± 0.052,0.59043 ± 0.036,0.71377 ± 0.028
0.6,0.61069 ± 0.021,0.66413 ± 0.019,0.64837 ± 0.022,0.65972 ± 0.031,0.67898 ± 0.010,0.65480 ± 0.023,0.69166 ± 0.044,0.65246 ± 0.014,0.68592 ± 0.021,0.63695 ± 0.008,0.56553 ± 0.058,0.59271 ± 0.012,0.49109 ± 0.030,0.66094 ± 0.029
0.7,0.60238 ± 0.031,0.68572 ± 0.019,0.64787 ± 0.021,0.65902 ± 0.030,0.65923 ± 0.020,0.66676 ± 0.019,0.67349 ± 0.031,0.66391 ± 0.021,0.65773 ± 0.036,0.67095 ± 0.029,0.63804 ± 0.034,0.61909 ± 0.022,0.50398 ± 0.014,0.63383 ± 0.014
0.8,0.49571 ± 0.045,0.48343 ± 0.023,0.51300 ± 0.018,0.53409 ± 0.023,0.52313 ± 0.027,0.51379 ± 0.019,0.52381 ± 0.022,0.54951 ± 0.028,0.52053 ± 0.028,0.52479 ± 0.038,0.46522 ± 0.066,0.48225 ± 0.027,0.45764 ± 0.034,0.53479 ± 0.020
0.9,0.47857 ± 0.036,0.52645 ± 0.040,0.51957 ± 0.038,0.53889 ± 0.042,0.51872 ± 0.037,0.53727 ± 0.048,0.49748 ± 0.029,0.47451 ± 0.022,0.46603 ± 0.042,0.43210 ± 0.065,0.50591 ± 0.020,0.49398 ± 0.080,0.47924 ± 0.048,0.49483 ± 0.066
