,random,zero,mean,knn,mice,XGB,missforest,mf,hyper,gain,notmiwae,miwae,tabcsdi,ot
0.1,0.86016,0.76531,0.90512,0.92834,0.92818,0.92297,0.93038,0.91183,0.93129,0.90638,0.75956,0.75592,0.52592,0.89332
0.2,0.81110,0.68893,0.86159,0.87678,0.88567,0.87371,0.87447,0.87031,0.88952,0.83089,0.70421,0.73981,0.54131,0.85077
0.3,0.72888,0.65888,0.79031,0.79120,0.81221,0.79845,0.82716,0.80514,0.83020,0.79468,0.64842,0.64476,0.56420,0.77773
0.4,0.70244,0.70793,0.73091,0.76044,0.78562,0.75799,0.78237,0.76547,0.78076,0.74711,0.57385,0.57758,0.51241,0.73592
0.5,0.65703,0.67582,0.72285,0.76415,0.73391,0.72425,0.75818,0.71450,0.74121,0.75686,0.59207,0.58701,0.51196,0.71679
0.6,0.57536,0.52038,0.64520,0.65409,0.67368,0.64953,0.68692,0.65668,0.68284,0.63054,0.56357,0.59090,0.49964,0.65270
0.7,0.57936,0.57624,0.64303,0.66496,0.64899,0.66318,0.67183,0.66508,0.67140,0.65031,0.63565,0.61797,0.50937,0.62955
0.8,0.49113,0.43283,0.50139,0.53378,0.51313,0.51444,0.52380,0.52099,0.52789,0.50843,0.45976,0.48386,0.49174,0.52359
0.9,0.46635,0.44262,0.50304,0.50723,0.50773,0.53317,0.48938,0.51354,0.48191,0.42682,0.48357,0.47360,0.47683,0.50015
