,mean,knn,mice,XGB,missforest,mf
0.1,0.91754 ± 0.013,0.93634 ± 0.017,0.93033 ± 0.014,0.94825 ± 0.010,0.93530 ± 0.018,0.92730 ± 0.010
0.2,0.86948 ± 0.037,0.87870 ± 0.029,0.88757 ± 0.011,0.92231 ± 0.019,0.88072 ± 0.032,0.86846 ± 0.018
0.3,0.79355 ± 0.014,0.79444 ± 0.020,0.80934 ± 0.023,0.85755 ± 0.008,0.82827 ± 0.026,0.81482 ± 0.013
0.4,0.80675 ± 0.014,0.76508 ± 0.034,0.78536 ± 0.023,0.80991 ± 0.017,0.78893 ± 0.017,0.79759 ± 0.028
0.5,0.73600 ± 0.022,0.76044 ± 0.033,0.73263 ± 0.042,0.76154 ± 0.026,0.76400 ± 0.024,0.72191 ± 0.016
0.6,0.67287 ± 0.026,0.65631 ± 0.032,0.67526 ± 0.020,0.67822 ± 0.028,0.68241 ± 0.037,0.68399 ± 0.015
0.7,0.68897 ± 0.022,0.67486 ± 0.019,0.67070 ± 0.018,0.65937 ± 0.019,0.67105 ± 0.035,0.68549 ± 0.026
0.8,0.53910 ± 0.022,0.54444 ± 0.028,0.53798 ± 0.017,0.53585 ± 0.019,0.53480 ± 0.033,0.54865 ± 0.020
0.9,0.51280 ± 0.050,0.54301 ± 0.044,0.51348 ± 0.046,0.47235 ± 0.017,0.50235 ± 0.028,0.52166 ± 0.047
