,mean,knn,mice,XGB,missforest,mf,hyper,gain,notmiwae,miwae,tabcsdi,ot
0.1,0.20107 ± 0.004,0.15577 ± 0.005,0.13283 ± 0.001,0.13187 ± 0.002,0.14229 ± 0.004,0.20340 ± 0.003,0.09426 ± 0.008,0.20913 ± 0.028,0.12280 ± 0.004,0.12235 ± 0.002,0.22199 ± 0.003,0.22599 ± 0.004
0.2,0.21107 ± 0.003,0.21191 ± 0.006,0.15569 ± 0.003,0.15558 ± 0.003,0.15206 ± 0.004,0.22171 ± 0.003,0.12652 ± 0.007,0.22614 ± 0.034,0.14904 ± 0.004,0.14760 ± 0.006,0.23921 ± 0.004,0.23356 ± 0.004
0.3,0.22689 ± 0.002,0.22779 ± 0.002,0.17218 ± 0.002,0.17319 ± 0.002,0.17587 ± 0.004,0.23878 ± 0.007,0.15764 ± 0.003,0.20772 ± 0.010,0.16932 ± 0.008,0.16189 ± 0.001,0.24880 ± 0.006,0.24963 ± 0.002
0.4,0.19884 ± 0.002,0.19851 ± 0.003,0.16461 ± 0.002,0.15811 ± 0.002,0.16150 ± 0.002,0.22179 ± 0.003,0.15628 ± 0.002,0.26153 ± 0.017,0.15115 ± 0.003,0.15047 ± 0.002,0.22354 ± 0.004,0.22334 ± 0.002
0.5,0.21039 ± 0.002,0.18665 ± 0.003,0.17903 ± 0.003,0.17317 ± 0.001,0.16925 ± 0.003,0.23825 ± 0.003,0.16414 ± 0.002,0.22762 ± 0.030,0.16666 ± 0.004,0.16598 ± 0.003,0.23738 ± 0.005,0.23249 ± 0.004
0.6,0.20508 ± 0.002,0.21217 ± 0.004,0.17839 ± 0.002,0.17330 ± 0.002,0.18351 ± 0.009,0.22286 ± 0.002,0.16880 ± 0.005,0.24271 ± 0.045,0.17250 ± 0.006,0.17591 ± 0.005,0.22926 ± 0.004,0.22761 ± 0.002
0.7,0.21792 ± 0.002,0.21487 ± 0.004,0.20067 ± 0.003,0.20788 ± 0.006,0.22397 ± 0.012,0.23752 ± 0.002,0.20471 ± 0.010,0.24054 ± 0.026,0.21236 ± 0.006,0.19406 ± 0.006,0.23822 ± 0.004,0.24006 ± 0.001
0.8,0.20887 ± 0.002,0.20550 ± 0.003,0.20581 ± 0.004,0.20418 ± 0.003,0.22382 ± 0.019,0.21886 ± 0.002,0.20318 ± 0.002,0.26286 ± 0.020,0.25328 ± 0.108,0.20524 ± 0.005,0.24606 ± 0.004,0.23160 ± 0.002
0.9,0.22991 ± 0.003,0.22864 ± 0.004,0.23043 ± 0.005,0.22982 ± 0.007,0.24973 ± 0.030,0.23996 ± 0.003,0.25964 ± 0.023,0.31271 ± 0.058,1.41703 ± 1.084,0.23125 ± 0.007,0.24601 ± 0.003,0.25028 ± 0.003
