,train_ML_f1_mean,train_ML_f1_std,test_ML_f1_mean,test_ML_f1_std
0.1,0.8340605074519661,0.028899701799313372,0.8288844778512118,0.022640505066597736
0.2,0.8194654709885363,0.03540012349316533,0.828453476212097,0.01744125329413802
0.3,0.8290822464583594,0.03606724465504443,0.8452837225613996,0.026684739337769454
0.4,0.8140950175985328,0.02614485564815618,0.8265978009175097,0.022098078575093466
0.5,0.7660974023622322,0.0359535094597462,0.7997592635890509,0.04146818899875374
0.6,0.8198415742514031,0.0327749575379338,0.8511566191856751,0.030694496879213006
0.7,0.791385412438044,0.04415488295466071,0.8212805836803444,0.031068446950914055
0.8,0.7995968454999425,0.037983547314193226,0.7665573358490845,0.018081683663078017
