,train_ML_f1_mean,train_ML_f1_std,test_ML_f1_mean,test_ML_f1_std
0.1,0.8154912930107437,0.058139207619542416,0.8164213370305194,0.056750945139031485
0.2,0.8402390233185827,0.05183237951709668,0.8028288716925497,0.06617636462681084
0.3,0.8302324464322609,0.03649916431664284,0.8325094419801123,0.06680396368291974
0.4,0.8059405101717434,0.05612685455373273,0.7713975636249252,0.07133964005965888
0.5,0.7378547746504149,0.04659066754429764,0.7247786209284629,0.06060810543469909
0.6,0.7942522173986706,0.05067974226744869,0.8208539464265991,0.08106745169021136
0.7,0.8193525448937317,0.041788129852293195,0.774309305081049,0.08777621502094501
0.8,0.7753674526664847,0.048876058654870706,0.7655185061502239,0.02616941480954607
