,train_ML_f1_mean,train_ML_f1_std,test_ML_f1_mean,test_ML_f1_std
0.1,0.8223345842553378,0.02596851484883705,0.7407273476428826,0.08492592751810352
0.2,0.7668984830790906,0.025634963630736605,0.6061027489385047,0.08589339915757276
0.3,0.7104324616201877,0.050497461535889604,0.5715744586303655,0.056759885738321504
0.4,0.5489425001941189,0.05101967084232593,0.4771841713273939,0.0058955496106883635
0.5,0.5819086086766683,0.061398268908127905,0.49734736704046173,0.04858802729442229
0.6,0.4773655293779311,0.001642527687711916,0.4776858435681965,0.006069967429577366
0.7,0.48913622015303193,0.014505781116766437,0.4776858435681965,0.006069967429577366
0.8,0.4773655293779311,0.001642527687711916,0.4776858435681965,0.006069967429577366
0.9,0.4773655293779311,0.001642527687711916,0.4776858435681965,0.006069967429577366
