,train_ML_f1_mean,train_ML_f1_std,test_ML_f1_mean,test_ML_f1_std
0.1,0.501336631514094,0.06791211061809026,0.4779692414856872,0.06909927833548789
0.2,0.45129213179438193,0.037744250292582056,0.3937572604705636,0.03489701026843094
0.3,0.4658131060315308,0.053406265919326165,0.3436270041026512,0.018646109674944587
0.4,0.4107048423398858,0.07346509561334232,0.3226827574065784,0.051659749369483095
0.5,0.3365320234803869,0.017948683458614854,0.2425596029073233,0.0341212959549157
0.6,0.27884024366632304,0.027972781048266764,0.22152321757191062,0.0313444095543909
0.7,0.23140637740537545,0.0264273457968202,0.16895132621725778,0.019143532992500475
0.8,0.1931800227962634,0.05906904741329001,0.1499188336687116,0.03256631201418927
0.9,0.10565895066473448,0.028977534747118408,0.11709006005162803,0.03531155237323672
