,train_ML_f1_mean,train_ML_f1_std,test_ML_f1_mean,test_ML_f1_std
0.1,0.3802452170079422,0.007428371070517028,0.36129412347362455,0.03351589561889534
0.2,0.3665002640886178,0.020222258698935028,0.30931455434830096,0.021927331471034147
0.3,0.339565615893285,0.01629108592802745,0.28942447495176155,0.04868768638272684
0.4,0.2847611133415061,0.037400310600979814,0.26841304298399804,0.029192193038765586
0.5,0.2459393455245955,0.011592127940161743,0.20921561857577298,0.02118076044478454
0.6,0.19787615292859628,0.037124452663177224,0.19320059082647098,0.022197011936151027
0.7,0.16472051448249417,0.01998991108538945,0.1578728654968494,0.013391736989315022
0.8,0.15167417499633756,0.02797407368053598,0.12986924868202177,0.022081614832963725
0.9,0.08968640587852965,0.010180619443215844,0.11045924770839717,0.028857666962513226
