,train_ML_rmse_mean,train_ML_rmse_std,test_ML_rmse_mean,test_ML_rmse_std
0.1,10.72793641240684,0.6904131341208135,11.862550362757634,0.690169104801078
0.2,10.870123123344374,0.6293846027332383,12.802377215576746,0.7639071706547699
0.3,11.03545370034328,0.6711622278660668,13.989894515308231,0.9452349947854528
0.4,11.262600694727729,0.593401236933988,15.161618809845786,0.8279650454701266
0.5,11.315038313054606,0.5969727557838617,15.891508790929942,1.2373010416648647
0.6,11.950264002770806,0.6956150683715436,16.914713520548442,0.38156752855345655
0.7,11.812965269748117,0.4890928036737573,16.922868058439303,0.7555927934022199
0.8,13.092152118621096,0.43797916066017273,17.69876749131339,0.6155365808628184
0.9,14.249138728298576,0.546248906280925,18.17571936506443,1.2859547604023367
