,train_ML_rmse_mean,train_ML_rmse_std,test_ML_rmse_mean,test_ML_rmse_std
0.1,12.941135899362578,0.6020780652737057,13.297483997195911,0.49176122782301684
0.2,13.339761548206607,0.6338155634718904,13.888330980002673,0.7252041769864244
0.3,13.924791044234649,0.5673452460373336,14.53471204971035,0.7940523381447183
0.4,13.970888861073812,0.6396567971509399,15.034156070924947,0.3637004901855545
0.5,14.586147566349885,0.6187172271527739,15.550980168054437,0.7594867136849194
0.6,14.763642977268882,0.6726623964435366,16.161891872846837,0.5908895660146954
0.7,14.625622273230132,0.6376421139181255,16.057067298997552,0.7064304486562777
0.8,15.21480143086016,0.571257964529537,16.58223855888938,0.6367658017853755
0.9,15.494472971444699,0.5591718298504462,16.86637008945919,0.8675364821465014
