,random,zero,mean,knn,mice,XGB,missforest,mf,hyper,gain,notmiwae,miwae,tabcsdi,ot
0.1,10.81973,12.45443,10.16957,10.60778,10.16502,10.28846,10.39414,10.25150,10.31994,16.74773,15.11888,15.16635,143052919.97716,10.09252
0.2,10.96906,13.35684,10.17270,11.11355,10.19283,10.17095,10.18345,10.75576,10.54210,16.64828,15.15042,15.20396,137823901.59599,10.42214
0.3,12.19237,13.51253,10.16727,11.57619,10.20227,10.35618,10.15325,10.81184,10.96600,17.80991,15.20012,15.12442,130099044.31170,10.58201
0.4,13.98004,16.50569,11.70193,12.61582,12.03866,12.33564,12.32039,12.29972,12.34666,19.23799,14.96780,14.86255,117632030.17346,12.12187
0.5,14.95423,17.78271,12.12580,13.68847,13.63359,15.25767,13.53678,12.83083,13.52847,20.08875,15.02159,14.71131,110110598.72104,12.50985
0.6,15.36201,19.16248,12.92388,14.13016,16.14962,14.18893,14.05263,13.71004,14.73701,21.67330,14.86200,14.79284,93604632.24308,13.83003
0.7,17.96672,21.30416,13.96009,15.67345,14.19998,17.07931,15.53921,14.80793,16.12429,23.32173,15.60375,14.91917,79600787.09760,14.42507
0.8,18.13414,21.94033,14.11167,15.05042,14.19321,16.29484,17.15931,14.59499,15.78745,22.67386,15.06807,14.90728,59676992.32498,14.60143
0.9,18.60254,22.37161,14.41139,15.33170,16.26627,20.38472,16.67190,15.82876,15.31413,23.68072,53.73585,14.94819,52216142.00436,16.27082
