,random,zero,mean,knn,mice,XGB,missforest,mf,hyper,gain,notmiwae,miwae,tabcsdi,ot
0.1,13.12290,13.32470,12.90081,13.10214,12.94981,12.99596,13.04965,12.83765,12.95637,14.58811,16.00307,16.15922,15.69150,12.88022
0.2,13.09516,13.89088,12.96399,13.37897,13.07594,13.05575,13.00793,13.06756,13.10673,14.66050,16.01336,16.16326,15.69150,13.08955
0.3,13.50314,13.84698,13.00877,13.30387,13.09180,13.13823,13.02503,13.17286,13.09109,14.61060,15.77695,15.94634,15.70137,13.17581
0.4,14.45186,15.13429,13.51948,13.98949,13.86007,13.87531,13.75814,13.70945,13.87548,14.86070,15.64308,15.98403,15.69150,13.75440
0.5,14.69533,15.41552,13.93438,14.60682,13.91605,14.16462,14.21169,14.36080,14.47441,15.08633,15.82444,15.89897,15.69312,14.08325
0.6,14.91731,15.81852,14.52312,14.84942,14.33402,14.88784,14.93748,14.87574,15.09439,15.34151,15.89809,16.02241,15.69730,14.87659
0.7,16.30980,16.33140,15.05483,15.41875,15.11414,15.19268,14.66089,15.27638,16.02322,16.02128,15.32751,15.95317,15.85605,15.39514
0.8,16.10309,16.37913,15.45802,15.73222,15.59926,15.59407,16.24149,15.61696,16.34145,15.99447,15.59471,16.24295,16.22339,15.68715
0.9,16.48566,16.45065,15.48471,15.67844,15.73279,15.90426,16.00751,15.97187,15.53724,15.88666,15.54594,16.11986,16.54978,15.97887
