,random,zero,mean,knn,mice,XGB,missforest,mf,hyper,gain,notmiwae,miwae,tabcsdi,ot
0.1,13.12290 ± 1.306,13.32470 ± 1.536,12.90081 ± 1.510,13.10214 ± 1.434,12.94981 ± 1.549,12.99596 ± 1.402,13.04965 ± 1.445,12.83765 ± 1.647,12.95637 ± 1.527,14.58811 ± 1.608,16.00307 ± 1.686,16.15922 ± 1.749,15.69150 ± 1.734,12.88022 ± 1.521
0.2,13.09516 ± 1.803,13.89088 ± 2.004,12.96399 ± 2.023,13.37897 ± 2.071,13.07594 ± 2.074,13.05575 ± 2.040,13.00793 ± 2.023,13.06756 ± 2.161,13.10673 ± 2.142,14.66050 ± 1.791,16.01336 ± 1.696,16.16326 ± 1.720,15.69150 ± 1.734,13.08955 ± 2.070
0.3,13.50314 ± 1.978,13.84698 ± 2.065,13.00877 ± 2.032,13.30387 ± 1.976,13.09180 ± 2.012,13.13823 ± 2.026,13.02503 ± 2.024,13.17286 ± 2.041,13.09109 ± 2.049,14.61060 ± 1.782,15.77695 ± 1.749,15.94634 ± 1.603,15.70137 ± 1.712,13.17581 ± 1.987
0.4,14.45186 ± 1.648,15.13429 ± 1.545,13.51948 ± 1.559,13.98949 ± 1.392,13.86007 ± 1.702,13.87531 ± 1.547,13.75814 ± 1.821,13.70945 ± 1.648,13.87548 ± 1.562,14.86070 ± 1.774,15.64308 ± 1.622,15.98403 ± 1.744,15.69150 ± 1.734,13.75440 ± 1.526
0.5,14.69533 ± 1.921,15.41552 ± 1.993,13.93438 ± 2.184,14.60682 ± 2.204,13.91605 ± 2.120,14.16462 ± 1.956,14.21169 ± 2.352,14.36080 ± 2.244,14.47441 ± 2.251,15.08633 ± 1.749,15.82444 ± 1.747,15.89897 ± 1.405,15.69312 ± 1.734,14.08325 ± 2.165
0.6,14.91731 ± 1.106,15.81852 ± 1.473,14.52312 ± 1.454,14.84942 ± 1.634,14.33402 ± 1.647,14.88784 ± 1.570,14.93748 ± 1.572,14.87574 ± 1.237,15.09439 ± 1.383,15.34151 ± 1.793,15.89809 ± 1.854,16.02241 ± 1.852,15.69730 ± 1.742,14.87659 ± 1.326
0.7,16.30980 ± 1.996,16.33140 ± 1.910,15.05483 ± 1.924,15.41875 ± 1.598,15.11414 ± 1.812,15.19268 ± 1.474,14.66089 ± 1.908,15.27638 ± 2.180,16.02322 ± 2.155,16.02128 ± 1.799,15.32751 ± 1.640,15.95317 ± 1.702,15.85605 ± 1.615,15.39514 ± 2.317
0.8,16.10309 ± 1.862,16.37913 ± 1.682,15.45802 ± 1.700,15.73222 ± 1.617,15.59926 ± 1.695,15.59407 ± 2.072,16.24149 ± 2.231,15.61696 ± 1.742,16.34145 ± 2.013,15.99447 ± 1.995,15.59471 ± 1.898,16.24295 ± 1.779,16.22339 ± 1.708,15.68715 ± 1.672
0.9,16.48566 ± 1.730,16.45065 ± 1.784,15.48471 ± 1.752,15.67844 ± 1.806,15.73279 ± 1.945,15.90426 ± 1.838,16.00751 ± 1.784,15.97187 ± 1.915,15.53724 ± 1.868,15.88666 ± 1.904,15.54594 ± 1.725,16.11986 ± 1.865,16.54978 ± 1.769,15.97887 ± 1.676
