,random,zero,Mean,MF,KNN,MICE,Missforest,XGB,OT,Hyper,GAIN,notmiwae,miwae,tabcsdi
concrete_compression,0.2572622724373019,0.3759163237388138,0.33152867851608914,0.3317568697164759,0.3510467346451881,0.5489839575076961,0.310463889856819,0.5857367993484904,0.2654010873216281,0.29479319107000246,0.4745552073417841,0.33152867851608914,0.2871772532150255,0.6468594926019159
wine_quality_white,0.201249222674066,0.8601385285261894,0.8,0.8,0.8,0.7997955010225167,0.8,0.8,0.7997955010225167,0.8,0.8,0.8,0.8,0.8
wine_quality_red,0.5160307049203372,0.7180888388810299,0.7956436822532792,0.8172221100814848,0.7898248925188806,0.7928479878428266,0.8144137235297194,0.8399368692674042,0.8045618034447756,0.8365771438879733,0.8365771438879733,0.8022304037793407,0.8116180291192666,0.8254383214865652
california,0.11799854870444385,1.0,1.0,0.6,0.9194052460541778,0.7464049594433153,1.0,0.8,0.8,1.0,1.0,0.6,1.0,1.0
qsar_biodegradation,0.0,0.9372974978305855,0.4854260309647228,0.49569098371973236,0.48791261987615153,0.3961971168465709,0.482128267915863,0.3524552509154754,0.19246643359069207,0.48384939356767054,0.5402081900998035,0.0810357651823221,0.4790513100733941,0.8136171812067768
yeast,0.5139266194652706,0.9883199483540072,0.5334684896824518,0.5643198318364429,0.5736259731727709,0.5736259731727709,0.5399479583859913,0.6044773153267619,0.6044773153267619,0.6044773153267619,0.5698703473898712,0.8346681533002883,0.6044773153267619,0.9294244309262911
yacht_hydrodynamics,0.3045945849724885,0.7009698059476814,0.14708784183083806,0.14708784183083806,0.32050264462848943,0.40245062680537613,0.3024280748223118,0.30629354810621684,0.1137192375661555,0.2425912158266515,0.44495062491399634,0.24368681009257304,0.2941042852188719,0.2880665774311123
