,random,zero,Mean,MF,KNN,MICE,Missforest,XGB,OT,Hyper,GAIN,notmiwae,miwae,tabcsdi
concrete_compression,0.26663380461377334,0.38450206349703747,0.33607754563850023,0.3412722510640546,0.3567979920348373,0.5533152021953764,0.3159682361282171,0.5902131786369338,0.27094504679994885,0.2997597801263036,0.4800109960777893,0.33607754563850023,0.2922281585310415,0.6509510543008095
wine_quality_white,0.20231808651006986,0.8603646749529567,0.8,0.8,0.8,0.8000259318380643,0.8,0.8,0.8000259318380643,0.8,0.8,0.8,0.8,0.8
wine_quality_red,0.5205294913488359,0.7208566442399453,0.7972916520439977,0.8186160844946478,0.7916141209694085,0.7945419524983539,0.8159525477811662,0.841301449278389,0.8061766090063612,0.8379115426418338,0.8379115426418338,0.8038675054607263,0.8132028482355225,0.8268673492780426
california,0.11828557767580225,1.0,1.0,0.6,0.9194315004731004,0.7464310722075036,1.0,0.8,0.8,1.0,1.0,0.6,1.0,1.0
qsar_biodegradation,0.0,0.938185622587441,0.4897333434626259,0.4998804235632545,0.49208200450627687,0.4015586845862984,0.4862255509909857,0.3613580389575395,0.20217816070235523,0.4884643844926188,0.5450289758432604,0.1068393036796111,0.4832181803178339,0.8162083380718717
yeast,0.5183807837992226,0.9884730742121117,0.5370336016777938,0.5675787856433356,0.5771275869109751,0.5771275869109751,0.54376958264584,0.607672770876517,0.607672770876517,0.607672770876517,0.5733903071036662,0.8367228606952816,0.607672770876517,0.9300693095945265
yacht_hydrodynamics,0.3372458181128565,0.7245204373006143,0.18006413132258614,0.18006413132258614,0.36225065119327954,0.43539350117565456,0.3410136650990324,0.3438127514263048,0.14528243715192693,0.2770961060651923,0.48920450767082074,0.2819894261993837,0.33306887892627246,0.3220148432368032
