,random,zero,Mean,MF,KNN,MICE,Missforest,XGB,OT,Hyper,GAIN,notmiwae,miwae,tabcsdi
concrete_compression,0.14042910813092555,0.0916912888216023,0.3512662237952025,0.3579092964705218,0.6434311598093388,0.2878910919275173,0.25568356017309657,0.47992526740652447,0.44557667506397347,0.4362216886862259,0.2707855786325334,0.4081233927692347,0.315137003933597,0.4130338443675453
wine_quality_white,0.12517113755873344,0.9148546948313833,0.8,0.8,0.6,0.7767639888661348,0.8,1.0,0.6,0.8,0.8,0.8,0.8,0.8
wine_quality_red,0.16064150434242952,0.5895655024481757,0.6523446850942489,0.7928479878428266,0.6101713462227429,0.783219069409359,0.6210301281925992,0.7405374507368302,0.7552467793938327,0.6974186177951893,0.703967918498277,0.6179979449856164,0.7394275765705478,0.7808315725990485
california,0.5194052460541778,1.0,0.8,0.6,0.8,0.5999365876919482,0.8,0.5999421205787426,0.8,0.8,0.8,1.0,0.8,1.0
qsar_biodegradation,0.0,0.6140695447693096,0.38892774889236154,0.41169818103669265,0.39700004347347384,0.4090703740002114,0.42042504399902353,0.34377567697522365,0.11419534143030027,0.3477236410933621,0.4502892184953353,0.1128538420791197,0.44296356421711625,0.7161177938660848
yeast,0.4428802096625651,0.25156883735768404,0.49979047489567224,0.5643198318364429,0.5736259731727709,0.5552539754101135,0.49979047489567224,0.5334684896824518,0.5643198318364429,0.5297128638995521,0.5698703473898712,0.9293785460257201,0.5297128638995521,0.9294244309262911
yacht_hydrodynamics,0.2737773127699438,0.30715902821524477,0.2991543750451685,0.28399518525531786,0.28399518525531786,0.32088618528350554,0.28399518525531786,0.2991543750451685,0.2988864873252174,0.28399518525531786,0.29522374789465966,0.2991543750451685,0.28399518525531786,0.35150898955546045
