,train_ML_rmse_mean,train_ML_rmse_std,test_ML_rmse_mean,test_ML_rmse_std
0.1,0.6497487683958408,0.01705449558037373,0.6496480792755543,0.018223377212912954
0.2,0.65172864069756,0.01502068146568543,0.6533220023998724,0.020677059181171138
0.3,0.6502390972707481,0.016711720934758832,0.6506451996228632,0.01988849693510653
0.4,0.6504589283856012,0.01854989069530463,0.6515876119934094,0.017788197010382943
0.5,0.6512633475336713,0.018376005040448482,0.6748535315159655,0.019165657658256424
0.6,0.6703602985519443,0.017382073931250835,0.6803290964927158,0.017160439629540673
0.7,0.676358743749583,0.013708371229807946,0.6892417784892231,0.016516010420276797
0.8,0.6798512832979842,0.02272090888499027,0.7491302762950005,0.020830769562978642
