,train_ML_rmse_mean,train_ML_rmse_std,test_ML_rmse_mean,test_ML_rmse_std
0.1,12.169175944567533,1.424333422401358,12.38818407525393,1.2233348323931215
0.2,12.25767718933091,1.4500835247924833,12.428325508547864,1.5915277817786446
0.3,12.462435916343562,1.4907700189159685,12.475038169622085,1.5348518767423698
0.4,13.022870662171846,1.577526237528957,13.32063548954792,1.4627044277921675
0.5,13.326112377410396,1.4138667172651005,13.521948474966148,1.9680712192270409
0.6,13.611730401967446,1.4934492801398482,14.008555712085947,1.507551207216426
0.7,14.090333356925106,1.6281909818715434,14.537325165887523,1.5083610830491503
0.8,14.430614566880076,1.6100014538575638,14.997907844226111,1.6422029036425712
0.9,14.433220797835911,1.4624345163907932,15.076883519875889,1.8097626645544602
