,train_rmse_mean,train_rmse_std,train_mae_mean,train_mae_std,test_rmse_mean,test_rmse_std,test_mae_mean,test_mae_std
0.3,0.14633018,0.0005566891,0.091070235,0.0004477966,0.14691097,0.002168571,0.09086798,0.0012985967
0.5,0.1461937,0.00039467504,0.09112696,0.0001916516,0.14660095,0.0016694885,0.091013454,0.00066866865
0.7,0.14583188,0.00027940862,0.09105193,0.00018504652,0.14625713,0.0013169312,0.09103177,0.00039145
