,train_rmse_mean,train_rmse_std,train_mae_mean,train_mae_std,test_rmse_mean,test_rmse_std,test_mae_mean,test_mae_std
0.1,0.15020457,0.0039802864,0.08142898,0.0017199327,0.14936754,0.012120446,0.08050337,0.0049479217
0.2,0.14653686,0.0031917095,0.07756327,0.0014128684,0.14621326,0.009171082,0.07781638,0.0041726273
0.3,0.14992952,0.0006795248,0.07854158,0.00048732178,0.15140548,0.003297979,0.079713926,0.0019122984
0.4,0.14534906,0.0009139172,0.07684624,0.00040796495,0.14846793,0.0036975779,0.07823299,0.0014797415
0.5,0.13932176,0.0011059376,0.07503296,0.00026364822,0.14114419,0.0041775582,0.07601822,0.0018052214
0.6,0.13465925,0.00049074925,0.07266782,0.00025175032,0.13721856,0.0016732296,0.07383545,0.0010819462
0.7,0.14236932,0.0015385766,0.07586076,0.00052022113,0.14423542,0.0046696067,0.07678501,0.0021279214
0.8,0.14551374,0.0012632282,0.077612534,0.00040509965,0.14746109,0.003266566,0.07871403,0.0016680318
0.9,0.14721566,0.0018243941,0.0789021,0.00070958026,0.14897922,0.0038721613,0.07974457,0.0015695768
