,train_ML_f1_mean,train_ML_f1_std,test_ML_f1_mean,test_ML_f1_std
0.1,0.721280168881225,0.0372039912834883,0.48951051722890415,0.014733983724970161
0.2,0.7038307196102043,0.017094641868873415,0.44669216623446595,0.020118395477638662
0.3,0.6457599031391161,0.011347457752094055,0.41443459690150936,0.02085256422246542
0.4,0.6808574930782642,0.022320104778421435,0.42617519277260907,0.01562828192139858
0.5,0.6801314621009158,0.014918082586309516,0.4115234947303773,0.010231429051952373
0.6,0.6905040450516343,0.01769885355849047,0.4018882601477832,0.014147771472807706
0.7,0.6819623436485305,0.021649929471959393,0.40594633353912835,0.011288275897690384
0.8,0.6454774154035683,0.01737705080851077,0.4127174377859967,0.016747446943520976
0.9,0.689558145280254,0.025615255134007874,0.4345653919062828,0.028714909153534158
