,train_ML_f1_mean,train_ML_f1_std,test_ML_f1_mean,test_ML_f1_std
0.1,0.9771959397211465,0.017192740812281303,0.7212045688981074,0.0700847435994704
0.2,0.9797709076602275,0.008583966844225788,0.6691412413837663,0.08228398889279877
0.3,0.9932997656581295,0.004243557893111171,0.7096849425102398,0.04307886471388079
0.4,0.9959869707782261,0.0032766340397879655,0.6476906193609873,0.08841910804364868
0.5,1.0,0.0,0.6595076392398506,0.07135830703589455
0.6,0.9959535425943352,0.003304419122854185,0.6629704011420983,0.08199876591883531
0.7,0.9932739984291759,0.004243988764421217,0.656940987001535,0.06040744531337285
0.8,0.9892234111032036,0.00685944979003467,0.5418773743544238,0.0912071347012171
0.9,0.9030664873527053,0.008325638504025562,0.532150279926358,0.09735278640444738
