,train_ML_f1_mean,train_ML_f1_std,test_ML_f1_mean,test_ML_f1_std
0.1,0.8596212316296826,0.02004922051263857,0.7475919705063239,0.06214011829955794
0.2,0.8431974492142016,0.022968693024737568,0.6489507213869851,0.07527943618156904
0.3,0.8748025956086198,0.012624162490581783,0.7348303104806165,0.06927485979195096
0.4,0.8405504499337259,0.014098357623343848,0.663439138769783,0.0829546420233678
0.5,0.8257395407038792,0.010415963629247661,0.6719276485493403,0.04547343532659044
0.6,0.8260713026996568,0.003494475832513761,0.6405456190153128,0.09026765325782776
0.7,0.8123346330051209,0.008716916112819391,0.66225478625754,0.05689478075601314
0.8,0.7879916114032154,0.022975307513941123,0.5199474815364342,0.10046145684385174
0.9,0.7319571609655504,0.033450431186029875,0.540753629733193,0.10011247475819576
