,train_rmse_mean,train_rmse_std,train_mae_mean,train_mae_std,test_rmse_mean,test_rmse_std,test_mae_mean,test_mae_std
0.3,0.42943034,0.004388626,0.35345244,0.0071863113,0.4462716,0.019961346,0.36717921,0.019387051
0.5,0.4049328,0.0025820853,0.32974398,0.002112469,0.41145307,0.017842298,0.3326795,0.013317967
0.7,0.41297764,0.003756049,0.33652377,0.004209291,0.41543776,0.01638153,0.33660805,0.014875928
