,random,zero,mean,knn,mice,XGB,missforest,mf,hyper,gain,notmiwae,miwae,tabcsdi,ot
0.3,0.42192 ± 0.006,0.28110 ± 0.005,0.10671 ± 0.003,0.10704 ± 0.003,0.09273 ± 0.004,inf ± nan,0.09413 ± 0.003,0.11520 ± 0.005,0.09087 ± 0.005,0.12933 ± 0.029,0.09417 ± 0.003,0.09422 ± 0.002,0.11927 ± 0.003,0.14693 ± 0.001
0.5,0.42150 ± 0.004,0.28190 ± 0.004,0.10616 ± 0.002,0.12384 ± 0.003,0.09801 ± 0.002,20558770000000.00000 ± 41117540000000.000,0.10479 ± 0.004,0.11684 ± 0.003,0.09545 ± 0.002,0.14293 ± 0.023,0.09883 ± 0.003,0.09771 ± 0.003,0.12052 ± 0.002,0.14671 ± 0.003
0.7,0.42098 ± 0.004,0.28215 ± 0.004,0.10628 ± 0.001,0.12384 ± 0.001,0.10486 ± 0.002,0.10628 ± 0.001,0.11900 ± 0.005,0.11787 ± 0.002,0.10743 ± 0.002,0.18012 ± 0.018,0.10477 ± 0.002,0.10251 ± 0.001,0.12170 ± 0.002,0.14655 ± 0.001
