,train_ML_rmse_mean,train_ML_rmse_std,test_ML_rmse_mean,test_ML_rmse_std
0.1,0.6453501046708385,0.0047050367683506514,0.6493534169826705,0.017856083163715102
0.2,0.6484091172362938,0.0044418709875773685,0.6508778541377993,0.019511530524914666
0.3,0.6455301228377984,0.004888986155609481,0.6489249478365303,0.019764552561911394
0.4,0.6454449877445624,0.005027442942123869,0.6492647956209011,0.01926895150436858
0.5,0.6664646413713111,0.004781064767168953,0.6692651023048024,0.01837458819309301
0.6,0.660305690502619,0.005374986558293351,0.6663672563292614,0.01856540091616952
0.7,0.6599201370965374,0.005001525552160716,0.6657081593745904,0.01886713863732967
0.8,0.6574005842341104,0.004983260545570939,0.6625998283462489,0.01896871671164029
