,train_ML_rmse_mean,train_ML_rmse_std,test_ML_rmse_mean,test_ML_rmse_std
0.1,0.5829596535083279,0.004633455259270217,0.6338514794379229,0.01917002312998801
0.2,0.5853396801445832,0.004922773853662623,0.6420933986071784,0.022175622304049878
0.3,0.5867868192962747,0.005101017238043484,0.6385154742782249,0.018867696342073484
0.4,0.5838630547604918,0.006643339510881947,0.6379686061005271,0.019959032821935174
0.5,0.6008953223861851,0.009353222482270477,0.6462459088409005,0.019619350719687387
0.6,0.6250602035470508,0.006570575947067709,0.6706605504640129,0.020072209002748188
0.7,0.6192646511813348,0.005218179414086715,0.6691261883928084,0.020875896983076722
0.8,0.6249006628056482,0.0054400558236462815,0.6659503460037042,0.014106067515733811
