,random,zero,mean,knn,mice,XGB,missforest,mf,hyper,gain,notmiwae,miwae,tabcsdi,ot
0.1,0.37577,0.43156,0.47956,0.48036,0.47794,0.47797,0.47686,0.46370,0.44855,0.47269,0.15582,0.13470,0.08152,0.47113
0.2,0.28343,0.31658,0.40800,0.38653,0.41895,0.39376,0.41895,0.39165,0.39378,0.41413,0.11084,0.10920,0.08207,0.38916
0.3,0.20386,0.22125,0.30574,0.27911,0.35422,0.34363,0.36469,0.29650,0.34293,0.29078,0.11052,0.10756,0.08068,0.31067
0.4,0.16297,0.24079,0.28163,0.27644,0.29346,0.32268,0.31050,0.27402,0.29401,0.30904,0.10652,0.10785,0.06959,0.28393
0.5,0.14262,0.15494,0.26805,0.23747,0.24395,0.24256,0.26486,0.23183,0.26147,0.24757,0.09909,0.08787,0.07952,0.22082
0.6,0.12818,0.12614,0.24745,0.23595,0.23394,0.22152,0.26420,0.20062,0.22030,0.19836,0.10690,0.09181,0.07543,0.22140
0.7,0.11943,0.12028,0.18948,0.18412,0.18969,0.16895,0.17782,0.15425,0.19808,0.13630,0.09814,0.08896,0.08714,0.18443
0.8,0.11419,0.09694,0.16700,0.18600,0.15390,0.14992,0.18774,0.13105,0.19995,0.13816,0.09851,0.07660,0.08318,0.16207
0.9,0.09494,0.04386,0.09924,0.10893,0.10206,0.11709,0.10878,0.08507,0.10517,0.04672,0.04057,0.06458,0.09424,0.10636
