,random,zero,mean,knn,mice,XGB,missforest,mf,hyper,gain,notmiwae,miwae,tabcsdi,ot
0.1,0.37577 ± 0.045,0.43156 ± 0.072,0.47956 ± 0.064,0.48036 ± 0.061,0.47794 ± 0.069,0.47797 ± 0.069,0.47686 ± 0.059,0.46370 ± 0.056,0.44855 ± 0.077,0.47269 ± 0.057,0.15582 ± 0.024,0.13470 ± 0.021,0.08152 ± 0.008,0.47113 ± 0.061
0.2,0.28343 ± 0.041,0.31658 ± 0.037,0.40800 ± 0.055,0.38653 ± 0.063,0.41895 ± 0.042,0.39376 ± 0.035,0.41895 ± 0.042,0.39165 ± 0.056,0.39378 ± 0.031,0.41413 ± 0.047,0.11084 ± 0.020,0.10920 ± 0.015,0.08207 ± 0.010,0.38916 ± 0.028
0.3,0.20386 ± 0.026,0.22125 ± 0.020,0.30574 ± 0.030,0.27911 ± 0.033,0.35422 ± 0.033,0.34363 ± 0.019,0.36469 ± 0.033,0.29650 ± 0.026,0.34293 ± 0.023,0.29078 ± 0.012,0.11052 ± 0.017,0.10756 ± 0.011,0.08068 ± 0.017,0.31067 ± 0.027
0.4,0.16297 ± 0.037,0.24079 ± 0.037,0.28163 ± 0.043,0.27644 ± 0.031,0.29346 ± 0.026,0.32268 ± 0.052,0.31050 ± 0.043,0.27402 ± 0.051,0.29401 ± 0.015,0.30904 ± 0.036,0.10652 ± 0.014,0.10785 ± 0.021,0.06959 ± 0.012,0.28393 ± 0.047
0.5,0.14262 ± 0.019,0.15494 ± 0.041,0.26805 ± 0.043,0.23747 ± 0.024,0.24395 ± 0.030,0.24256 ± 0.034,0.26486 ± 0.036,0.23183 ± 0.028,0.26147 ± 0.052,0.24757 ± 0.052,0.09909 ± 0.008,0.08787 ± 0.021,0.07952 ± 0.011,0.22082 ± 0.042
0.6,0.12818 ± 0.029,0.12614 ± 0.030,0.24745 ± 0.031,0.23595 ± 0.033,0.23394 ± 0.036,0.22152 ± 0.031,0.26420 ± 0.025,0.20062 ± 0.026,0.22030 ± 0.028,0.19836 ± 0.033,0.10690 ± 0.018,0.09181 ± 0.026,0.07543 ± 0.016,0.22140 ± 0.019
0.7,0.11943 ± 0.005,0.12028 ± 0.046,0.18948 ± 0.030,0.18412 ± 0.046,0.18969 ± 0.021,0.16895 ± 0.019,0.17782 ± 0.036,0.15425 ± 0.022,0.19808 ± 0.068,0.13630 ± 0.017,0.09814 ± 0.010,0.08896 ± 0.017,0.08714 ± 0.007,0.18443 ± 0.027
0.8,0.11419 ± 0.026,0.09694 ± 0.034,0.16700 ± 0.070,0.18600 ± 0.046,0.15390 ± 0.036,0.14992 ± 0.033,0.18774 ± 0.053,0.13105 ± 0.052,0.19995 ± 0.041,0.13816 ± 0.033,0.09851 ± 0.027,0.07660 ± 0.011,0.08318 ± 0.012,0.16207 ± 0.045
0.9,0.09494 ± 0.006,0.04386 ± 0.020,0.09924 ± 0.015,0.10893 ± 0.013,0.10206 ± 0.019,0.11709 ± 0.035,0.10878 ± 0.036,0.08507 ± 0.006,0.10517 ± 0.028,0.04672 ± 0.030,0.04057 ± 0.019,0.06458 ± 0.014,0.09424 ± 0.023,0.10636 ± 0.022
