,random,zero,mean,knn,mice,XGB,missforest,mf,hyper,gain,notmiwae,miwae,tabcsdi,ot
0.1,0.36820 ± 0.038,0.43754 ± 0.066,0.49365 ± 0.068,0.49153 ± 0.059,0.48136 ± 0.065,0.47686 ± 0.070,0.49109 ± 0.061,0.48445 ± 0.061,0.46816 ± 0.078,0.47902 ± 0.046,0.13016 ± 0.025,0.12185 ± 0.018,0.04986 ± 0.004,0.48370 ± 0.063
0.2,0.24401 ± 0.036,0.30229 ± 0.047,0.40389 ± 0.060,0.38957 ± 0.068,0.41799 ± 0.046,0.39616 ± 0.031,0.39775 ± 0.037,0.39677 ± 0.072,0.41008 ± 0.038,0.40003 ± 0.046,0.09187 ± 0.017,0.08376 ± 0.008,0.04986 ± 0.004,0.36733 ± 0.053
0.3,0.19460 ± 0.028,0.18184 ± 0.009,0.29447 ± 0.029,0.27555 ± 0.036,0.36045 ± 0.035,0.35714 ± 0.028,0.35833 ± 0.013,0.30888 ± 0.039,0.33222 ± 0.022,0.30832 ± 0.023,0.09512 ± 0.012,0.08584 ± 0.012,0.04986 ± 0.004,0.32168 ± 0.038
0.4,0.15801 ± 0.030,0.21698 ± 0.029,0.30513 ± 0.041,0.28487 ± 0.031,0.29592 ± 0.030,0.31525 ± 0.044,0.31403 ± 0.042,0.28717 ± 0.050,0.30662 ± 0.026,0.31982 ± 0.049,0.08958 ± 0.017,0.09280 ± 0.015,0.05073 ± 0.003,0.29884 ± 0.041
0.5,0.14053 ± 0.025,0.12571 ± 0.029,0.25645 ± 0.032,0.23091 ± 0.034,0.24887 ± 0.024,0.25992 ± 0.027,0.25830 ± 0.024,0.23863 ± 0.032,0.28036 ± 0.054,0.24410 ± 0.048,0.08107 ± 0.014,0.07702 ± 0.017,0.04974 ± 0.004,0.23941 ± 0.036
0.6,0.12249 ± 0.032,0.11117 ± 0.021,0.25727 ± 0.022,0.24534 ± 0.029,0.24449 ± 0.043,0.22990 ± 0.011,0.25567 ± 0.023,0.22693 ± 0.032,0.23229 ± 0.027,0.22165 ± 0.050,0.08745 ± 0.013,0.07245 ± 0.016,0.05065 ± 0.003,0.25795 ± 0.035
0.7,0.10722 ± 0.011,0.10199 ± 0.020,0.18493 ± 0.033,0.19407 ± 0.055,0.19753 ± 0.019,0.17392 ± 0.035,0.19031 ± 0.061,0.17296 ± 0.036,0.20464 ± 0.074,0.14007 ± 0.028,0.09225 ± 0.010,0.08202 ± 0.012,0.05530 ± 0.005,0.19928 ± 0.043
0.8,0.10675 ± 0.023,0.08210 ± 0.007,0.16030 ± 0.070,0.16832 ± 0.042,0.16011 ± 0.035,0.14460 ± 0.032,0.17891 ± 0.068,0.14775 ± 0.035,0.19848 ± 0.038,0.11659 ± 0.026,0.08151 ± 0.013,0.06667 ± 0.013,0.06142 ± 0.008,0.19007 ± 0.038
0.9,0.09919 ± 0.015,0.06815 ± 0.009,0.08896 ± 0.005,0.10966 ± 0.016,0.09570 ± 0.017,0.10575 ± 0.025,0.08831 ± 0.014,0.09231 ± 0.016,0.10777 ± 0.012,0.05049 ± 0.027,0.05334 ± 0.010,0.05726 ± 0.008,0.07180 ± 0.012,0.11688 ± 0.024
