,train_ML_f1_mean,train_ML_f1_std,test_ML_f1_mean,test_ML_f1_std
0.1,0.9345244888670472,0.0033149450497571955,0.9315138735185261,0.017798285688151238
0.2,0.9215653050157944,0.004637093620915137,0.9181974870194238,0.01753550255767501
0.3,0.9058918700706278,0.006694769367503639,0.9074932952924076,0.016790392554258706
0.4,0.8578768007737161,0.006242738134124932,0.8488204947844545,0.04227630758139426
0.5,0.8750480592913632,0.001850828469689304,0.8625214631638659,0.025252849563741655
0.6,0.9011097331370674,0.006362343021174714,0.8984542522966737,0.022927558074156237
0.7,0.9423092157294393,0.0032109806045585356,0.9376361259127727,0.022117186844878043
0.8,0.9462356667530644,0.0007635692631539646,0.9178302321859582,0.012382935947821442
