,train_ML_f1_mean,train_ML_f1_std,test_ML_f1_mean,test_ML_f1_std
0.1,0.930620548037027,0.00415338433618109,0.9295322051341419,0.013701007814864255
0.2,0.9075789858579236,0.007354550434883578,0.9044701994769613,0.023238890858025905
0.3,0.8849225361903373,0.00630155991098479,0.8825515358215105,0.028231340344308402
0.4,0.8616233356559697,0.007993332657967261,0.8509779391792665,0.032720533196600614
0.5,0.8623296239509362,0.005065667907773401,0.8561747380811544,0.021694770241252277
0.6,0.9016996501675513,0.008253128001733062,0.8942205924844178,0.02051939887416221
0.7,0.9359789210181239,0.004512692333953463,0.9321263589445408,0.009900773794542411
0.8,0.7722616028611152,0.004133786666967777,0.7664782161970107,0.016249814506070666
