,train_ML_rmse_mean,train_ML_rmse_std,test_ML_rmse_mean,test_ML_rmse_std
0.1,12.694592585712368,0.19181870820961558,12.777925977557143,0.6417425699464641
0.2,13.308367191449538,0.24314815055331032,13.446612194303398,0.9578155249944016
0.3,13.498442827470617,0.19482673176602314,13.585159678623365,0.8189597821138731
0.4,13.80419465688162,0.3802332492838987,13.82168272454972,0.8649436776603663
0.5,14.696653699188085,0.20729235526667045,14.884495325412114,0.7134616410405976
0.6,15.308826400605245,0.22943583268282935,15.20592810977376,0.4454992063479472
0.7,15.241967345338221,0.2510317064127624,15.32887494318573,0.3947384190559905
0.8,16.149891012447245,0.15796989612035442,16.320720398601708,0.7665030513149031
0.9,16.1993587721958,0.2799847298273186,17.140909124402853,0.7593613543063158
