,train_ML_rmse_mean,train_ML_rmse_std,test_ML_rmse_mean,test_ML_rmse_std
0.1,14.393223522529174,0.3352020663069912,14.309749184307304,0.5125046639074043
0.2,15.067182915026583,0.2545791045782185,15.047976995121212,0.7423235592356179
0.3,15.509997874429956,0.10760583062646882,15.345879320181435,0.712167208672235
0.4,15.54846542635337,0.09050790533765915,15.548689457234094,0.5423721356574609
0.5,16.10866778898013,0.15224703337401319,16.122054758413388,0.6680966853378336
0.6,16.476938846529787,0.2889910986100909,16.449980687109125,0.7618381277131482
0.7,15.866095512920941,0.24925801686169552,15.818319101029882,0.5367825828160795
0.8,17.352365050865036,0.3749225264886203,17.50331608994373,0.8758866908575792
0.9,17.171122849445098,0.2101730985760426,20.19453432260929,1.4399307366439977
