,train_ML_rmse_mean,train_ML_rmse_std,test_ML_rmse_mean,test_ML_rmse_std
0.1,12.803235708749247,0.16785393745988578,12.970018048080803,0.5299187837255982
0.2,13.412860241822235,0.21214933052170026,13.598753983859671,0.6858007665729764
0.3,13.580638686490612,0.1311570426323643,13.738587155212338,0.635725679517622
0.4,13.939248164262192,0.3058407989491703,14.079701978736278,0.6229749796592987
0.5,14.89242975170057,0.34388529521412114,15.008028388612953,0.560805472185031
0.6,15.390260820292236,0.22216050206532442,15.471755249312656,0.503257938928046
0.7,15.438598040405584,0.24979344195883774,15.567778915657447,0.2749754533502036
0.8,16.221466155349866,0.10151897055001007,16.40076391139351,0.5616482955357973
0.9,16.32830739149145,0.21909362580927555,16.709898456480683,0.5178303555066718
