,train_rmse_mean,train_rmse_std,train_mae_mean,train_mae_std,test_rmse_mean,test_rmse_std,test_mae_mean,test_mae_std
0.1,0.21273294,0.0044889306,0.15640238,0.004405812,0.21574295,0.024234949,0.16018507,0.01962047
0.2,0.23592758,0.017450633,0.17364661,0.011277708,0.23700228,0.032233972,0.17512275,0.017161634
0.3,0.20898266,0.0062736245,0.15594463,0.0043933806,0.21123889,0.0073400824,0.15630248,0.0048384857
0.4,0.2416054,0.010900747,0.18218818,0.009293833,0.24486752,0.010632522,0.18495253,0.007962565
0.5,0.23471299,0.012061297,0.17680445,0.011459142,0.23479839,0.012340265,0.17777999,0.01399808
0.6,0.2648684,0.025704546,0.20556056,0.019829491,0.25992474,0.034185305,0.20246,0.024628723
0.7,0.31333345,0.009630136,0.24737418,0.007973579,0.3169947,0.008990414,0.2490669,0.0069070915
0.8,0.28614822,0.014552834,0.21232526,0.009650562,0.29395476,0.019480504,0.21391673,0.014305807
0.9,0.32027593,0.01606042,0.24215576,0.017101731,0.42936134,0.027291842,0.3322498,0.023924246
