,train_rmse_mean,train_rmse_std,train_mae_mean,train_mae_std,test_rmse_mean,test_rmse_std,test_mae_mean,test_mae_std
0.1,2.4272953668889263,2.42381902086208,1.0045112380902177,0.8991074934038794,2.2024973521940545,2.0752345594175887,0.8598928129921198,0.662623725063264
0.2,0.4681668272262759,0.4623970016866252,0.26008792206498976,0.14912398252102854,0.4555525949054192,0.4389873897382096,0.2553528347204743,0.1389193993688997
0.3,1.0533960704609975,1.6175164988711028,0.4910596096300292,0.6086072705513658,1.0933137464177518,1.6795868184697844,0.5136800276744615,0.6452504507628898
0.4,0.2707358172150188,0.08043000072252228,0.20506452001492556,0.05244511195889495,0.2687609891994993,0.07632810560420009,0.20360120652952302,0.04849761707738679
0.5,0.278572763111406,0.005418222844275838,0.20635322459732822,0.002896880126148097,0.277740593730714,0.005658035692917718,0.20671809125310098,0.004508065044034454
0.6,0.2907707875675159,0.006896052513656334,0.21989493850085942,0.005068585289390479,0.2897313068228485,0.00468863667626993,0.22037793599551225,0.003538810205398119
0.7,0.27842961556702506,0.004503081728474549,0.213690661005143,0.0030173055276412762,0.28147823654516513,0.016400783673582216,0.21438386812051985,0.012482854666299479
0.8,0.2594761961561244,0.0031792796684905586,0.20206935304213486,0.0015150546173340028,0.26591744580961657,0.009919992763744605,0.20591528774338466,0.00600821890914408
0.9,0.24186183280713527,0.0016829261121868277,0.18931421314340963,0.0024151580938101616,0.2501795922296556,0.013079958986472028,0.1919554529629357,0.005046867815247102
