,train_ML_f1_mean,train_ML_f1_std,test_ML_f1_mean,test_ML_f1_std
0.1,0.9797979472334989,0.015289880543758183,0.7741364280535623,0.06588171887092073
0.2,0.986545275587219,0.004236652259724637,0.7438261932998774,0.051508999339039296
0.3,0.9786028695895622,0.017580206996831594,0.7773807157528088,0.02075333495183662
0.4,0.9730637969213406,0.005858260582188596,0.7784575739282974,0.06370147761256696
0.5,0.9823917177576558,0.014748350052146399,0.6893067081083938,0.08036914001541194
0.6,0.9879226072056424,0.014260701724486456,0.7119990900803537,0.0652971411401324
0.7,0.9690376343826361,0.013840242459465095,0.729847204173033,0.10068502977293657
0.8,0.9864485125560561,0.010671510955349815,0.736849727530957,0.034746210482512155
