,train_ML_f1_mean,train_ML_f1_std,test_ML_f1_mean,test_ML_f1_std
0.1,0.9566705564437441,0.01823213481997561,0.7778292901877556,0.042807170540981085
0.2,0.966285288448994,0.007202365817909493,0.7731515052164869,0.0493781698184938
0.3,0.9704471117418837,0.019040224771511724,0.7948930914047193,0.051893101198411395
0.4,0.9715255711984913,0.014681440297397609,0.7874305784683736,0.0636230088758914
0.5,0.9715084586221442,0.010457841473143359,0.7195987652214992,0.04848414359540099
0.6,0.9595141939145648,0.009296598929495355,0.7190788847361036,0.07093715479255913
0.7,0.9538648253890475,0.012512531049253497,0.7470851700550408,0.06888046511344091
0.8,0.972963932385816,0.007696034884972683,0.7765290924448771,0.05440005819294791
