,train_rmse_mean,train_rmse_std,train_mae_mean,train_mae_std,test_rmse_mean,test_rmse_std,test_mae_mean,test_mae_std
0.1,0.5458287,0.012906404,0.4671096,0.015780916,0.5519618,0.029910218,0.47157964,0.03826223
0.2,0.5331467,0.009994648,0.44899035,0.010860804,0.54257566,0.0041546496,0.4591453,0.0033463899
0.3,0.50587696,0.0053327014,0.42329597,0.007106966,0.517502,0.008018941,0.4346687,0.0118657
0.4,0.48971575,0.005510288,0.40581685,0.006931516,0.47837287,0.005419893,0.39567536,0.0045055253
0.5,0.48114863,0.005383316,0.3987809,0.005110288,0.4791266,0.009204068,0.39700818,0.009995647
0.6,0.45122743,0.00447659,0.36991963,0.0042467797,0.44875598,0.009081951,0.36851463,0.010125783
0.7,0.43984765,0.0031460247,0.36006993,0.0040698755,0.44516197,0.007594293,0.3651922,0.005547354
0.8,0.42407194,0.0032671504,0.34613657,0.0019621763,0.4315301,0.008641637,0.35515314,0.00956354
