,random,zero,mean,knn,mice,XGB,missforest,mf,hyper,gain,notmiwae,miwae,tabcsdi,ot
0.3,0.48501 ± 0.009,0.32883 ± 0.008,0.14691 ± 0.002,0.17615 ± 0.002,0.12490 ± 0.008,0.11709 ± 0.002,0.11960 ± 0.003,0.13462 ± 0.002,0.11434 ± 0.004,0.17814 ± 0.015,0.12358 ± 0.002,0.12482 ± 0.004,0.14463 ± 0.001,0.17789 ± 0.002
0.5,0.48393 ± 0.007,0.32762 ± 0.006,0.14660 ± 0.002,0.17572 ± 0.002,0.16470 ± 0.054,0.21667 ± 0.151,0.13846 ± 0.003,0.14637 ± 0.001,0.13937 ± 0.003,0.19148 ± 0.027,0.13525 ± 0.002,0.13431 ± 0.002,0.15657 ± 0.001,0.17809 ± 0.001
0.7,0.48288 ± 0.005,0.32725 ± 0.004,0.14626 ± 0.001,0.17156 ± 0.002,0.18469 ± 0.061,0.33986 ± 0.359,0.15503 ± 0.009,0.15616 ± 0.002,0.15668 ± 0.007,0.24883 ± 0.018,0.24337 ± 0.196,0.14176 ± 0.002,0.16829 ± 0.001,0.17717 ± 0.001
