,train_ML_rmse_mean,train_ML_rmse_std,test_ML_rmse_mean,test_ML_rmse_std
0.1,12.048145965505906,0.34594356368911416,12.231019788319273,0.476042956977631
0.2,12.506786001149802,0.46149290747294347,12.796666322893628,0.5396249772745654
0.3,12.941325062497928,0.38439912836169093,13.613403706213589,0.6400347794634931
0.4,13.703819307900199,0.6587158391118064,14.339021551705807,0.692288638372143
0.5,14.21601761578913,0.782442430013608,15.092611767502728,0.4656703066850212
0.6,14.851270969406631,0.629831051649417,15.537861252178075,0.43147817978902625
0.7,15.714659147192581,0.5572650282680808,16.414713058629438,0.9157067100189643
0.8,15.425178827385357,0.6691869526662081,15.855835486964997,0.47987473425533106
0.9,16.96606593909173,0.6453186776298687,16.755843648952485,0.5760926699718177
