,train_ML_rmse_mean,train_ML_rmse_std,test_ML_rmse_mean,test_ML_rmse_std
0.1,0.768087534950837,0.0245190975542028,0.7662209834921377,0.023850989897440434
0.2,0.7604805450034167,0.017957584740388385,0.759859484769096,0.020381552044227765
0.3,0.7478368007800757,0.01272836166452181,0.7498123278444749,0.019949774564978186
0.4,0.7418140228286844,0.025621437265592677,0.7460264324934954,0.023953167403420694
0.5,0.7618560463649182,0.02835331696559867,0.7622052363875215,0.02604615735087628
0.6,1.0175550377103106,0.009425011095990964,1.0187784420414077,0.010966846418860735
0.7,1.0097885176680645,0.04919938744876769,1.008707501920537,0.048279537053122275
0.8,1.0872909495062628,0.0435247621565995,1.0919843670264746,0.04867038131143695
