,train_ML_rmse_mean,train_ML_rmse_std,test_ML_rmse_mean,test_ML_rmse_std
0.1,0.760318159466016,0.0037366607818451955,0.7596294333929222,0.01089962218109357
0.2,0.7773067988529847,0.005322314020705472,0.7826396094472818,0.010499034630325175
0.3,0.7776151386304624,0.003187858726994948,0.7761419427091789,0.015576816642105926
0.4,0.7768413780131311,0.001224608608865884,0.7736634026069185,0.007838326578807587
0.5,0.7850962148234777,0.00502031839224876,0.7859876657546516,0.014902184207859848
0.6,0.8193399092837431,0.0034936974304684634,0.8141407472361457,0.01296472829793073
0.7,0.7586569809776288,0.003733057598684201,0.7593169509779503,0.011024735578588296
0.8,0.8377509435168861,0.00504566496788495,0.842620662746158,0.014660696533044115
