,train_ML_rmse_mean,train_ML_rmse_std,test_ML_rmse_mean,test_ML_rmse_std
0.1,10.677078231985636,0.7531928286320151,11.909911394857044,0.5787436077945415
0.2,10.819035589386594,0.6764913636769859,13.418711584006468,0.8731908297134698
0.3,11.029231813627513,0.6786748054541502,14.238107488989428,0.9687784347043614
0.4,11.32899615510529,0.5807256394127505,15.989876003125818,1.0024607823938783
0.5,11.261510397491723,0.6097965233737955,17.238356405810826,1.4938194123638635
0.6,11.567395083549718,0.5546262094031588,18.529220018221572,0.8123197986331965
0.7,11.333016626476915,0.5442104634971009,17.24283150956848,0.7514187710867383
0.8,12.045573237884408,0.35883966428358477,18.870454593271795,0.8801287599517497
0.9,12.856480574390497,0.310151769800222,18.437061522938485,1.284215377834029
