,train_rmse_mean,train_rmse_std,train_mae_mean,train_mae_std,test_rmse_mean,test_rmse_std,test_mae_mean,test_mae_std
0.1,0.2566757,0.02141104,0.22497311,0.015186859,0.29860964,0.06721887,0.2802624,0.0749799
0.2,0.11406098,0.00075312913,0.0853549,0.00063982594,0.11417705,0.0040104236,0.08598356,0.002268348
0.3,0.19741076,0.002037944,0.14825583,0.0022059975,0.19280699,0.009049159,0.14277676,0.005239473
0.4,0.11464071,0.0010955115,0.08659104,0.00081600103,0.11441549,0.0008941873,0.08650182,0.0011618383
0.5,0.111642815,0.00078045693,0.08562022,0.00050932914,0.11197615,0.0011251266,0.08539544,0.00016972526
0.6,0.24587445,0.0008212824,0.1877227,0.0007138514,0.24635789,0.001717101,0.18821517,0.0013416491
0.7,0.24666795,0.000715022,0.18808027,0.0005131226,0.24689004,0.0018844331,0.18799138,0.0016534525
0.8,0.24848375,0.00081451813,0.18616095,0.0004857395,0.24948892,0.002625209,0.18686676,0.0015433175
