,train_ML_rmse_mean,train_ML_rmse_std,test_ML_rmse_mean,test_ML_rmse_std
0.1,0.67322269101877,0.0018775323282467996,0.6754288015124462,0.00772112567896554
0.2,0.6641429119972528,0.0021930496882621095,0.6679720495425426,0.006591284233406713
0.3,0.6779936543559423,0.0021074833144769703,0.6812092128896909,0.007391821409095465
0.4,0.6640491601447656,0.0019389715432968915,0.6688724621484308,0.007333040924749336
0.5,0.6726893428342948,0.0030207444330914695,0.6772521939613912,0.008319729553318037
0.6,0.9591394726357511,0.005226491472052504,0.9674410924199176,0.009249454262169885
0.7,0.9596224958141146,0.004925138086959936,0.9667471631362771,0.01023067361689819
0.8,0.9556572957857146,0.0022738075975545164,0.9607590027907174,0.007941892415390391
