,train_ML_rmse_mean,train_ML_rmse_std,test_ML_rmse_mean,test_ML_rmse_std
0.1,0.7426055023481648,0.011257552535509505,0.7490988225195844,0.014799187287461765
0.2,0.7376973424375403,0.01235595667010029,0.747332900103957,0.010251579496613672
0.3,0.7619958192063934,0.011087251051230854,0.7938560029019662,0.015246095609666529
0.4,0.7617647907653307,0.013612570583210809,0.7963453569165386,0.012954316448680702
0.5,0.7529417100647542,0.017117333230098567,0.7646626242569835,0.012965113732810408
0.6,0.8061044071259655,0.01249272667622667,0.8366867538198987,0.015015473527330344
0.7,0.7762137287131734,0.016163974021705118,0.7543692571704013,0.007232750439185945
0.8,0.8858029354245266,0.018020415194628565,1.0251846472579924,0.022391503903540905
