,train_ML_rmse_mean,train_ML_rmse_std,test_ML_rmse_mean,test_ML_rmse_std
0.1,0.7150816356905723,0.013245680972945262,0.7257242878037848,0.012826589844059115
0.2,0.7186767942578853,0.011701276758048749,0.7387677794517375,0.01335078768278234
0.3,0.740723957139529,0.017044405130058914,0.7731365377299406,0.011129327034405919
0.4,0.7493089302376904,0.01572833786264032,0.794035053537463,0.012093514908034713
0.5,0.7804346464499229,0.012439603837694877,0.7777233215815657,0.016613309036214087
0.6,0.7740718094121464,0.011792807281169214,0.7980848870978592,0.00742515194085329
0.7,0.7440085615652132,0.01041080128912223,0.8826720050349637,0.023181091858177637
0.8,0.9357239995424464,0.030788028774994314,0.847420954141446,0.01936091483723572
