,train_ML_rmse_mean,train_ML_rmse_std,test_ML_rmse_mean,test_ML_rmse_std
0.1,3.0569933820665556,0.9894421797905397,1.1985505100357865,0.18798679477470523
0.2,2.194274474276999,0.6390179511173638,1.286617121453531,0.2745106344879847
0.3,2.182930645089021,0.8088073715082844,1.1418242385317914,0.07054606028082955
0.4,1.8927107420629725,0.7073953195772857,1.1121272059622402,0.19021199776163578
0.5,1.746167576078443,0.4499411030398845,2.310333552276202,0.885628035430722
0.6,4.007540161166736,1.2927625694720732,1.7029226060105416,0.25528546912492533
0.7,3.0864409120291567,1.2035944202418154,1.6918250924670364,0.390108586190422
0.8,4.187921588102853,2.0852769739165185,2.9328840483286234,1.4207392279539974
