,train_ML_rmse_mean,train_ML_rmse_std,test_ML_rmse_mean,test_ML_rmse_std
0.1,2.422406005370083,0.6862973252113048,1.0027728825171323,0.057900035288411394
0.2,1.8358654342898237,0.3002037848843462,1.0159855400841067,0.09277608003040284
0.3,1.7698245808613826,0.2600773422714811,1.0026861664550406,0.0553987281870372
0.4,1.9247235286544313,0.6453827705447105,1.010868283626753,0.07771438272802016
0.5,1.610828764083997,0.24193249540709588,1.0381330691280777,0.13563063469026257
0.6,2.645785838023227,0.5877489416408808,1.467526317634928,0.09090383512119463
0.7,2.3088820442801294,0.4019691093352437,1.3394397753645717,0.058148948945745176
0.8,3.150857168487259,1.818559933104591,1.8540175044094944,0.09936172264752596
