,train_ML_rmse_mean,train_ML_rmse_std,test_ML_rmse_mean,test_ML_rmse_std
0.1,0.6508764585387045,0.01676151428369852,0.674998578313596,0.02828314763837064
0.2,0.6539973659047842,0.017960280519183358,0.6924820277054384,0.02365501893107871
0.3,0.6584531542625365,0.020740561538793816,0.7004578387550864,0.028798697196252006
0.4,0.6611420768561065,0.018676587893945388,0.716455083257727,0.03153963749221993
0.5,0.6678295757436414,0.01486603685257814,0.7291223230086686,0.03520797363148929
0.6,0.6715774165204881,0.022864718369373562,0.7457613218111895,0.019209926694379768
0.7,0.6949827601662849,0.021832238897922587,0.776132890480306,0.02963946579578401
0.8,0.6858106552926564,0.026572829369678547,0.7861893286765702,0.02726689644659171
0.9,0.664730033662496,0.019445745036548754,0.7986033580033964,0.0334509460605841
