,train_ML_rmse_mean,train_ML_rmse_std,test_ML_rmse_mean,test_ML_rmse_std
0.1,13.540824048904852,0.3457314464459228,13.185177636106397,1.5994038392961412
0.2,13.928218923126792,0.517827251700896,13.631369885525624,2.0558702304821104
0.3,13.764900782171079,0.4592665866977439,13.57666062200733,1.992948293290881
0.4,14.965888276123072,0.3986147584904148,14.699005968884231,1.6381522294673103
0.5,15.245375618525074,0.5090547488055142,14.935840171729705,1.9850283930835175
0.6,15.85770181899691,0.29979377591585354,15.702755692544404,1.4990008373599943
0.7,16.500759168429692,0.4713991991206031,16.21486894998145,2.034946970447784
0.8,16.647434986614563,0.4068679967368635,16.59251813158754,1.9977867265558051
0.9,16.740711478509382,0.4285192514707099,16.47008805539766,1.8894664354224526
