,train_ML_rmse_mean,train_ML_rmse_std,test_ML_rmse_mean,test_ML_rmse_std
0.1,0.6476527264505523,0.004492309707162565,0.6524797122070409,0.01804055142317018
0.2,0.6521330818945442,0.005110476642020063,0.6572371208772215,0.019366899956934695
0.3,0.6484375787029831,0.005029180854635318,0.6527426397604992,0.019858450770382695
0.4,0.6448901675528085,0.005059523232962556,0.6485184906448247,0.019438003408144593
0.5,0.6747223912745156,0.004870953340724143,0.6777449265069946,0.017810182319537914
0.6,0.6603352840019627,0.005549524529030473,0.6654574694401612,0.020683887211924278
0.7,0.6614592769583548,0.005404976337198483,0.66644714187719,0.021203931545806423
0.8,0.6578810439768923,0.004997448138540278,0.6633078457524968,0.019723626915659136
