,train_ML_rmse_mean,train_ML_rmse_std,test_ML_rmse_mean,test_ML_rmse_std
0.1,0.6642014209374681,0.010571883942856786,0.6716441123703486,0.02392169687663971
0.2,0.6765816408267507,0.00654362368251586,0.6833101725375983,0.02854163998857996
0.3,0.6660191118801743,0.013484029253817803,0.6730516449110848,0.02384565141096825
0.4,0.6709555756268122,0.013528007203559162,0.6757590538772534,0.02077480577166398
0.5,0.695009229875593,0.009939588257125567,0.7008812720946368,0.02199054046131197
0.6,0.6855324938269888,0.006200236014228919,0.6913506825266768,0.022299483676886733
0.7,0.702334681433877,0.011986345169430751,0.7078146707709275,0.02188647529010358
0.8,0.6796159862467458,0.010433323426065871,0.6871003487465778,0.023680660599861736
