,train_ML_f1_mean,train_ML_f1_std,test_ML_f1_mean,test_ML_f1_std
0.1,0.6175708339905984,0.0797079202498525,0.5808806930992125,0.08791713095062152
0.2,0.6140730961729745,0.046948952019389416,0.5294088040554591,0.06896859383884273
0.3,0.5471340150405678,0.09238236999105465,0.5162208262384644,0.04791772795158865
0.4,0.5328468492226118,0.08021501811083304,0.5067220704991604,0.062253399411226984
0.5,0.4776858435681965,0.006069967429577366,0.5590916577992499,0.07378665682155906
0.6,0.4776858435681965,0.006069967429577366,0.5047622263601192,0.050843007463198885
0.7,0.4776858435681965,0.006069967429577366,0.5414655299012809,0.08573106315685093
0.8,0.4776858435681965,0.006069967429577366,0.6594937135079013,0.07166331091447166
