,random,zero,Mean,MF,KNN,MICE,Missforest,XGB,OT,Hyper,GAIN,notmiwae,miwae,tabcsdi
concrete_compression,-0.037298982571557636,0.05348908174254339,0.08921100837140453,0.035687732110362046,0.18566168902111554,0.2071922474806705,0.18467508923000908,0.18521760767168877,0.07191485313195514,0.16640138240200078,0.09428006545757776,0.08006159944603211,0.09388227671674194,-4.632343147260231
wine_quality_white,0.0697080465306102,0.16731710653031637,0.15783918111680367,0.1601026952161148,0.18153912854703197,0.23565135395388812,0.2213923108257721,0.21113096551747904,0.1255777911072871,0.22996569315662674,0.10461265079101875,0.06103438588210271,0.01947222455319366,-41.881928717179875
wine_quality_red,0.059458815401212714,0.09896703267296633,0.1118980435957706,0.12206653910389158,0.13893936039412652,0.16216627038978423,0.15262476538633615,-3.677740735213163e+58,0.09299760024470782,0.17828079885890832,0.07563099268588683,0.02651387025348386,0.026203592291944088,-51.36634020948463
california,0.32003079673764007,0.4853614803160967,0.40337619807039493,0.3381868819817664,0.36622234187856983,0.4758153957565354,0.4681244977145984,0.4685485818094973,0.33986303721638567,0.5302745303385692,0.044887583225197925,-3.4811922955152568,-4.025121600426975,-3.1913383499621117
yacht_hydrodynamics,0.10519972843282836,0.022277032518858975,0.13532132608726127,0.13170678994410948,0.12774761729478407,0.13293355684325675,0.1325612026778,0.13530986937686285,0.11718532923025797,0.12410287890508775,0.13288640354012,0.039483803588650515,0.03305221221264565,-0.49859429692291923
