,random,zero,Mean,MF,KNN,MICE,Missforest,XGB,OT,Hyper,GAIN,notmiwae,miwae,tabcsdi
concrete_compression,13.468050061572388,14.8925580998069,12.013036051230895,12.56687971817421,12.193967631604101,11.701282219309324,11.991658494327423,11.763296950327575,12.653672104569415,12.012574068700385,13.44122817692023,13.096384466479895,13.344294234007762,16.821362510227527
wine_quality_white,0.8207780373094209,0.8121737149730712,0.743277014313789,0.7488126483086147,0.7474978705886105,0.7389789912248604,0.7383661213404437,0.7384751411653282,0.790673883200778,0.7368685731766065,0.8241010627307329,0.7642286722986662,0.7726835576703113,0.9086251916174921
wine_quality_red,0.7349708485631268,0.7360730222026748,0.6759186934927767,0.6853598480913904,0.6755077613672663,0.6694381233790371,0.6739805856376747,0.7753814272132338,0.7270116929669741,0.6656965460030217,0.7080967397659614,0.6905142578259044,0.6937961058205938,0.8609574284380199
california,1.0126646496509344,0.898230347083885,0.9067927411880247,0.9280871076115552,0.9472913280185578,0.8263510526154457,0.8344650429285098,0.8342523405399627,0.950928650135047,0.7886808394347746,0.9252093328766942,0.9881480901125874,1.0023020506680473,1.1884718193361472
yacht_hydrodynamics,14.914068612890071,15.616730973189965,14.918512007747996,15.018980937191703,15.192055448778166,14.986971785055664,15.148430099871126,14.907514741059732,14.862631009268252,14.972705721722843,15.348887389977676,16.6815280616889,16.65010060770347,16.65459441197918
