,random,zero,Mean,MF,KNN,MICE,Missforest,XGB,OT,Hyper,GAIN,notmiwae,miwae,tabcsdi
concrete_compression,13.165206569783805,13.0337083362984,10.699506291810513,10.920264947474356,11.228138427649295,10.810925747520844,11.227115140248358,10.965214802650229,11.20194760615992,10.814353072200213,12.363240354509372,11.341001246624936,11.430686692801974,16.85480768773362
wine_quality_white,0.8244282242656084,0.8047009837001451,0.7623211568677262,0.7693778232630166,0.7689155871238219,0.7631649830139755,0.7682225744604929,0.7634550602516904,0.778937344092174,0.7634540098311915,0.7916297547762647,0.7939273002283889,0.7911555869353103,0.886109807402826
wine_quality_red,0.7430331924116458,0.6991881770082331,0.6537462194885361,0.6624804125779732,0.6646957991592971,0.6703767746365108,0.6634204496294104,139.31996356763108,0.6691893469004087,0.6645495649290395,0.6737933008743449,0.6807410228992763,0.6785309112120586,0.8035408726716196
california,1.0471403357086262,0.9261658494660212,0.7774955893838813,0.8053756450830584,0.8291170315258451,0.8106353887406744,0.8004793299910533,0.8071080676919882,0.8380871198286167,0.7761061170382357,0.784432684783981,0.9227850726812823,0.9099062539918317,1.15343094668426
yacht_hydrodynamics,10.491076782456352,9.33104487288563,8.77538528041485,9.017376049723415,9.666615033049087,8.772171385848667,8.966814859415688,8.848116389225098,8.889705522595772,9.178501506685453,11.446803955810648,15.21671872882456,15.102190327754357,14.648269070778758
