,train_ML_f1_mean,train_ML_f1_std,test_ML_f1_mean,test_ML_f1_std
0.1,0.8538101369563457,0.021486772104339597,0.7880184807785795,0.0415688847879709
0.2,0.8406561817531861,0.018029577436591813,0.7414509747003108,0.0855880959444074
0.3,0.8428233813512241,0.016243296399917798,0.7882996933207751,0.06307203659762693
0.4,0.8255455267116811,0.011742168314215703,0.7708489721842204,0.041385616320695685
0.5,0.7720636122787674,0.014190171442920152,0.699095931450261,0.08171549620616382
0.6,0.8256816024894323,0.019525391194693893,0.7751014761392121,0.04657087014937824
0.7,0.8145590253855272,0.023747790493506477,0.7432198917988392,0.09927404808818655
0.8,0.8217353279336432,0.011480210591538918,0.7918715071880519,0.040920370934051924
