,train_ML_f1_mean,train_ML_f1_std,test_ML_f1_mean,test_ML_f1_std
0.1,0.948761362012806,0.016283477553227548,0.8236670660752408,0.03953108396316927
0.2,0.9272401645205776,0.017714815023511146,0.8067194083441223,0.037161899297229135
0.3,0.9314312168253934,0.016429649215410836,0.8414720125976871,0.03243770074069045
0.4,0.9136852547304339,0.0076627846567376545,0.8374482429173504,0.03828199048654473
0.5,0.8849216232002242,0.005680997074390941,0.7709083930517096,0.05032110349830401
0.6,0.9126022370621518,0.021049890458188687,0.7713242625783687,0.03420216159893398
0.7,0.8977853452815268,0.030613017517747403,0.7905743993365985,0.07820437445076704
0.8,0.8923402019877603,0.00729086007342796,0.7891904188049425,0.06465174614003118
