,train_ML_rmse_mean,train_ML_rmse_std,test_ML_rmse_mean,test_ML_rmse_std
0.1,11.207926936042465,0.14760683772812722,11.283411733754214,0.5629116905781452
0.2,11.631207669876883,0.17825028314030847,11.71317825243175,0.6853575012158724
0.3,12.60405122181188,0.16873757806346903,12.756788713609359,0.6192877672565049
0.4,13.12564723202776,0.2655397504641189,13.398231494086897,0.4598135411713264
0.5,14.37630980138772,0.23825990345926837,14.421728636685321,0.47759541194325894
0.6,15.09075450509927,0.14293303398942786,15.357782527834896,0.3317974629873647
0.7,15.390572822990322,0.12892621356419828,15.524097603124156,0.6475266283163651
0.8,16.04013491387062,0.1736132830967565,16.14752521970027,0.534240988510023
0.9,16.376592195988657,0.18500002491542117,16.450757182532705,0.4913277096835087
