,train_rmse_mean,train_rmse_std,train_mae_mean,train_mae_std,test_rmse_mean,test_rmse_std,test_mae_mean,test_mae_std
0.3,0.26644343,0.006080429,0.19073288,0.006315371,0.27163944,0.022611689,0.19579196,0.01498672
0.5,0.27917707,0.006263226,0.2062902,0.00820865,0.27535045,0.008610015,0.20133238,0.006368261
0.7,0.2964245,0.0016815442,0.22717147,0.0038971473,0.3005058,0.011623253,0.22862086,0.011695162
