,train_rmse_mean,train_rmse_std,train_mae_mean,train_mae_std,test_rmse_mean,test_rmse_std,test_mae_mean,test_mae_std
0.1,0.28531945,0.010283064,0.20157757,0.011905422,0.2842707,0.03986412,0.20415577,0.04107645
0.2,0.29367736,0.007516097,0.21205807,0.007776483,0.29417354,0.03153526,0.21393636,0.031428434
0.3,0.29265973,0.004416896,0.21008496,0.004700432,0.29015413,0.019964717,0.20703597,0.019329196
0.4,0.30002612,0.0037287103,0.22393624,0.0052561956,0.30009505,0.01479528,0.22378108,0.0135514
0.5,0.29428527,0.0037543776,0.21489897,0.004751372,0.29420224,0.008978898,0.21546976,0.009203059
0.6,0.2985428,0.0028722684,0.21336338,0.003915184,0.29891023,0.006585798,0.21336755,0.00945719
0.7,0.29861802,0.0042314073,0.22064276,0.0053303232,0.29876375,0.012603437,0.22048926,0.010685146
0.8,0.29843128,0.0026946417,0.22206242,0.0042001116,0.296967,0.012718975,0.22095558,0.014606757
0.9,0.2983712,0.002394492,0.22656333,0.0016145157,0.29806405,0.008082962,0.22603795,0.008804784
