,train_ML_rmse_mean,train_ML_rmse_std,test_ML_rmse_mean,test_ML_rmse_std
0.1,12.93330777017158,0.3331215654433949,12.61954319802048,1.330268194761307
0.2,13.15548998458937,0.38319145729388904,12.79663796003691,1.6080508458066665
0.3,13.434613030735656,0.3397760260995805,13.179817398103115,1.5081539857890147
0.4,14.190127880931902,0.33691873251460724,13.821723327295032,1.3798163180925476
0.5,14.333287008431665,0.3937438273614807,13.97525622649413,1.7067212928742093
0.6,14.652927087491653,0.3042943031914984,14.27496689476547,1.4391798574025636
0.7,15.245405916769965,0.3425331922824493,14.858563651571739,1.5432354110595379
0.8,15.270935463046555,0.34435846357539557,14.865168435022275,1.6001858068831578
0.9,15.37570620964487,0.3312079629123724,14.980436960147841,1.5490114947112414
