,train_ML_rmse_mean,train_ML_rmse_std,test_ML_rmse_mean,test_ML_rmse_std
0.1,6.807725769228213,0.1493332427634257,8.10119106280892,1.1281383255685606
0.2,7.045276719763781,0.3012740524518443,8.853667068144741,1.8561175584958671
0.3,6.990700722391239,0.4887731914088816,8.364452409565384,1.9689857521497616
0.4,9.063965969283014,0.3039310405036849,11.307386591491547,1.2099145608737862
0.5,9.118336411902408,0.49949739062890874,11.666712936432132,2.362019611915654
0.6,10.203748656642231,0.2984361807138014,12.730888286883847,1.1016170637994254
0.7,11.985476642420025,0.26892629639387844,14.478640626694496,1.545544894629887
0.8,12.515242048223168,0.3832510290040807,14.326399367669572,1.5908941337624125
0.9,13.733667593730042,0.45796420510642394,14.255336250277882,1.8980890506923598
