,train_ML_rmse_mean,train_ML_rmse_std,test_ML_rmse_mean,test_ML_rmse_std
0.1,14.335370660127992,1.7800745001810643,14.588111148542293,1.6075744664191696
0.2,14.27250479908813,1.7433355267466684,14.660495236583449,1.7912063824757511
0.3,14.995131581245854,1.756627798653701,14.610604251156483,1.7819188031219622
0.4,14.892343254854996,1.6357861994179907,14.860697975267176,1.774066116863217
0.5,15.024179761441463,1.7693728206469064,15.086331338542195,1.7485011817312286
0.6,14.759966402947555,1.892987657435905,15.341512949944104,1.7926406263576873
0.7,15.404141706257528,1.949928888869847,16.021284281699383,1.7992021773465134
0.8,15.972869700617156,1.6775376432396056,15.994468885221744,1.9949109676953973
0.9,15.996836245969074,1.7740063941983277,15.886659650526507,1.9036824349535022
