,train_ML_f1_mean,train_ML_f1_std,test_ML_f1_mean,test_ML_f1_std
0.1,0.7965534643039973,0.06958051798186904,0.7385234318441678,0.07035684957678112
0.2,0.7868061755380994,0.05388680283464598,0.6370605851582007,0.050755545278997984
0.3,0.7744611493020447,0.05617411744745177,0.5162208262384644,0.04791772795158865
0.4,0.7899619028198211,0.059122371584671554,0.4771642556226735,0.006733258822546334
0.5,0.5580152345836406,0.045712017626388594,0.5447639732688321,0.06696622551753552
0.6,0.708493439017202,0.0823587239517451,0.490433868151164,0.022492933515916604
0.7,0.4776858435681965,0.006069967429577366,0.5268259371075418,0.06541482977236387
0.8,0.48242997123626485,0.014453559664803791,0.5770713269955969,0.09875042340339005
