,train_ML_rmse_mean,train_ML_rmse_std,test_ML_rmse_mean,test_ML_rmse_std
0.1,0.4883953749826893,0.0016373891269011761,0.6597798346192474,0.008533112171153137
0.2,0.4883953749826893,0.0016373891269011761,0.6597798346192474,0.008533112171153137
0.3,0.4883953749826893,0.0016373891269011761,0.6597798346192474,0.008533112171153137
0.4,0.4883953749826893,0.0016373891269011761,0.6597798346192474,0.008533112171153137
0.5,0.4883953749826893,0.0016373891269011761,0.6597798346192474,0.008533112171153137
0.6,0.4883953749826893,0.0016373891269011761,0.6597798346192474,0.008533112171153137
0.7,0.4883953749826893,0.0016373891269011761,0.6597798346192474,0.008533112171153137
0.8,0.4883953749826893,0.0016373891269011761,0.6597798346192474,0.008533112171153137
