,random,zero,mean,knn,mice,XGB,missforest,mf,hyper,gain,notmiwae,miwae,tabcsdi,ot
0.1,0.75963,0.75340,0.76323,0.76125,0.75868,15840271922083607775927930454016.00000,0.76008,0.76129,0.75889,0.77885,0.76913,0.76800,0.91547,0.76527
0.2,0.78264,0.75634,0.76577,0.76482,0.76085,0.76257,0.75923,0.76572,0.75955,0.78446,0.78545,0.78454,0.90842,0.76732
0.3,0.77614,0.76006,0.76300,0.76517,0.76232,13925860229883223351584144490496.00000,0.75690,0.76704,0.75824,0.77012,0.79017,0.78825,0.90796,0.77048
0.4,0.77366,0.76219,0.76367,0.76354,0.76248,0.77256,0.76033,0.76644,0.76046,0.77724,0.78091,0.78110,0.91452,0.76738
0.5,0.78599,0.76185,0.77471,0.77701,0.77539,0.77708,0.77238,0.77358,0.77381,0.79638,0.78074,0.78189,0.89806,0.77910
0.6,0.81414,0.77028,0.78707,0.78564,0.79944,0.80456,0.77793,0.79110,0.78677,0.77259,0.81940,0.81193,0.88465,0.79832
0.7,0.75932,0.75742,0.75229,0.75513,0.75589,0.75501,0.75187,0.75191,0.75326,0.77566,0.78148,0.78796,0.89178,0.75617
0.8,0.84262,0.76723,0.82095,0.82578,0.84986,0.83620,0.83264,0.82461,0.82939,0.78697,0.83225,0.83322,0.87977,0.83247
