,random,zero,mean,knn,mice,XGB,missforest,mf,hyper,gain,notmiwae,miwae,tabcsdi,ot
0.1,0.74291,0.73123,0.74749,0.74513,0.74153,71968316711037039441559848747008.00000,0.74496,0.74647,0.74183,0.81271,0.76661,0.76446,0.91547,0.74834
0.2,0.75144,0.73033,0.73874,0.73982,0.73544,0.73735,0.73546,0.73936,0.73505,0.81362,0.77435,0.78247,0.90842,0.73926
0.3,0.75927,0.72915,0.75332,0.75378,0.74763,30038434070225656279412900888576.00000,0.74839,0.75717,0.74711,0.78533,0.79326,0.79095,0.90796,0.76081
0.4,0.76932,0.73949,0.75489,0.75344,0.75244,4.43621,0.75402,0.75686,0.75040,0.83875,0.78265,0.78421,0.91452,0.75831
0.5,0.76936,0.74083,0.74817,0.75025,0.74663,0.74718,0.74881,0.74867,0.75089,0.82548,0.78584,0.78165,0.89806,0.75572
0.6,0.78103,0.73310,0.76841,0.77024,0.76904,0.77589,0.75866,0.77180,0.77078,0.79087,0.81912,0.81052,0.88465,0.78267
0.7,0.74665,0.73744,0.73726,0.73989,0.74107,0.74035,0.73598,0.73499,0.73756,0.80674,0.78128,0.79047,0.89178,0.74283
0.8,0.81965,0.75763,0.80187,0.81153,0.81974,0.81433,0.81069,0.81173,0.81334,0.80207,0.83686,0.83972,0.87977,0.82211
