,mean,knn,mice,missforest,mf,hyper,gain,notmiwae,miwae,ot
0.1,0.76323 ± 0.011,0.76125 ± 0.011,0.75868 ± 0.011,0.76008 ± 0.011,0.76129 ± 0.011,0.75889 ± 0.011,0.77885 ± 0.018,0.76913 ± 0.011,0.76800 ± 0.011,0.76527 ± 0.011
0.2,0.76577 ± 0.009,0.76482 ± 0.010,0.76085 ± 0.011,0.75923 ± 0.010,0.76572 ± 0.009,0.75955 ± 0.009,0.78446 ± 0.018,0.78545 ± 0.016,0.78454 ± 0.013,0.76732 ± 0.010
0.3,0.76300 ± 0.009,0.76517 ± 0.009,0.76232 ± 0.009,0.75690 ± 0.008,0.76704 ± 0.009,0.75824 ± 0.008,0.77012 ± 0.009,0.79017 ± 0.007,0.78825 ± 0.019,0.77048 ± 0.008
0.4,0.76367 ± 0.007,0.76354 ± 0.010,0.76248 ± 0.010,0.76033 ± 0.008,0.76644 ± 0.007,0.76046 ± 0.010,0.77724 ± 0.015,0.78091 ± 0.014,0.78110 ± 0.017,0.76738 ± 0.009
0.5,0.77471 ± 0.014,0.77701 ± 0.014,0.77539 ± 0.013,0.77238 ± 0.014,0.77358 ± 0.015,0.77381 ± 0.014,0.79638 ± 0.019,0.78074 ± 0.016,0.78189 ± 0.012,0.77910 ± 0.014
0.6,0.78707 ± 0.012,0.78564 ± 0.009,0.79944 ± 0.015,0.77793 ± 0.017,0.79110 ± 0.011,0.78677 ± 0.010,0.77259 ± 0.017,0.81940 ± 0.020,0.81193 ± 0.017,0.79832 ± 0.017
0.7,0.75229 ± 0.012,0.75513 ± 0.012,0.75589 ± 0.012,0.75187 ± 0.012,0.75191 ± 0.012,0.75326 ± 0.012,0.77566 ± 0.017,0.78148 ± 0.006,0.78796 ± 0.010,0.75617 ± 0.013
0.8,0.82095 ± 0.015,0.82578 ± 0.011,0.84986 ± 0.050,0.83264 ± 0.020,0.82461 ± 0.016,0.82939 ± 0.017,0.78697 ± 0.021,0.83225 ± 0.017,0.83322 ± 0.025,0.83247 ± 0.017
