,random,zero,mean,knn,mice,XGB,missforest,mf,hyper,gain,notmiwae,miwae,tabcsdi,ot
0.1,0.72188 ± 0.010,0.70866 ± 0.012,0.72158 ± 0.012,0.71918 ± 0.013,0.71527 ± 0.013,0.83365 ± 0.076,0.71887 ± 0.013,0.72129 ± 0.012,0.71633 ± 0.013,0.77042 ± 0.025,0.74590 ± 0.012,0.74260 ± 0.012,0.91547 ± 0.021,0.72185 ± 0.012
0.2,0.73824 ± 0.010,0.70783 ± 0.014,0.71746 ± 0.010,0.71915 ± 0.010,0.71185 ± 0.011,0.71836 ± 0.009,0.71341 ± 0.010,0.71813 ± 0.010,0.71456 ± 0.010,0.75724 ± 0.038,0.74729 ± 0.016,0.74376 ± 0.017,0.90842 ± 0.020,0.71860 ± 0.013
0.3,0.74137 ± 0.014,0.71073 ± 0.013,0.73009 ± 0.016,0.73389 ± 0.014,0.72494 ± 0.015,0.81130 ± 0.075,0.72819 ± 0.014,0.73197 ± 0.017,0.72806 ± 0.014,0.77008 ± 0.018,0.76647 ± 0.008,0.76879 ± 0.018,0.90796 ± 0.020,0.73650 ± 0.017
0.4,0.75208 ± 0.010,0.71796 ± 0.014,0.73158 ± 0.016,0.73505 ± 0.013,0.73238 ± 0.013,0.76162 ± 0.056,0.73322 ± 0.014,0.73356 ± 0.015,0.73384 ± 0.013,0.78342 ± 0.035,0.75826 ± 0.016,0.75947 ± 0.016,0.91452 ± 0.017,0.73832 ± 0.016
0.5,0.76742 ± 0.009,0.72171 ± 0.009,0.73183 ± 0.012,0.73411 ± 0.012,0.72980 ± 0.013,0.73099 ± 0.012,0.73337 ± 0.013,0.73383 ± 0.012,0.73676 ± 0.012,0.78386 ± 0.026,0.76256 ± 0.011,0.75922 ± 0.014,0.89806 ± 0.016,0.74219 ± 0.013
0.6,0.76817 ± 0.015,0.71534 ± 0.010,0.73413 ± 0.009,0.74759 ± 0.010,0.74207 ± 0.011,0.73288 ± 0.014,0.73141 ± 0.011,0.73849 ± 0.012,0.74243 ± 0.010,0.77210 ± 0.034,0.78533 ± 0.015,0.77931 ± 0.008,0.88465 ± 0.021,0.75670 ± 0.014
0.7,0.74598 ± 0.006,0.71129 ± 0.011,0.71758 ± 0.012,0.71772 ± 0.012,0.71838 ± 0.012,0.71867 ± 0.012,0.71600 ± 0.012,0.71897 ± 0.013,0.71999 ± 0.013,0.75501 ± 0.030,0.75355 ± 0.006,0.75096 ± 0.010,0.89178 ± 0.020,0.72528 ± 0.008
0.8,0.81077 ± 0.014,0.72844 ± 0.013,0.76183 ± 0.011,0.78507 ± 0.013,0.76642 ± 0.017,0.77208 ± 0.019,0.77985 ± 0.013,0.76771 ± 0.012,0.79335 ± 0.014,0.79962 ± 0.045,0.81191 ± 0.017,0.81218 ± 0.026,0.87977 ± 0.018,0.79044 ± 0.015
