,RD,ZR,Mean,KNN,MF,Mice,MisF,XGB,OT,HI,GAIN,Mi,NMi,CSDI
0.1,0.56723,0.02499,0.10501,0.06987,0.09197,0.05182,0.07097,inf,0.14548,0.05435,0.08922,0.07549,0.07962,0.08763
0.2,0.53504,0.06506,0.12764,0.0992,0.12447,0.07593,0.08809,0.20076,0.16178,0.08695,0.08883,0.08482,0.08994,0.10787
0.3,0.51996,0.0913,0.12249,0.0903,0.12102,0.07296,0.08602,inf,0.15766,0.07902,0.08776,0.0918,0.08759,0.09945
0.4,0.51167,0.10112,0.1295,0.10045,0.12845,0.08636,0.0952,243.38086,0.16325,0.08762,0.1004,0.09722,0.10243,0.09696
0.5,0.49636,0.11852,0.13872,0.12568,0.13972,0.11079,0.12115,0.11676,0.17023,0.12587,0.12442,0.12096,0.12025,0.08902
0.6,0.49037,0.12701,0.14995,0.14226,0.15828,0.13935,0.12501,0.13837,0.1806,0.13276,0.11105,0.13959,0.13768,0.09955
0.7,0.45653,0.16901,0.13839,0.1302,0.14823,0.12259,0.12969,0.12711,0.17141,0.13143,0.11294,0.12295,0.1311,0.07819
0.8,0.49084,0.12946,0.17027,0.16692,0.17073,0.21999,0.19119,0.16937,0.19594,0.17349,0.13238,0.16299,0.17012,0.09058
