,train_rmse_mean,train_rmse_std,train_mae_mean,train_mae_std,test_rmse_mean,test_rmse_std,test_mae_mean,test_mae_std
0.1,0.20913374,0.0284228,0.16625084,0.019318825,0.20996948,0.037590537,0.16410954,0.029781496
0.2,0.22614491,0.033872508,0.17958833,0.026411155,0.22260919,0.03942384,0.1770671,0.03353264
0.3,0.20771572,0.009901515,0.16369167,0.005522987,0.20712653,0.009480487,0.16258426,0.006088758
0.4,0.26153377,0.016928254,0.2033381,0.0114093395,0.2630672,0.020223709,0.20595197,0.016492918
0.5,0.22762004,0.030055052,0.1799033,0.02320063,0.22128706,0.023272391,0.17358299,0.018051255
0.6,0.24270777,0.04477346,0.19311684,0.034046028,0.24058309,0.045177247,0.19063908,0.03455301
0.7,0.24053633,0.026009731,0.19545487,0.020104129,0.24123994,0.024499997,0.1962122,0.01967994
0.8,0.2628619,0.020224048,0.20985582,0.013387423,0.2563334,0.021968305,0.20470384,0.015747586
0.9,0.312707,0.057856843,0.25126854,0.05092436,0.31207675,0.055859327,0.25153014,0.049454886
