,train_rmse_mean,train_rmse_std,train_mae_mean,train_mae_std,test_rmse_mean,test_rmse_std,test_mae_mean,test_mae_std
0.1,0.20363441,0.050802678,0.15790874,0.038929153,0.19885203,0.04160078,0.15489736,0.032011192
0.2,0.22681284,0.029447552,0.1746569,0.022240669,0.22827646,0.030537384,0.1756494,0.026184069
0.3,0.22261307,0.03855802,0.17239305,0.03225834,0.22489099,0.040580124,0.17365326,0.035658553
0.4,0.18426056,0.024203138,0.14317545,0.019483456,0.18750212,0.026011817,0.14501524,0.020225583
0.5,0.26682475,0.060178645,0.21043853,0.04769331,0.26385155,0.05592296,0.20891877,0.04529246
0.6,0.25813514,0.038877465,0.19997294,0.029056106,0.25503603,0.03828529,0.1971284,0.028413124
0.7,0.30988112,0.04594386,0.25025588,0.036991086,0.31108317,0.040589545,0.2517966,0.032277312
0.8,0.30641118,0.05845006,0.25341094,0.05603036,0.30639273,0.06755781,0.25499412,0.063903965
0.9,0.30413347,0.055649873,0.23951857,0.040735733,0.30241942,0.0522355,0.23754343,0.03649402
