,train_ML_f1_mean,train_ML_f1_std,test_ML_f1_mean,test_ML_f1_std
0.1,0.4776858435681965,0.006069967429577366,0.4776858435681965,0.006069967429577366
0.2,0.4776858435681965,0.006069967429577366,0.4776858435681965,0.006069967429577366
0.3,0.4776858435681965,0.006069967429577366,0.4776858435681965,0.006069967429577366
0.4,0.4776858435681965,0.006069967429577366,0.4776858435681965,0.006069967429577366
0.5,0.4776858435681965,0.006069967429577366,0.4776858435681965,0.006069967429577366
0.6,0.4776858435681965,0.006069967429577366,0.4776858435681965,0.006069967429577366
0.7,0.4776858435681965,0.006069967429577366,0.4776858435681965,0.006069967429577366
0.8,0.4776858435681965,0.006069967429577366,0.4776858435681965,0.006069967429577366
0.9,0.4776858435681965,0.006069967429577366,0.4889078494647342,0.020733517775492618
