,train_rmse_mean,train_rmse_std,train_mae_mean,train_mae_std,test_rmse_mean,test_rmse_std,test_mae_mean,test_mae_std
0.3,0.46168,0.0030624175,0.37363535,0.0036175377,0.45711407,0.009766805,0.3665462,0.012304353
0.5,0.40984526,0.003432036,0.32391953,0.0031840117,0.40884367,0.012430084,0.32021636,0.01168082
0.7,0.44352093,0.002925133,0.356632,0.0031671969,0.440629,0.009559161,0.35108095,0.010823072
