,train_ML_rmse_mean,train_ML_rmse_std,test_ML_rmse_mean,test_ML_rmse_std
0.1,12.303338223146444,2.1079659801170276,12.265356925553137,0.6718439387406256
0.2,13.553086854778233,1.5135463545870158,13.366666975037678,1.277716026709102
0.3,14.22068636076333,1.8397666221567048,14.078276602624607,0.5659123299871565
0.4,14.98579356407792,2.379224241794311,15.021156530772766,0.812855908060166
0.5,15.386017343487797,0.6649280413124431,15.647907783890778,0.16030578128388603
0.6,13.130414851389972,0.9057250536537927,16.506223274499217,0.6185195936994156
0.7,14.459682872948392,1.4767405082382974,15.508526192019048,0.5344274552326012
0.8,12.872405596871957,1.2547405840310146,16.56443181678169,0.6580557869478867
0.9,13.364412404450253,1.1884242757706007,17.365751921000538,1.3338443886773854
