,train_ML_rmse_mean,train_ML_rmse_std,test_ML_rmse_mean,test_ML_rmse_std
0.1,13.535423976356492,0.6120924416502542,13.874695659450841,0.4435459166016341
0.2,13.88900164222325,0.8825456467572041,14.646002722702239,0.9303872595084081
0.3,14.670786833788004,0.5490079785125764,15.141326664543133,0.5852028890959817
0.4,14.638707719494477,0.760669073826737,15.403050378666757,0.725806508450568
0.5,15.198748653904891,0.548540896555661,16.044918264719364,0.3511394701246083
0.6,15.290129121656255,0.6128595987369699,16.26771668791594,0.5114336412591063
0.7,15.035136680978372,0.6469533162285204,15.87762776797548,0.5515371022313362
0.8,15.362798393413488,0.6240213506512577,16.354675489018163,0.6843780092222231
0.9,15.698346425035762,0.5274289091759603,16.732669886382904,0.5590681128755749
