,train_ML_f1_mean,train_ML_f1_std,test_ML_f1_mean,test_ML_f1_std
0.1,0.9022900071752833,0.008478684542020184,0.8777881197783076,0.013313811282106206
0.2,0.8385989049230504,0.008083048621617276,0.8377772269499031,0.011234216563309753
0.3,0.7518362973045754,0.012029113955109014,0.7505470609614394,0.02578935400548501
0.4,0.7107342182763787,0.005790237084424999,0.713033515751228,0.022889115432680466
0.5,0.6790587644217562,0.019245046594299424,0.6631870139320715,0.025469860304165582
0.6,0.632460168468748,0.017659545017647087,0.6106856304147155,0.02148252322647722
0.7,0.6226541417746893,0.008481860915906907,0.6023764822591644,0.031197740213785387
0.8,0.5203068473756123,0.021406401976251682,0.49571029218069695,0.04498167786956509
0.9,0.5087433539062702,0.02378188357940448,0.4785694009131708,0.03637206405174577
