,train_ML_f1_mean,train_ML_f1_std,test_ML_f1_mean,test_ML_f1_std
0.1,0.8790500128380124,0.007960795841175674,0.8601646049933566,0.016769252399242065
0.2,0.8120906543632422,0.013376547827846993,0.8110992959253419,0.01055104464361392
0.3,0.7294167538305976,0.018323388312517265,0.7288786076405012,0.033406974874793646
0.4,0.6964462959226286,0.0058982088737089084,0.7024423438655079,0.019804288604944428
0.5,0.6496677705349904,0.010061145937202177,0.6570332489908204,0.031649261949863255
0.6,0.588445245302597,0.011424363747699636,0.5753628857757905,0.028680473638899646
0.7,0.5868685160504021,0.015425382557628953,0.5793554009759544,0.026834288923453648
0.8,0.5140087046731759,0.015648663965972715,0.49113033353714963,0.04058921725979515
0.9,0.49405692897088593,0.01882002108070401,0.46635102878463064,0.029316367521913793
