,train_ML_rmse_mean,train_ML_rmse_std,test_ML_rmse_mean,test_ML_rmse_std
0.1,14.248610909058277,1.0523784800233043,14.454745667019344,0.9665334252605916
0.2,13.839633927129551,0.5700108933393251,14.664489555296075,0.5433932118713952
0.3,14.318880213814248,0.6069955952701044,14.219520042355674,0.7264679810717133
0.4,15.086978639504952,0.6985191606971555,15.860565194469183,1.1147163586752649
0.5,14.531648662619386,0.4482602564410896,15.508982305078423,0.9736005112932552
0.6,15.961116687307149,0.33457863794767273,16.74929475437809,0.5028319333456949
0.7,17.635700766807968,0.6097776032124329,20.52581582170316,1.1492672067202412
0.8,16.613089580145633,0.545246739857294,17.827712275894566,0.5658882704301704
