,train_ML_f1_mean,train_ML_f1_std,test_ML_f1_mean,test_ML_f1_std
0.1,0.8106422802349018,0.06365240806670908,0.8251256451399923,0.07380213734374585
0.2,0.781555962464951,0.06528377961193876,0.821770753541544,0.07723312573625904
0.3,0.764964933468938,0.03690565375110616,0.7958136561013158,0.03687181069977775
0.4,0.7764880961188821,0.032146976178186834,0.7959837016147239,0.04054528332906361
0.5,0.6884816434844506,0.04255000446445884,0.6925595728929965,0.07640299088089875
0.6,0.696641277451751,0.0536078180975318,0.7448880283560569,0.05870128209015491
0.7,0.6392040651998858,0.06572477438291155,0.7093342896092257,0.11254656618195957
0.8,0.6903808304838532,0.05539183920355907,0.7854743803884509,0.054378949424204286
