,train_ML_f1_mean,train_ML_f1_std,test_ML_f1_mean,test_ML_f1_std
0.1,0.7593094107437913,0.0597650725590824,0.7882484287903331,0.06292073629988253
0.2,0.7508006805600369,0.07652225174530336,0.7735541765882323,0.062204519539997824
0.3,0.7509797134321211,0.0608165142738771,0.778038938038938,0.06898805180676015
0.4,0.7345630102849944,0.044870174514734344,0.7420925831182527,0.050555078241205635
0.5,0.7027920302092128,0.04851828119384557,0.6485825350617359,0.015756700522953724
0.6,0.7153777005120254,0.04968016979872638,0.7230803446683052,0.0530274894297314
0.7,0.7502602827110424,0.08041868320865649,0.698696226007997,0.06517283178209606
0.8,0.7090012807365962,0.06615285420546509,0.7166994979810106,0.1006445648219454
