,train_ML_rmse_mean,train_ML_rmse_std,test_ML_rmse_mean,test_ML_rmse_std
0.1,73637.2479482851,8241.538107369044,130848.9287389873,7270.092987851583
0.2,61115.434748171385,8032.868257812681,120135.03653232587,10745.787079902764
0.3,54285.19685145605,4784.521922494787,117312.80416987246,6594.476364178522
0.4,44320.3059229973,2593.9592419399687,102933.89331382068,4839.84001130772
0.5,37785.2967749336,1856.8611951538257,88750.82376717521,2313.77415563251
0.6,33159.887018928675,1562.7780004919823,87345.55058262307,3667.293680794619
0.7,23774.96220487522,1298.1942554993448,65766.26646846731,1968.674489734113
0.8,13396.229073704748,693.4031722953137,50748.35892372509,2515.6082021953603
0.9,6149.079352290705,563.7928322852084,34200.382724045005,9751.741809357452
