,train_ML_rmse_mean,train_ML_rmse_std,test_ML_rmse_mean,test_ML_rmse_std
0.1,0.7948153158408594,0.0038824671700421615,0.79932339163606,0.010532975415227437
0.2,0.8605442794980499,0.005314662997484109,0.860662593171931,0.013267124129914766
0.3,0.9188556245002134,0.00390650501463231,0.925352158997031,0.013442364917655755
0.4,0.9728603884627722,0.004088379702759684,0.976056149133696,0.011048920834677303
0.5,1.0148790915999732,0.0029485682905850317,1.0215190680071213,0.010626969607291264
0.6,1.0882749539510428,0.0012928664704690528,1.0935749842669742,0.009069878852256429
0.7,1.1053357287210877,0.004122383353298547,1.1130282534764124,0.01527941837373301
0.8,1.1041120699771196,0.002741471556559545,1.1106566172588181,0.010758144302353787
0.9,1.1626458378912645,0.001891969897570853,1.1721158370321416,0.007963205357696934
