,train_ML_rmse_mean,train_ML_rmse_std,test_ML_rmse_mean,test_ML_rmse_std
0.1,0.8416752765122768,0.003938008577057559,0.8419916573921746,0.008259557528207413
0.2,0.8952086065569904,0.005450936523461555,0.8919150896648931,0.011242316915335065
0.3,0.9601249516392697,0.004072012418798641,0.9630251731875467,0.014194418132770581
0.4,1.0030855582441898,0.0040694324646037856,1.0039570665831328,0.009008877029473417
0.5,1.047266665012961,0.0024332267546507192,1.0476929402669302,0.010451286141347287
0.6,1.095071551190073,0.002009007900288234,1.0955231926079443,0.004973185562180558
0.7,1.1130520606571734,0.0027202360827351117,1.116653564725995,0.012747189332003986
0.8,1.1307794502693922,0.001807538331531695,1.1318648441493413,0.008077799030526151
0.9,1.1470428519612117,0.0019163878376666087,1.149813153322492,0.005869849392943641
