,train_ML_rmse_mean,train_ML_rmse_std,test_ML_rmse_mean,test_ML_rmse_std
0.1,0.7399423458755892,0.005001619401415287,0.7502430979265029,0.009177287121609796
0.2,0.8147024801410152,0.0056924382373833415,0.8198870010688457,0.014201549165101243
0.3,0.8819769442696908,0.004926478239743669,0.8966364236555527,0.00953439191485101
0.4,0.9356839882579594,0.00287467489836096,0.9453517359549618,0.009031839266853036
0.5,0.9771311683604779,0.003428181265762728,0.9898346083027333,0.007787936306695412
0.6,1.0489686258691258,0.0017763743401117663,1.0618017033924745,0.007327549740938132
0.7,1.0679184034816642,0.0033930656588050754,1.0833347917930067,0.012717457735291288
0.8,1.0555208578753814,0.0023437448503156807,1.0651976670454615,0.009930456203259731
0.9,1.1362455023516924,0.0021517882150197884,1.1452640159716068,0.005673573315489318
