,train_ML_rmse_mean,train_ML_rmse_std,test_ML_rmse_mean,test_ML_rmse_std
0.1,2.371599749478825,0.03361930997712149,366685325.49463713,50296348.110682756
0.2,2.36349713396156,0.028079147357384485,330388674.2187858,47614691.05607248
0.3,2.376242177330309,0.01638883913144759,364482596.1386949,52026379.906892836
0.4,2.373301160235391,0.03295849398906387,290536287.17124146,39932534.33587898
0.5,2.3941414161651773,0.012517949735641708,264414023.3630554,36620142.60385546
0.6,2.3260724563765702,0.032100845460215195,243915179.20792183,30977558.918504264
0.7,2.4290595996418247,0.04567301086831473,210005898.56649885,28195722.161728162
0.8,2.3417498980441396,0.0609259775876576,362003923.4455444,52989310.9843446
