,train_ML_f1_mean,train_ML_f1_std,test_ML_f1_mean,test_ML_f1_std
0.1,0.9705252666838492,0.008978842465601534,0.9016487610477654,0.01205284860450653
0.2,0.9527042432159849,0.014558018221553056,0.86721146430181,0.025372976328257624
0.3,0.940928401195977,0.023042566559742402,0.7913119393298788,0.0326884050871266
0.4,0.9117676396821253,0.023078341709640248,0.7240095196605927,0.02673248020710071
0.5,0.9048281653600643,0.03174309016861644,0.7020555021835009,0.018535918808546614
0.6,0.8647589387924345,0.017409460726534615,0.6514890888759368,0.021245729930892156
0.7,0.8194723159072874,0.03552264782214361,0.5743332288407335,0.022520596714571982
0.8,0.768122589298879,0.04935063360883662,0.5278946335242429,0.043737748793919694
0.9,0.6502134203864763,0.0900419775662924,0.5169649172360853,0.01852872340659775
