,train_ML_f1_mean,train_ML_f1_std,test_ML_f1_mean,test_ML_f1_std
0.1,0.9482153942593238,0.014367697085527662,0.9032445836159315,0.007601980681549806
0.2,0.9316826601590712,0.020607392272672116,0.8630910558502528,0.031253322197394684
0.3,0.924552205508016,0.023435621666889814,0.7925014723901186,0.024389062873764408
0.4,0.8912628791156649,0.020980124221607346,0.7196331699546233,0.025573059236580407
0.5,0.8985622688018424,0.03119906989080281,0.7096696963954573,0.02518984649498471
0.6,0.8578804098746957,0.01318043440938215,0.6619649812543331,0.028462157575567013
0.7,0.8112953813212386,0.030902770215286448,0.5906775684606238,0.006010160150961772
0.8,0.7772820898936155,0.04887021168460238,0.5190763755572215,0.0339115588089196
0.9,0.6738273580775378,0.08372850277850602,0.5137572241022725,0.022495153957657842
