,train_ML_f1_mean,train_ML_f1_std,test_ML_f1_mean,test_ML_f1_std
0.1,0.7965534643039973,0.06958051798186904,0.7441539068458395,0.07561164513336224
0.2,0.7948241686023305,0.07567315748975002,0.6370605851582007,0.050755545278997984
0.3,0.7660552232136114,0.05079431980171561,0.512448411254558,0.044668719358775345
0.4,0.7899619028198211,0.059122371584671554,0.4771642556226735,0.006733258822546334
0.5,0.5057121129545955,0.03732661476293199,0.5495626072843407,0.06998924758208606
0.6,0.6972390452753836,0.08301129553865602,0.4771642556226735,0.006733258822546334
0.7,0.4776858435681965,0.006069967429577366,0.5255408944637086,0.0692756442235929
0.8,0.4808801769259352,0.01547639765870202,0.6028598746170288,0.0654210065015278
