,train_ML_f1_mean,train_ML_f1_std,test_ML_f1_mean,test_ML_f1_std
0.1,0.057508282079290374,0.01386898009181841,0.2739814006896614,0.06168722683349769
0.2,0.3919901434271753,0.013546154862008154,0.3906696864991003,0.01273399836844079
0.3,0.19097213001136346,0.030518868771894383,0.3176266573129406,0.026409401454926446
0.4,0.05366514709654626,0.008494562678272055,0.27131666154738565,0.060540247103647075
0.5,0.12122038112185689,0.017067764931194225,0.13051784823023574,0.03087754837308126
0.6,0.19598075188218944,0.02210346496665321,0.21205862431998285,0.017590602680489485
0.7,0.10310280474722525,0.01077667813882748,0.08351985244487824,0.01967152082019549
0.8,0.08869551765572561,0.01710038045661728,0.15040613341980885,0.017194298002945523
