,train_ML_f1_mean,train_ML_f1_std,test_ML_f1_mean,test_ML_f1_std
0.1,0.3209723408216852,0.018833172982120547,0.1587388294992556,0.03130906293234557
0.2,0.5078235413954307,0.06008617038809197,0.5082003630143328,0.06164687971881023
0.3,0.39379882840850056,0.03320465617581109,0.2275829576595712,0.04580940000020735
0.4,0.33451990524622677,0.020097440934153308,0.15751548938713428,0.03058789838479815
0.5,0.2257667889944072,0.06256250545348667,0.09600254748055351,0.07877784395984554
0.6,0.26809408686522285,0.03343209755739795,0.1690889692654721,0.035320278392097705
0.7,0.22450946693281132,0.06262389421701291,0.04565137454977933,0.0127497572551003
0.8,0.3273323704986932,0.07188897157402621,0.1342221209882395,0.09222494828774068
