,train_ML_rmse_mean,train_ML_rmse_std,test_ML_rmse_mean,test_ML_rmse_std
0.1,12.957638731672304,0.5907885021911472,12.233263768587113,0.4913666529106533
0.2,10.849441195163942,0.48841086441316767,11.263792229566816,0.5211848190282754
0.3,14.272440161267117,0.5699149866074091,14.084377928660453,0.5562655760246773
0.4,16.05695682826482,0.6088751188450874,17.298703715268367,0.46311581607776925
0.5,12.90418237360854,0.6429903089780118,13.072974966645551,0.6658457769132394
0.6,14.221023133361374,0.593827435346404,15.370024194257937,0.5322869408247606
0.7,15.466350731489285,0.6213020673246943,16.982861643798078,0.5399742152395095
0.8,15.139926747487072,0.7356337714723519,14.630537544553562,0.5879907884782607
