,train_ML_rmse_mean,train_ML_rmse_std,test_ML_rmse_mean,test_ML_rmse_std
0.1,11.988574086883766,0.35907584058657377,14.931716388523949,0.7472733138192021
0.2,10.85016641055884,0.610164452406698,10.65980048909318,0.8164745117017946
0.3,12.193132944921173,0.37770535223678,17.341627899213403,0.7933917895897997
0.4,13.710578447507075,0.6949620808546112,23.036660392109876,1.027435041014159
0.5,11.10141877280753,0.535718416802833,14.096047022185786,0.4867513523926404
0.6,13.228525289759698,0.4530712232103288,21.055981955295245,0.8692704314912417
0.7,11.503080151899983,0.7360517524351282,32.64009411633831,1.875191902009534
0.8,16.79730659650783,3.339364120612869,22.571705731790768,1.2052134622265367
