,train_ML_rmse_mean,train_ML_rmse_std,test_ML_rmse_mean,test_ML_rmse_std
0.1,14.391447432912809,0.1228640907553806,14.331923273436459,0.7621666387873305
0.2,13.577883901200234,0.15075056450752256,13.547086338966503,0.7140676561753134
0.3,15.195175834272913,0.12152070956624271,15.13122354804056,0.7923922252819162
0.4,15.820554294632696,0.14412974048323504,15.765875788308403,0.8074137068523269
0.5,14.549416546994516,0.13027662224409475,14.454689291453443,0.6659731524299097
0.6,15.868896320470778,0.15894905315709043,15.84209947999768,0.7299545342360724
0.7,15.629990635917755,0.21130226906160648,15.572936257149166,0.6082533944068129
0.8,14.604861044941895,0.16392316082542308,14.504334163089629,0.7159634644624188
