,train_ML_rmse_mean,train_ML_rmse_std,test_ML_rmse_mean,test_ML_rmse_std
0.1,10.4736592443463,0.13101585764671145,10.630666828119766,0.446576802790426
0.2,10.723260059676647,0.15570779034888443,10.871668256531756,0.5376069593513982
0.3,12.62216073364228,0.14057463042684962,12.778686788383002,0.43394810171513654
0.4,13.049908140573175,0.16750559573151483,13.25042743827434,0.5018996895159139
0.5,11.686480703998612,0.17001545386503195,11.80025506465629,0.5960076905202772
0.6,12.529968792722903,0.16604568648543644,12.623571582173366,0.41560235603638956
0.7,11.623317629710575,0.18253657286781114,11.770078883239455,0.4955790848902041
0.8,10.964597158200421,0.15532095923660214,11.116187632886106,0.511490011326786
