,train_ML_rmse_mean,train_ML_rmse_std,test_ML_rmse_mean,test_ML_rmse_std
0.1,10.794900499305708,0.18243775219733063,10.813777075637827,0.6173566186109439
0.2,10.284675059588709,0.16574476453878592,10.368632303085729,0.6314075631819529
0.3,12.464418462517656,0.16342890028585363,12.460694600930314,0.5689762928969133
0.4,12.751735049055576,0.13490092079287005,12.78389706483791,0.5372035993960012
0.5,11.883649691720791,0.11984684631072486,11.96353958685305,0.5827773106924758
0.6,12.571549413035015,0.13104385977729316,12.615143180349992,0.40657937255147525
0.7,11.919304304167705,0.1952142385479577,11.948979045124656,0.5695512168635922
0.8,11.72633063416936,0.13917861827966296,11.83379668537994,0.5387943863880621
