,train_ML_rmse_mean,train_ML_rmse_std,test_ML_rmse_mean,test_ML_rmse_std
0.1,6.291144713701265,0.19165251789149212,7.610950821899834,0.7107154247063414
0.2,5.986073810883649,0.12914606140070795,7.283691198151355,0.6260412182115294
0.3,8.41386232982399,0.16807421165688485,10.400198060485998,0.49057579057672546
0.4,9.575298137265047,0.16476393350697432,11.677892955748536,0.4328478357625829
0.5,6.839945697719651,0.11271579764067599,8.373790943749473,0.5702811518303266
0.6,7.655177665808134,0.1752900516648889,9.476806295038099,0.6844349715354363
0.7,7.088249675684454,0.16334650459776215,8.792896592974387,0.47994335918614345
0.8,6.64484001322558,0.12910404364342914,8.207701714169348,0.521603856281151
