,random,zero,mean,knn,mice,XGB,missforest,mf,hyper,gain,notmiwae,miwae,tabcsdi,ot
0.1,0.66418,0.79162,0.82865,0.83848,0.83295,0.82882,0.83701,0.82741,0.83082,0.78952,0.80315,0.79001,0.39842,0.82044
0.2,0.50630,0.75540,0.81783,0.83455,0.83212,0.82197,0.82256,0.82183,0.81852,0.79252,0.78975,0.79212,0.39842,0.80526
0.3,0.46506,0.71486,0.78063,0.81441,0.82707,0.81396,0.81162,0.80590,0.81038,0.76608,0.78893,0.77570,0.39842,0.73584
0.4,0.42439,0.63294,0.75653,0.79895,0.80868,0.78782,0.80267,0.77148,0.80774,0.75613,0.74981,0.75990,0.39842,0.69797
0.5,0.40436,0.64518,0.73107,0.75942,0.79414,0.77016,0.79190,0.78632,0.80237,0.71986,0.74322,0.74498,0.39842,0.69201
0.6,0.40151,0.62685,0.67726,0.71716,0.78959,0.73852,0.77362,0.71457,0.75327,0.69695,0.74840,0.74864,0.39842,0.66484
0.7,0.39842,0.58591,0.58451,0.60542,0.67779,0.66050,0.71925,0.65855,0.68560,0.61977,0.68850,0.70527,0.39842,0.59951
0.8,0.39842,0.58223,0.51649,0.54086,0.62636,0.57238,0.68621,0.67214,0.63663,0.46634,0.65621,0.69020,0.39842,0.55711
0.9,0.39842,0.53352,0.43160,0.55646,0.49197,0.49182,0.54132,0.53636,0.56666,0.41210,0.46928,0.51319,0.40043,0.49617
