,random,zero,mean,knn,mice,XGB,missforest,mf,hyper,gain,notmiwae,miwae,tabcsdi,ot
0.1,0.61017 ± 0.038,0.78464 ± 0.050,0.82175 ± 0.039,0.84145 ± 0.037,0.84643 ± 0.028,0.84288 ± 0.031,0.83413 ± 0.032,0.83059 ± 0.034,0.83862 ± 0.037,0.65300 ± 0.042,0.79810 ± 0.044,0.80522 ± 0.054,0.46534 ± 0.014,0.80780 ± 0.020
0.2,0.49974 ± 0.033,0.76196 ± 0.030,0.81194 ± 0.035,0.84633 ± 0.038,0.82810 ± 0.039,0.82833 ± 0.033,0.83075 ± 0.043,0.81606 ± 0.035,0.82542 ± 0.040,0.64298 ± 0.043,0.80090 ± 0.051,0.79306 ± 0.057,0.47629 ± 0.031,0.77630 ± 0.039
0.3,0.49169 ± 0.026,0.69048 ± 0.019,0.77154 ± 0.034,0.81792 ± 0.024,0.82691 ± 0.033,0.82845 ± 0.027,0.81538 ± 0.034,0.80080 ± 0.027,0.82014 ± 0.044,0.64064 ± 0.047,0.78783 ± 0.032,0.79164 ± 0.043,0.46124 ± 0.037,0.69258 ± 0.013
0.4,0.43049 ± 0.030,0.62884 ± 0.032,0.72904 ± 0.053,0.80537 ± 0.035,0.80030 ± 0.032,0.77515 ± 0.038,0.79521 ± 0.039,0.76554 ± 0.040,0.81240 ± 0.044,0.65180 ± 0.048,0.75182 ± 0.036,0.76633 ± 0.027,0.48441 ± 0.021,0.65613 ± 0.028
0.5,0.41164 ± 0.020,0.66735 ± 0.017,0.69138 ± 0.051,0.74268 ± 0.042,0.76812 ± 0.057,0.73602 ± 0.025,0.80011 ± 0.033,0.76485 ± 0.050,0.80582 ± 0.043,0.61972 ± 0.048,0.74774 ± 0.023,0.76006 ± 0.052,0.46235 ± 0.017,0.64296 ± 0.044
0.6,0.40613 ± 0.008,0.63849 ± 0.015,0.62648 ± 0.023,0.69609 ± 0.014,0.76945 ± 0.029,0.70062 ± 0.035,0.78428 ± 0.015,0.68629 ± 0.026,0.74783 ± 0.067,0.58861 ± 0.039,0.74477 ± 0.034,0.73467 ± 0.023,0.46985 ± 0.041,0.63218 ± 0.043
0.7,0.39808 ± 0.007,0.57494 ± 0.036,0.49826 ± 0.047,0.57678 ± 0.023,0.55206 ± 0.036,0.60606 ± 0.042,0.72496 ± 0.026,0.65282 ± 0.029,0.68422 ± 0.071,0.51113 ± 0.074,0.69116 ± 0.045,0.70485 ± 0.034,0.47318 ± 0.042,0.56603 ± 0.012
0.8,0.39842 ± 0.008,0.58816 ± 0.050,0.42958 ± 0.021,0.52789 ± 0.054,0.57941 ± 0.033,0.53672 ± 0.034,0.67365 ± 0.044,0.66030 ± 0.015,0.60776 ± 0.075,0.45826 ± 0.074,0.61998 ± 0.044,0.59231 ± 0.104,0.46951 ± 0.020,0.53478 ± 0.026
0.9,0.39842 ± 0.008,0.52036 ± 0.049,0.40462 ± 0.016,0.55603 ± 0.035,0.46776 ± 0.029,0.47588 ± 0.029,0.53614 ± 0.079,0.56553 ± 0.034,0.46003 ± 0.071,0.43953 ± 0.085,0.44688 ± 0.068,0.50165 ± 0.082,0.48861 ± 0.028,0.49942 ± 0.027
