,random,zero,mean,knn,mice,XGB,missforest,mf,hyper,gain,notmiwae,miwae,tabcsdi,ot
0.1,0.67852 ± 0.040,0.77732 ± 0.041,0.79728 ± 0.043,0.80958 ± 0.041,0.80383 ± 0.043,0.80705 ± 0.042,0.80705 ± 0.039,0.79747 ± 0.041,0.80486 ± 0.041,0.77882 ± 0.046,0.78829 ± 0.044,0.77399 ± 0.066,0.42294 ± 0.014,0.79333 ± 0.026
0.2,0.56737 ± 0.024,0.72599 ± 0.022,0.78883 ± 0.041,0.80886 ± 0.037,0.80075 ± 0.052,0.79135 ± 0.036,0.80305 ± 0.048,0.79713 ± 0.049,0.79726 ± 0.043,0.78229 ± 0.050,0.76068 ± 0.039,0.76727 ± 0.060,0.45871 ± 0.028,0.78080 ± 0.033
0.3,0.56263 ± 0.013,0.64478 ± 0.026,0.74125 ± 0.035,0.78399 ± 0.026,0.80078 ± 0.041,0.79398 ± 0.035,0.79599 ± 0.040,0.76790 ± 0.039,0.78656 ± 0.056,0.75550 ± 0.026,0.77194 ± 0.055,0.75544 ± 0.032,0.45645 ± 0.032,0.70958 ± 0.032
0.4,0.49488 ± 0.037,0.55083 ± 0.036,0.69881 ± 0.056,0.77360 ± 0.032,0.77761 ± 0.031,0.76721 ± 0.049,0.77856 ± 0.052,0.73941 ± 0.047,0.77500 ± 0.050,0.74509 ± 0.037,0.73189 ± 0.033,0.74978 ± 0.054,0.46858 ± 0.030,0.67465 ± 0.046
0.5,0.47549 ± 0.023,0.54696 ± 0.034,0.65257 ± 0.059,0.74943 ± 0.037,0.75842 ± 0.052,0.73795 ± 0.043,0.78572 ± 0.042,0.73734 ± 0.063,0.78053 ± 0.066,0.71456 ± 0.023,0.72618 ± 0.031,0.73694 ± 0.038,0.49119 ± 0.033,0.68242 ± 0.043
0.6,0.42758 ± 0.024,0.46649 ± 0.030,0.59054 ± 0.026,0.70312 ± 0.034,0.75252 ± 0.044,0.71198 ± 0.042,0.75655 ± 0.025,0.66776 ± 0.045,0.74531 ± 0.070,0.69434 ± 0.049,0.73629 ± 0.029,0.73120 ± 0.064,0.43578 ± 0.025,0.60991 ± 0.028
0.7,0.42310 ± 0.031,0.36650 ± 0.007,0.48140 ± 0.032,0.59665 ± 0.038,0.57953 ± 0.028,0.61315 ± 0.046,0.69544 ± 0.016,0.60031 ± 0.044,0.67915 ± 0.056,0.61617 ± 0.037,0.66251 ± 0.048,0.68362 ± 0.045,0.46920 ± 0.034,0.53227 ± 0.051
0.8,0.40024 ± 0.013,0.30111 ± 0.024,0.43930 ± 0.012,0.52001 ± 0.028,0.56680 ± 0.036,0.55342 ± 0.037,0.68498 ± 0.051,0.63917 ± 0.022,0.62104 ± 0.078,0.52428 ± 0.038,0.59317 ± 0.069,0.64013 ± 0.040,0.46558 ± 0.024,0.53198 ± 0.027
0.9,0.39842 ± 0.008,0.25697 ± 0.013,0.41482 ± 0.011,0.53310 ± 0.063,0.47087 ± 0.032,0.45464 ± 0.025,0.52586 ± 0.071,0.51588 ± 0.040,0.52856 ± 0.073,0.45783 ± 0.095,0.44340 ± 0.061,0.44433 ± 0.025,0.46045 ± 0.041,0.48762 ± 0.042
