,train_ML_f1_mean,train_ML_f1_std,test_ML_f1_mean,test_ML_f1_std
0.1,0.7965534643039973,0.06958051798186904,0.7441539068458395,0.07561164513336224
0.2,0.7838897913460959,0.05630503323877908,0.6370605851582007,0.050755545278997984
0.3,0.769865236586455,0.06382919730212742,0.5156992382929414,0.04842313173165517
0.4,0.7752649234803016,0.05455283664175985,0.4771642556226735,0.006733258822546334
0.5,0.52387088923798,0.03918386834399247,0.555676416817599,0.08331285140256796
0.6,0.7114683486215179,0.08575812886168926,0.4771642556226735,0.006733258822546334
0.7,0.4776858435681965,0.006069967429577366,0.5339515188926602,0.07730650661374704
0.8,0.4824155678306904,0.014711677004081384,0.6006570223413805,0.09452089174943899
