,train_ML_f1_mean,train_ML_f1_std,test_ML_f1_mean,test_ML_f1_std
0.1,0.7596738941541383,0.057419058773664586,0.7881850365571296,0.050084734539292686
0.2,0.7567656396267636,0.05288666564303528,0.7683199457481262,0.04876915897660075
0.3,0.7510341194039887,0.07715737906776116,0.7578334388658725,0.06718343705703825
0.4,0.7310634077513729,0.052971102024669044,0.7271298042589713,0.06071279622826085
0.5,0.687368201025607,0.06083582297526569,0.590421342629251,0.055739119933471776
0.6,0.7092835612319008,0.031873147948698374,0.7033135066681782,0.06676451206166606
0.7,0.7265884676969969,0.0743580288694897,0.7291311381094662,0.0478370138140759
0.8,0.6824026560837362,0.0440502800793478,0.6270201935049797,0.09583045155806365
