,train_ML_f1_mean,train_ML_f1_std,test_ML_f1_mean,test_ML_f1_std
0.1,0.8108417983061065,0.05835081463748998,0.8068697776500982,0.0716889691442611
0.2,0.8018444073985871,0.06961456156855583,0.8022828201626613,0.06083141859100197
0.3,0.7515281156943098,0.05879207326133746,0.781605351682751,0.05986367311098986
0.4,0.7554790268073447,0.03654058223016792,0.7784070257877395,0.024872088880148684
0.5,0.6963364882824526,0.05765831376106915,0.626072589897678,0.04720993114944908
0.6,0.6169820099255583,0.0479222195129578,0.6904724135399543,0.05966818588885026
0.7,0.5853712121212121,0.09336310094463533,0.6882004798704452,0.06901480181056029
0.8,0.5648831800710358,0.08408037810001509,0.7680880967218728,0.05755101966441223
