,RD,ZR,Mean,KNN,MF,Mice,MisF,XGB,OT,HI,GAIN,Mi,NMi,CSDI
Cali,1.0853346567480666,0.9885172092690022,0.7893701084038581,0.856214306973853,0.7637915295231839,0.7536712481405752,0.7508276014639346,0.8208456601973186,0.8699099423227878,0.7525494850831671,0.9103963665178606,2.068187567420317,1.9749087712006088,1.1539835488478558
Concre,14.351614131056872,13.283354055502723,10.833436865045506,11.642592717450569,11.122945205971606,10.773921569898153,11.122098108878834,11.627700543680588,11.253100974836679,10.998394244614536,12.87117015376631,15.795487499465457,15.04269573575129,16.69431224596384
Red,0.7406928914513362,0.711643710175083,0.660849305599699,0.6589919693610147,0.6621153720234236,0.6504782533035136,0.65406550946185,0.6699888627924913,0.6606938147435487,0.654314454646956,0.6873239846154983,0.7415944421681246,0.7560884924743745,0.808785663980295
White,0.834333773374536,0.8096783800739171,0.7740009685968345,0.7769191389786437,0.766762578598009,0.7641527003524288,0.7620903493738005,0.7954733114356529,0.7804946898188824,0.7642422661357313,0.7850568555849111,0.8430285103235662,0.875333269342771,0.8855877301003219
Yacht,10.898574345806278,12.074710503495144,9.3005190964434,10.238277836567004,9.645894128872111,9.797864964170941,9.485824891894728,9.992767918320206,9.465019535073683,9.462375527410174,12.800169270584572,11.154647513927824,11.64865574088188,15.04186990503062
