,RD,ZR,Mean,KNN,MF,Mice,MisF,XGB,OT,HI,GAIN,Mi,NMi,CSDI
Bank,0.9190842733908428,0.9321884538818846,0.9591692103516921,0.9744737889847379,0.9686476443264764,0.9941605839416059,0.9963503649635037,0.9919761114797613,0.9467604512276045,0.9978155275381553,0.7810484406104845,0.8015368281353684,0.931442601194426,0.5550656934306569
Climate,0.9148148148148147,0.9148148148148147,0.9148148148148147,0.9148148148148147,0.9148148148148147,0.9148148148148147,0.9148148148148147,0.9148148148148147,0.9148148148148147,0.9148148148148147,0.9148148148148147,0.9148148148148147,0.9148148148148147,0.9148148148148147
Qsar,0.652132701421801,0.785781990521327,0.8322274881516588,0.8322274881516586,0.8293838862559243,0.8464454976303317,0.8350710900473933,0.8246445497630331,0.8199052132701421,0.8407582938388625,0.7800947867298579,0.814218009478673,0.8009478672985783,0.6625592417061611
Sonar,0.7018847006651885,0.6202882483370289,0.7831485587583149,0.8169623059866963,0.7542128603104212,0.8072062084257207,0.8312638580931264,0.759090909090909,0.758758314855876,0.8260532150776054,0.7148558758314857,0.7688470066518847,0.7639689578713968,0.46031042128603106
Yeast,0.3680360360360361,0.41390990990990995,0.5632792792792793,0.5090270270270271,0.5478558558558559,0.521018018018018,0.5525495495495496,0.5174054054054055,0.5187297297297297,0.5309459459459459,0.5184054054054054,0.4128468468468468,0.42915315315315317,0.30327027027027026
