,train_ML_rmse_mean,train_ML_rmse_std,test_ML_rmse_mean,test_ML_rmse_std
0.1,0.6937142403272911,0.004112735044204057,0.7188675487066847,0.012999285594517847
0.2,0.6885213286646142,0.003762550820482883,0.713407607320035,0.010290698353628617
0.3,0.7031286370735608,0.0047322223443882,0.7281931502541544,0.014495991048572783
0.4,0.7099936010451737,0.004827692740060693,0.7332199005324129,0.014040808204342777
0.5,0.7086407754825415,0.0041602855408631465,0.7333666283958629,0.012824497164247326
0.6,0.7093580644685148,0.0042321038607275,0.7314053731451998,0.010689935915370775
0.7,0.6964436144178118,0.003941775271010698,0.7159956874593599,0.01179356074332769
0.8,0.7573369690655467,0.008170696151014,0.7798461822180374,0.013068040124709503
