,train_rmse_mean,train_rmse_std,train_mae_mean,train_mae_std,test_rmse_mean,test_rmse_std,test_mae_mean,test_mae_std
0.3,0.13956144,0.0006455027,0.10362081,0.0005195877,0.15306073,0.025837459,0.11365511,0.019274244
0.5,0.12267065,0.00055754953,0.0927655,0.00034363486,0.13090874,0.016088346,0.09816504,0.010226665
0.7,0.1651836,0.015098168,0.11839259,0.008520941,0.17893258,0.020148162,0.12747629,0.013030241
