,train_ML_rmse_mean,train_ML_rmse_std,test_ML_rmse_mean,test_ML_rmse_std
0.1,16.68690788172786,0.5857695163044463,243131176.8757717,9562831.098569335
0.2,16.69736895510453,0.5790723153159938,253790392.35827604,6577772.8082339745
0.3,16.700914754341284,0.574402649611373,231673176.20826682,8427882.692780852
0.4,16.701630231648927,0.5741352057236407,210267886.6683766,7364776.872831218
0.5,16.69677457482636,0.5778463300289454,242838904.0527377,7402277.29216644
0.6,16.700450907645426,0.5776975989272555,226482628.30018997,7481940.2606574735
0.7,16.700872697696358,0.5750767708751864,193856968.48302555,9328623.733140813
0.8,16.700969368024346,0.5746603805474825,230098041.66302615,9769248.936003765
