,train_ML_rmse_mean,train_ML_rmse_std,test_ML_rmse_mean,test_ML_rmse_std
0.1,12.508421473020862,0.302270208355455,12.183767207952434,1.4255849851564242
0.2,14.019466327488804,0.28128581332212704,13.70580529570079,1.450561463499797
0.3,12.398601816395814,0.30088013667252855,12.108536771930918,1.4122810254935125
0.4,14.91880150873278,0.34753512357839317,14.611702980006516,1.421481678085096
0.5,12.49053945217643,0.323212118112181,12.184637078269196,1.3693340723850653
0.6,12.69761349149452,0.2824484692736732,12.391525160981258,1.398401570498008
0.7,15.288615907981574,0.3355254110462862,14.920457172924984,1.5270692393083916
0.8,12.853949899292648,0.2899677332555042,12.53721329099121,1.4588991448508257
