,train_ML_rmse_mean,train_ML_rmse_std,test_ML_rmse_mean,test_ML_rmse_std
0.1,0.6897203802580608,0.016995017034613674,0.6940772744252183,0.029702632381561938
0.2,0.705775655551159,0.02885392945886166,0.7036664751901449,0.027287792331389983
0.3,0.7295295061026839,0.03818324950019137,0.7074362520043183,0.02645617637258665
0.4,0.7063055418944214,0.03101900475775124,0.7192080200457114,0.02321579318044131
0.5,0.7497450338800686,0.036724287831854,0.7508944268322832,0.028971979403163567
0.6,0.7604610847410684,0.046888052302303654,0.748851764124512,0.03206963486679654
0.7,0.7196718110950355,0.023139333576127907,0.7795949508168738,0.02625948877686216
0.8,0.7120617193086745,0.07559625487561167,0.7929990432400441,0.02374395181709538
0.9,0.8320048104815816,0.08869642660064755,2.28281198802494,1.2489731562772632
