,random,zero,mean,knn,mice,XGB,missforest,mf,hyper,gain,notmiwae,miwae,tabcsdi,ot
0.1,14.20349 ± 0.372,14.04313 ± 0.510,13.18194 ± 0.523,12.90729 ± 0.634,12.84881 ± 0.681,12.97359 ± 0.627,13.02988 ± 0.598,13.23629 ± 0.499,12.94700 ± 0.646,14.25829 ± 0.542,14.01470 ± 0.512,13.87470 ± 0.444,102808112.89272 ± 26350772.849,13.29748 ± 0.492
0.2,15.26862 ± 0.688,16.35512 ± 0.561,13.85573 ± 0.687,13.53176 ± 0.653,13.28413 ± 0.784,13.48572 ± 0.756,13.47924 ± 0.720,14.13605 ± 0.713,13.37049 ± 0.769,14.92164 ± 0.756,14.35501 ± 0.503,14.64600 ± 0.930,81872781.48253 ± 8192608.360,13.88833 ± 0.725
0.3,17.39433 ± 0.804,17.36354 ± 0.802,14.28771 ± 0.777,14.15401 ± 0.717,13.81187 ± 0.684,13.79127 ± 0.656,14.01565 ± 0.842,14.53881 ± 0.837,13.80789 ± 0.686,15.07627 ± 0.634,15.03927 ± 0.600,15.14133 ± 0.585,77735459.73422 ± 5489409.482,14.53471 ± 0.794
0.4,18.51208 ± 0.837,19.58334 ± 0.623,14.74867 ± 0.487,14.70217 ± 0.506,14.04732 ± 0.751,14.12978 ± 0.687,14.22797 ± 0.618,15.49372 ± 0.516,14.11454 ± 0.735,15.38279 ± 0.619,15.38587 ± 0.665,15.40305 ± 0.726,71366696.71688 ± 7103984.250,15.03416 ± 0.364
0.5,21.30154 ± 1.255,20.89314 ± 1.117,15.13809 ± 0.592,15.08824 ± 0.248,14.67058 ± 0.413,14.50582 ± 0.544,14.99598 ± 0.413,16.49577 ± 0.957,14.76028 ± 0.564,16.45258 ± 0.781,15.93066 ± 0.474,16.04492 ± 0.351,62994336.78543 ± 1713780.549,15.55098 ± 0.759
0.6,22.33797 ± 0.884,23.73476 ± 0.453,15.76495 ± 0.692,15.46522 ± 0.822,15.28484 ± 0.498,15.72205 ± 0.263,15.59950 ± 0.418,17.45375 ± 0.904,15.61600 ± 0.811,17.74624 ± 1.216,15.98346 ± 0.437,16.26772 ± 0.511,53697105.58798 ± 5626646.013,16.16189 ± 0.591
0.7,24.29202 ± 0.642,24.62435 ± 0.979,15.53644 ± 0.637,15.87193 ± 0.526,15.41544 ± 0.552,15.43938 ± 0.720,15.41819 ± 0.675,16.72576 ± 0.763,15.53953 ± 0.560,18.32134 ± 0.686,16.33497 ± 0.817,15.87763 ± 0.552,50340855.22357 ± 5109119.012,16.05707 ± 0.706
0.8,26.19611 ± 0.976,27.65009 ± 0.754,16.11403 ± 0.546,16.33431 ± 0.533,16.19881 ± 0.773,16.32600 ± 0.818,16.83479 ± 0.624,17.95965 ± 0.593,17.41795 ± 1.434,23.11494 ± 1.935,16.38729 ± 0.519,16.35468 ± 0.684,39974200.42704 ± 5761311.743,16.58224 ± 0.637
0.9,28.35925 ± 0.516,29.23536 ± 0.754,16.39905 ± 0.697,16.21206 ± 0.700,16.67675 ± 0.622,17.00972 ± 1.035,19.30966 ± 1.424,17.56973 ± 0.931,17.68687 ± 0.887,26.23156 ± 2.266,78.59846 ± 59.322,16.73267 ± 0.559,27074797.80287 ± 3989698.395,16.86637 ± 0.868
