,random,zero,mean,knn,mice,XGB,missforest,mf,hyper,gain,notmiwae,miwae,tabcsdi,ot
0.1,12.36782,12.05650,11.18714,11.01047,10.94921,11.00886,11.06670,11.32372,11.00205,13.22737,12.23102,12.14700,16.70837,11.42929
0.2,13.50133,13.66467,11.91558,11.78431,11.52874,11.60524,11.49661,12.20775,11.45507,13.74242,12.79667,12.92455,16.70837,12.00691
0.3,14.75946,14.38451,12.45895,12.67612,12.40890,12.24154,12.32676,12.72508,12.17510,14.03355,13.61340,13.73584,16.70837,12.92802
0.4,16.05788,15.02744,13.00371,13.34499,12.73147,12.97226,12.87542,13.58477,12.61672,14.43730,14.33902,14.31738,16.70837,13.73952
0.5,16.40129,15.80144,13.82550,13.96882,13.62526,13.44226,13.92676,14.67003,13.64003,15.32265,15.09261,15.33562,16.71570,14.53927
0.6,17.13008,16.18460,14.71316,14.79297,14.61110,15.38442,15.09246,15.68898,15.20029,16.17738,15.53786,15.83605,16.73171,15.53950
0.7,17.62440,16.27080,14.73649,15.64510,14.79014,15.04290,15.53384,15.43348,15.60093,15.79725,16.41471,15.25906,17.07703,15.98859
0.8,17.90497,16.54265,15.60229,16.26724,15.86929,16.27570,16.96188,16.54469,17.55072,17.89892,15.85584,16.13504,17.14423,16.74076
0.9,18.42420,16.43802,16.22333,16.30344,16.47150,17.40299,18.01525,17.27761,17.85014,16.49968,16.75584,17.20986,17.68832,17.49803
