,random,zero,mean,knn,mice,XGB,missforest,mf,hyper,gain,notmiwae,miwae,tabcsdi,ot
0.1,14.20349,14.04313,13.18194,12.90729,12.84881,12.97359,13.02988,13.23629,12.94700,14.25829,14.01470,13.87470,102808112.89272,13.29748
0.2,15.26862,16.35512,13.85573,13.53176,13.28413,13.48572,13.47924,14.13605,13.37049,14.92164,14.35501,14.64600,81872781.48253,13.88833
0.3,17.39433,17.36354,14.28771,14.15401,13.81187,13.79127,14.01565,14.53881,13.80789,15.07627,15.03927,15.14133,77735459.73422,14.53471
0.4,18.51208,19.58334,14.74867,14.70217,14.04732,14.12978,14.22797,15.49372,14.11454,15.38279,15.38587,15.40305,71366696.71688,15.03416
0.5,21.30154,20.89314,15.13809,15.08824,14.67058,14.50582,14.99598,16.49577,14.76028,16.45258,15.93066,16.04492,62994336.78543,15.55098
0.6,22.33797,23.73476,15.76495,15.46522,15.28484,15.72205,15.59950,17.45375,15.61600,17.74624,15.98346,16.26772,53697105.58798,16.16189
0.7,24.29202,24.62435,15.53644,15.87193,15.41544,15.43938,15.41819,16.72576,15.53953,18.32134,16.33497,15.87763,50340855.22357,16.05707
0.8,26.19611,27.65009,16.11403,16.33431,16.19881,16.32600,16.83479,17.95965,17.41795,23.11494,16.38729,16.35468,39974200.42704,16.58224
0.9,28.35925,29.23536,16.39905,16.21206,16.67675,17.00972,19.30966,17.56973,17.68687,26.23156,78.59846,16.73267,27074797.80287,16.86637
