,train_ML_f1_mean,train_ML_f1_std,test_ML_f1_mean,test_ML_f1_std
0.1,0.8018283328716451,0.009510355752660946,0.7990386088958219,0.031604575963490464
0.2,0.8093634014110801,0.00887396545247989,0.7968822478721908,0.03704294292056029
0.3,0.8110675490254347,0.004171012825543821,0.7968224484319284,0.04218262309834996
0.4,0.8057523396200417,0.00877408456479257,0.801838743451578,0.042168284864171374
0.5,0.8085595110197831,0.015793943746139735,0.7881383930466297,0.041043603692756475
0.6,0.8012807877546605,0.004011060417078413,0.7938901898424222,0.03896543062045101
0.7,0.7828805318818393,0.0068569945734864276,0.7511013300537336,0.0617923525758403
0.8,0.7894193258904082,0.007297976586868218,0.7586985090529516,0.03395144372277139
