,train_ML_f1_mean,train_ML_f1_std,test_ML_f1_mean,test_ML_f1_std
0.1,0.8422040606177742,0.00785347762253471,0.8104990716966809,0.042575670078789554
0.2,0.844327657017106,0.007777533823806306,0.8126743494704286,0.04341003988695381
0.3,0.8561928189235823,0.006409724740915692,0.803617707219509,0.03194737124748641
0.4,0.8373828942989171,0.0107905955581787,0.7988533736692809,0.041755721121886795
0.5,0.8453471396805152,0.00721825014701602,0.7766440137025824,0.03770222667553865
0.6,0.8521219446867934,0.003299394680268867,0.7664407918738009,0.03075001113463214
0.7,0.834154887854534,0.007104463333204212,0.7558855806240523,0.05338237591376843
0.8,0.8385934829487992,0.016437420328392308,0.7572405415616298,0.037164271236605734
