,train_ML_f1_mean,train_ML_f1_std,test_ML_f1_mean,test_ML_f1_std
0.1,0.9742200029024201,0.010598423990292491,0.9177369830517732,0.013504499132468034
0.2,0.9548132336193392,0.0112379870222373,0.8817448783519268,0.02190421567225871
0.3,0.9319933285210873,0.02353274238988546,0.8262883585935713,0.013963735832806943
0.4,0.9144811250528754,0.02514504409649327,0.7522861001943195,0.0218092385252448
0.5,0.9014089994314979,0.027171106048554234,0.7473059428959671,0.009123601425453542
0.6,0.8566443374044919,0.018605450692260064,0.6746197655046757,0.021280880952192625
0.7,0.8081526918410346,0.028591367623803054,0.5917495770314337,0.012683259149697524
0.8,0.8028592584911965,0.040567786816902054,0.5513401891453422,0.02480382855084802
0.9,0.6759609375964237,0.035710860271434906,0.45047585096628334,0.018316425359525643
