,train_ML_rmse_mean,train_ML_rmse_std,test_ML_rmse_mean,test_ML_rmse_std
0.1,0.6990049399457848,0.017878559416654175,0.6952254044808179,0.02446635436553342
0.2,0.7125974672878026,0.023917769428974524,0.7130537700398117,0.0255640079189667
0.3,0.7291485858835134,0.035301728791818456,0.7018866807654021,0.025777768855169202
0.4,0.7248537978346694,0.04461256368679883,0.7223364743972249,0.027759061842684944
0.5,0.7581700995993502,0.052659739850994376,0.7381945446374392,0.030212136127240843
0.6,0.7783117467968715,0.04981982411481226,0.7493080982978434,0.0150378902017309
0.7,0.7344223886097238,0.028650079938584098,0.7824593927926026,0.03547374330879353
0.8,0.704486055076895,0.014287353903586838,0.7929512993574431,0.022200431656230014
0.9,0.693912272632501,0.03210193582749924,0.8032882261288412,0.023335642187906812
