,train_ML_f1_mean,train_ML_f1_std,test_ML_f1_mean,test_ML_f1_std
0.1,0.6256790164805903,0.034591462300482566,0.5726378914452412,0.05619396567948699
0.2,0.5876632056627058,0.05949767191185317,0.5452570531694283,0.06242538652271823
0.3,0.523549447712497,0.012985580243573188,0.5162208262384644,0.04791772795158865
0.4,0.533460045098417,0.031100337090486103,0.5062004825536373,0.06256411031837941
0.5,0.4773655293779311,0.001642527687711916,0.4776858435681965,0.006069967429577366
0.6,0.493684931534753,0.02113934881620075,0.4971269143231963,0.04222910750767544
0.7,0.4773655293779311,0.001642527687711916,0.4776858435681965,0.006069967429577366
0.8,0.4773655293779311,0.001642527687711916,0.4776858435681965,0.006069967429577366
