,train_ML_f1_mean,train_ML_f1_std,test_ML_f1_mean,test_ML_f1_std
0.1,0.39842406976903394,0.007541615391697323,0.39842406976903394,0.007541615391697323
0.2,0.39842406976903394,0.007541615391697323,0.39842406976903394,0.007541615391697323
0.3,0.39842406976903394,0.007541615391697323,0.39842406976903394,0.007541615391697323
0.4,0.39842406976903394,0.007541615391697323,0.39842406976903394,0.007541615391697323
0.5,0.39842406976903394,0.007541615391697323,0.39842406976903394,0.007541615391697323
0.6,0.39842406976903394,0.007541615391697323,0.39842406976903394,0.007541615391697323
0.7,0.39842406976903394,0.007541615391697323,0.39842406976903394,0.007541615391697323
0.8,0.39842406976903394,0.007541615391697323,0.39842406976903394,0.007541615391697323
