,train_ML_f1_mean,train_ML_f1_std,test_ML_f1_mean,test_ML_f1_std
0.1,0.7950370735668837,0.05341473424699975,0.5853546796366704,0.04859685448273244
0.2,0.7912359182814835,0.02695793104218813,0.7910167625681657,0.0473636355353821
0.3,0.6899117653676416,0.1541499468725151,0.6764307669183255,0.05557530435341337
0.4,0.7124098179143518,0.15889011686424626,0.5763182882678721,0.03815234475160561
0.5,0.7926231382459032,0.03677373020532303,0.4910438985421258,0.06278731461808224
0.6,0.751343541774386,0.04641563920713392,0.4509469709057511,0.043956977548711806
0.7,0.7916195686715801,0.03336218683833326,0.42925589188088953,0.0094265648877529
0.8,0.7073467087193197,0.15507642601571903,0.4682937155917255,0.06405077533032345
