,train_ML_f1_mean,train_ML_f1_std,test_ML_f1_mean,test_ML_f1_std
0.1,0.6994713572042343,0.048201305409018326,0.7753754104880354,0.032446372134588015
0.2,0.7721440925554401,0.06623197109686092,0.7254012387042845,0.0840724192591309
0.3,0.5902614749839723,0.10937715175863104,0.6230138228549792,0.09898244115766741
0.4,0.7064685097954344,0.09441065508555803,0.4994238577680217,0.075600837886503
0.5,0.5697356977170399,0.05868650701173032,0.5238767202461097,0.09566726912287281
0.6,0.6948625282463642,0.14567418605806393,0.43692484875660825,0.02661802893724701
0.7,0.46062354823087415,0.0566162301389811,0.4125645146045855,0.013098995047845077
0.8,0.6272670790994498,0.1596717081050772,0.5885990765951848,0.05981305771916884
