,train_ML_f1_mean,train_ML_f1_std,test_ML_f1_mean,test_ML_f1_std
0.1,0.825372561839381,0.05998048980680218,0.8165025791849324,0.06520800764929754
0.2,0.7968605388779268,0.06736292537403868,0.7915162294168188,0.060292769541793176
0.3,0.7601301061053383,0.033239541480818584,0.7801541868983729,0.05719199402759384
0.4,0.7481748608534322,0.021693128964909044,0.7838850653278966,0.04122100679409347
0.5,0.7036848187931779,0.07004602539105537,0.6209658183208902,0.06691010187986798
0.6,0.5899660146937187,0.04572502110155254,0.7159983388704318,0.0515452460121463
0.7,0.5458961388074292,0.059988128572021036,0.7251718812350357,0.08272456350327183
0.8,0.5459341736694678,0.08051021467298553,0.7260271376286342,0.05807868852527717
