,train_ML_f1_mean,train_ML_f1_std,test_ML_f1_mean,test_ML_f1_std
0.1,0.4011928051214344,0.008366692371852865,0.4200388538414902,0.02825679082829462
0.2,0.5394930589876231,0.03842532897310779,0.5067964891959746,0.059206931884653015
0.3,0.43149921467400254,0.005804027313535626,0.44524401311943257,0.02302359082464637
0.4,0.39342434349367095,0.00487075353493529,0.4149158761766175,0.02881889721045309
0.5,0.30625562975826803,0.0508232460980238,0.27582448057412373,0.055046067941149336
0.6,0.2924213708627992,0.011350646284034488,0.28330045118669317,0.029201087588396558
0.7,0.2706406842549153,0.041943447128648184,0.24518263240960705,0.07983685888774628
0.8,0.37143731669902336,0.03809674837792161,0.3537816104433542,0.08172247229135113
