,train_ML_f1_mean,train_ML_f1_std,test_ML_f1_mean,test_ML_f1_std
0.1,0.4176051611512605,0.014002200973121529,0.4257399996983942,0.02643233569037572
0.2,0.5666092036299857,0.04441057555180215,0.518957526649587,0.05731990393434886
0.3,0.4483293484804092,0.011243413181355523,0.43724327434115695,0.03434544562633651
0.4,0.4056458226039421,0.011158879151768199,0.4233301832102237,0.03997379487695042
0.5,0.34015493335527325,0.05029343770383669,0.2878422394307266,0.06536750180980987
0.6,0.3343521508430596,0.02120413393106264,0.32310930800432897,0.02110929617688737
0.7,0.2877701806358419,0.03114572122646687,0.2623235252059962,0.07606663349891253
0.8,0.3806746522722617,0.038260440384958884,0.32599459718212825,0.062041139222266485
