,train_ML_f1_mean,train_ML_f1_std,test_ML_f1_mean,test_ML_f1_std
0.1,0.9295633840136175,0.026887638670685398,0.9256374201108979,0.0433036310464986
0.2,0.9171296728062727,0.02285805112323231,0.9145780077699766,0.01218374684117408
0.3,0.9015280932798275,0.01723036573908185,0.9011277634873499,0.024696343972296895
0.4,0.86928014847189,0.05508331486615978,0.8602422605426108,0.04997537182455433
0.5,0.7423569023633578,0.029536316706168714,0.714914739963029,0.06408199214239199
0.6,0.9157007279131157,0.010785401732105484,0.913347500993142,0.0122640249713154
0.7,0.8539728922317901,0.01809664088489398,0.8508048579530193,0.025584511682665078
0.8,0.5554096584560886,0.018904537933877186,0.5480232294260104,0.029593221072459968
