,train_ML_f1_mean,train_ML_f1_std,test_ML_f1_mean,test_ML_f1_std
0.1,0.29056472394850835,0.06603933280258613,0.16069353340611753,0.12070853731375072
0.2,0.34703652638024385,0.08143460714226974,0.39189275594675427,0.018446864658975454
0.3,0.3408799732990401,0.05516419175006,0.30874234276599327,0.04179682429982265
0.4,0.2895688222573066,0.08166032631989983,0.1611142184937382,0.11864429397005227
0.5,0.2291184881649866,0.03982060973640851,0.09655918904593505,0.04624336737805419
0.6,0.28869228822322535,0.052946621843518206,0.23174141258338826,0.037332126905276666
0.7,0.18269630916347793,0.035891738344571975,0.09834078669579807,0.01865747049466435
0.8,0.20592146850040255,0.07892729920482988,0.09618891191612253,0.03269831240632356
