,train_ML_f1_mean,train_ML_f1_std,test_ML_f1_mean,test_ML_f1_std
0.1,0.09083448207686126,0.10616101771221101,0.058543780566517635,0.018886806189273592
0.2,0.4532741244484962,0.08493455701126738,0.5213572646519823,0.053548578636730224
0.3,0.21580510986717277,0.04634852762902889,0.05962905842564468,0.018320286658811115
0.4,0.11245608932568567,0.10933193757074898,0.059602819668851684,0.020972279304359444
0.5,0.16054925246268245,0.12771171530302072,0.07355509502918359,0.11393469025307396
0.6,0.13736990870386198,0.03547612274199324,0.05953402944488677,0.01800372924224521
0.7,0.14545706176959652,0.11401987836871551,0.08443902653596966,0.08739251226573917
0.8,0.147740050311877,0.15871233952475763,0.09223474212243782,0.14809573178095645
