,train_ML_rmse_mean,train_ML_rmse_std,test_ML_rmse_mean,test_ML_rmse_std
0.1,15.271771678370317,0.31613311291504415,15.230156478000861,1.326796394112611
0.2,15.312894876590445,0.2430107905297564,15.165931820604271,1.3953484362319224
0.3,15.280628940923199,0.34304183400827976,15.170194915980337,1.4006276270553581
0.4,15.318336733080818,0.355017701609462,15.110865182783964,1.4349029527588146
0.5,15.184962672724154,0.42078942675870423,15.12697730079418,1.1278623133710428
0.6,15.298778222617344,0.21112239489039983,15.211525722793033,1.299016862532085
0.7,15.335437168254405,0.28060234616918733,15.12322774036561,1.396859746244506
0.8,15.32608911200957,0.3236085296664849,15.068819212058784,1.4493991163657174
