,train_ML_f1_mean,train_ML_f1_std,test_ML_f1_mean,test_ML_f1_std
0.1,0.6394686729937005,0.09410086746241444,0.5808806930992125,0.08791713095062152
0.2,0.6364521626510509,0.0662415290571036,0.5003725771244952,0.04728107433398308
0.3,0.5436362772229438,0.06239082287914543,0.5162208262384644,0.04791772795158865
0.4,0.548695098336581,0.07393062345453714,0.5062004825536373,0.06256411031837941
0.5,0.4776858435681965,0.006069967429577366,0.5565867340065702,0.07344546978030966
0.6,0.4776858435681965,0.006069967429577366,0.5047622263601192,0.050843007463198885
0.7,0.4776858435681965,0.006069967429577366,0.5389701389098961,0.08488376202412286
0.8,0.4776858435681965,0.006069967429577366,0.668391301931462,0.06954634334452264
