,train_ML_f1_mean,train_ML_f1_std,test_ML_f1_mean,test_ML_f1_std
0.1,0.5520410091983712,0.06226571225743984,0.6247144476436083,0.10138644532034598
0.2,0.553135032962248,0.04014921702059453,0.5361834849389873,0.04974659204542624
0.3,0.5898416257288293,0.0877765071105212,0.5339460372235731,0.08087931366947697
0.4,0.518097788109604,0.08392068777338607,0.4776858435681965,0.006069967429577366
0.5,0.4971269143231963,0.04222910750767544,0.4776858435681965,0.006069967429577366
0.6,0.4771642556226735,0.006733258822546334,0.4776858435681965,0.006069967429577366
0.7,0.4771642556226735,0.006733258822546334,0.4776858435681965,0.006069967429577366
0.8,0.5067220704991604,0.062253399411226984,0.4776858435681965,0.006069967429577366
0.9,0.4776858435681965,0.006069967429577366,0.4776858435681965,0.006069967429577366
