,train_ML_f1_mean,train_ML_f1_std,test_ML_f1_mean,test_ML_f1_std
0.1,0.769301260771645,0.0813439799299263,0.7853957690931422,0.08988513064082426
0.2,0.7150416541674851,0.08742016684532258,0.5957612618518862,0.09729011188668628
0.3,0.7409343873947833,0.08289239185716636,0.6279072979473012,0.09391637204154688
0.4,0.6544565204214943,0.07273824485812695,0.5066675420857736,0.05602752894591436
0.5,0.6733400509090232,0.02509496321789609,0.5221914578632284,0.05879868220819082
0.6,0.5149047233828888,0.05291956609659935,0.476637503440066,0.007491460994229332
0.7,0.653506022764006,0.14011273626112392,0.47614099543634775,0.007081756280695419
0.8,0.4776858435681965,0.006069967429577366,0.4776858435681965,0.006069967429577366
0.9,0.4776858435681965,0.006069967429577366,0.4776858435681965,0.006069967429577366
