,train_ML_f1_mean,train_ML_f1_std,test_ML_f1_mean,test_ML_f1_std
0.1,0.841577200786273,0.009352532982922884,0.8363226897212177,0.04110290310864503
0.2,0.841577200786273,0.009352532982922884,0.8363226897212177,0.04110290310864503
0.3,0.841577200786273,0.009352532982922884,0.8363226897212177,0.04110290310864503
0.4,0.841577200786273,0.009352532982922884,0.8363226897212177,0.04110290310864503
0.5,0.8400982134388745,0.007519847985458878,0.8347285408638385,0.041720744665482146
0.6,0.8416368601717963,0.007861057637954897,0.8305493268584726,0.0347358181073258
0.7,0.8394543277649464,0.005178715228609497,0.8219607806931709,0.04091466385893787
0.8,0.8398663409438285,0.003951360361288721,0.8183341360790631,0.0319154639021114
