,train_ML_f1_mean,train_ML_f1_std,test_ML_f1_mean,test_ML_f1_std
0.1,0.7812469080078508,0.03153629090521781,0.7263620767840246,0.0816314411436002
0.2,0.7614290899217642,0.03865887547179536,0.6490516286787079,0.08077388491265376
0.3,0.6621282232739678,0.07619901492072534,0.5389060016344763,0.05441569475848064
0.4,0.6968077313864668,0.07375100045780358,0.5935556075445859,0.047389487035180006
0.5,0.5450112438109853,0.040742409389176615,0.47460515541681597,0.007378898861880237
0.6,0.63811198146071,0.0280096701990873,0.52413024381495,0.03769117299118937
0.7,0.48374434513891823,0.013740089597202998,0.4776858435681965,0.006069967429577366
0.8,0.5402548541332799,0.033921072547640665,0.5035135143494277,0.06440916042643961
