,train_ML_f1_mean,train_ML_f1_std,test_ML_f1_mean,test_ML_f1_std
0.1,0.13252156472599858,0.061894034279708174,0.19796631404265216,0.04307903412428682
0.2,0.3916215767802519,0.013315626766641418,0.3906696864991003,0.01273399836844079
0.3,0.39416702248547636,0.0216403274435275,0.3018015859316524,0.042014505777609734
0.4,0.13080936124224224,0.049964997693239706,0.14717366577526608,0.045833167908841704
0.5,0.12508156995131492,0.02521337582581848,0.07476365786016514,0.028814581987269366
0.6,0.28887538871923046,0.024520772985933706,0.21848480123340336,0.033929570747842384
0.7,0.09531688037369838,0.04937599510713947,0.0709055528548415,0.01749677246786402
0.8,0.12546727158215149,0.04673344581832669,0.1031963877704362,0.014277397713154684
