,train_ML_f1_mean,train_ML_f1_std,test_ML_f1_mean,test_ML_f1_std
0.1,0.9716779284082557,0.00788022909658877,0.8057423653349869,0.07518004882179309
0.2,0.9771124961347543,0.006754528171986012,0.7816830427912809,0.0832667293702434
0.3,0.9164198949504385,0.09118062812984762,0.755663122029771,0.03412168578861544
0.4,0.9581840550287071,0.004885279905734988,0.7889630608051661,0.029016999157174515
0.5,0.9446532250192945,0.003411664115331382,0.7202333636574112,0.062445310856959375
0.6,0.9475008491972764,0.008046253295451845,0.7705207432385283,0.0649851229190876
0.7,0.936707810789604,0.012752841070112155,0.7765446949048402,0.05668064077652488
0.8,0.9500504883740992,0.013883539245422896,0.8389846383726433,0.054194373047852025
