,train_ML_f1_mean,train_ML_f1_std,test_ML_f1_mean,test_ML_f1_std
0.1,0.8839230079943945,0.016665251326088346,0.7835586832649256,0.060680296602008583
0.2,0.8719097553785812,0.01590426664933364,0.7316067452848668,0.07085514920525192
0.3,0.8371870763849261,0.04500811317335657,0.7629276913800991,0.06274267663024966
0.4,0.8377332215952213,0.01989101014064984,0.7505572435964221,0.035939091218005786
0.5,0.8049838578185338,0.028276867693324426,0.7295837914047156,0.06505889464991499
0.6,0.8355246516651954,0.03041498341034579,0.743572437782964,0.05239650243891845
0.7,0.8297341239753081,0.021170705149458617,0.7344668971768116,0.08258725239742885
0.8,0.8282578356197732,0.01807047469650456,0.7567613291219806,0.04235891234633476
