,random,zero,mean,knn,mice,XGB,missforest,mf,hyper,gain,notmiwae,miwae,tabcsdi,ot
0.1,0.52254,0.49985,0.52254,0.52254,0.52254,0.52254,0.52254,0.52254,0.52254,0.52254,0.47769,0.47769,0.47769,0.52254
0.2,0.52043,0.47769,0.50037,0.49202,0.50037,0.49765,0.49765,0.51622,0.51622,0.51862,0.47769,0.47769,0.47769,0.49765
0.3,0.51300,0.47718,0.51396,0.51758,0.51396,0.54045,0.51350,0.51810,0.52807,0.50990,0.47769,0.47769,0.47769,0.51448
0.4,0.51799,0.47769,0.49353,0.47616,0.49301,0.50570,0.49353,0.47769,0.49249,0.50938,0.47769,0.47769,0.47769,0.47718
0.5,0.47565,0.47769,0.47769,0.47614,0.47611,0.47514,0.49091,0.47769,0.47666,0.47769,0.47769,0.47769,0.47769,0.47666
0.6,0.47410,0.47769,0.47769,0.47667,0.47716,0.47718,0.47718,0.47769,0.50085,0.47718,0.47769,0.47769,0.47769,0.49353
0.7,0.49935,0.47769,0.47716,0.47565,0.50037,0.47769,0.54021,0.47769,0.48291,0.50672,0.47769,0.47769,0.47769,0.47716
0.8,0.49202,0.47769,0.47769,0.47616,0.47769,0.47669,0.47769,0.47769,0.47666,0.47718,0.47769,0.47769,0.47769,0.47718
0.9,0.49532,0.47769,0.47769,0.47104,0.47769,0.49353,0.46675,0.47769,0.47769,0.47769,0.47769,0.47769,0.47769,0.47769
