,random,zero,mean,knn,mice,XGB,missforest,mf,hyper,gain,notmiwae,miwae,tabcsdi,ot
0.1,0.65687,0.68133,0.64056,0.64185,0.64056,0.64056,0.64056,0.62471,0.62471,0.63451,0.47769,0.47769,0.39603,0.64056
0.2,0.51307,0.62125,0.53618,0.56342,0.53618,0.53618,0.53618,0.53618,0.53618,0.59139,0.47769,0.47769,0.39747,0.53891
0.3,0.55267,0.59379,0.52981,0.53314,0.52981,0.56606,0.53033,0.53395,0.51448,0.55722,0.47769,0.47769,0.40026,0.54352
0.4,0.56597,0.55374,0.47769,0.47619,0.47716,0.50602,0.47769,0.47769,0.47769,0.47769,0.47769,0.47769,0.40757,0.47769
0.5,0.47412,0.57261,0.47769,0.47718,0.47614,0.51898,0.47718,0.47769,0.47769,0.47769,0.47769,0.47769,0.41833,0.47769
0.6,0.47410,0.47565,0.47769,0.47666,0.47716,0.48376,0.47718,0.47769,0.49872,0.47718,0.47769,0.47769,0.40809,0.47769
0.7,0.49375,0.50838,0.47769,0.47668,0.54661,0.53351,0.51979,0.47769,0.47411,0.52257,0.47769,0.47769,0.40729,0.47769
0.8,0.52749,0.47718,0.47769,0.47668,0.47716,0.48939,0.47769,0.47769,0.47716,0.47618,0.47769,0.47769,0.43643,0.47769
0.9,0.50792,0.47769,0.47769,0.47518,0.48317,0.47769,0.47343,0.47769,0.47769,0.46789,0.39066,0.47769,0.42212,0.47769
