,random,zero,mean,knn,mice,XGB,missforest,mf,hyper,gain,notmiwae,miwae,tabcsdi,ot
0.1,0.76836,0.75762,0.78906,0.79098,0.78906,0.77759,0.78906,0.78540,0.78202,0.76629,0.47769,0.47769,0.47591,0.78980
0.2,0.60369,0.63880,0.62196,0.64333,0.62196,0.62627,0.62908,0.59576,0.63993,0.67066,0.47769,0.47769,0.48857,0.63839
0.3,0.63045,0.64215,0.62571,0.66663,0.62571,0.63307,0.63234,0.62791,0.63014,0.62563,0.47769,0.47769,0.46964,0.63212
0.4,0.57848,0.53466,0.50667,0.53556,0.51730,0.54816,0.52642,0.50667,0.49091,0.56160,0.47769,0.47769,0.47056,0.50513
0.5,0.50633,0.62898,0.50415,0.50060,0.54510,0.56344,0.54266,0.52219,0.48472,0.60481,0.47769,0.47769,0.49003,0.53571
0.6,0.47685,0.56234,0.47769,0.53102,0.50343,0.51592,0.50624,0.47664,0.52185,0.52499,0.47769,0.47769,0.45954,0.50564
0.7,0.52925,0.55503,0.47664,0.49560,0.54247,0.52769,0.51359,0.47614,0.50733,0.59805,0.47769,0.47769,0.49543,0.47612
0.8,0.54193,0.55855,0.47769,0.49409,0.47666,0.51530,0.49883,0.47769,0.51175,0.51825,0.47769,0.47769,0.49669,0.47718
0.9,0.51218,0.51647,0.47769,0.49622,0.48344,0.50257,0.48787,0.47769,0.47769,0.50530,0.48891,0.47769,0.49096,0.47769
