,random,zero,mean,knn,mice,XGB,missforest,mf,hyper,gain,notmiwae,miwae,tabcsdi,ot
0.1,0.65687 ± 0.133,0.68133 ± 0.097,0.64056 ± 0.080,0.64185 ± 0.124,0.64056 ± 0.080,0.64056 ± 0.080,0.64056 ± 0.080,0.62471 ± 0.101,0.62471 ± 0.101,0.63451 ± 0.073,0.47769 ± 0.006,0.47769 ± 0.006,0.39603 ± 0.041,0.64056 ± 0.080
0.2,0.51307 ± 0.048,0.62125 ± 0.063,0.53618 ± 0.050,0.56342 ± 0.098,0.53618 ± 0.050,0.53618 ± 0.050,0.53618 ± 0.050,0.53618 ± 0.050,0.53618 ± 0.050,0.59139 ± 0.072,0.47769 ± 0.006,0.47769 ± 0.006,0.39747 ± 0.051,0.53891 ± 0.052
0.3,0.55267 ± 0.076,0.59379 ± 0.100,0.52981 ± 0.073,0.53314 ± 0.114,0.52981 ± 0.073,0.56606 ± 0.054,0.53033 ± 0.073,0.53395 ± 0.081,0.51448 ± 0.075,0.55722 ± 0.079,0.47769 ± 0.006,0.47769 ± 0.006,0.40026 ± 0.056,0.54352 ± 0.086
0.4,0.56597 ± 0.052,0.55374 ± 0.060,0.47769 ± 0.006,0.47619 ± 0.005,0.47716 ± 0.007,0.50602 ± 0.041,0.47769 ± 0.006,0.47769 ± 0.006,0.47769 ± 0.006,0.47769 ± 0.006,0.47769 ± 0.006,0.47769 ± 0.006,0.40757 ± 0.032,0.47769 ± 0.006
0.5,0.47412 ± 0.006,0.57261 ± 0.076,0.47769 ± 0.006,0.47718 ± 0.006,0.47614 ± 0.007,0.51898 ± 0.067,0.47718 ± 0.006,0.47769 ± 0.006,0.47769 ± 0.006,0.47769 ± 0.006,0.47769 ± 0.006,0.47769 ± 0.006,0.41833 ± 0.038,0.47769 ± 0.006
0.6,0.47410 ± 0.007,0.47565 ± 0.006,0.47769 ± 0.006,0.47666 ± 0.007,0.47716 ± 0.007,0.48376 ± 0.029,0.47718 ± 0.006,0.47769 ± 0.006,0.49872 ± 0.039,0.47718 ± 0.006,0.47769 ± 0.006,0.47769 ± 0.006,0.40809 ± 0.028,0.47769 ± 0.006
0.7,0.49375 ± 0.038,0.50838 ± 0.034,0.47769 ± 0.006,0.47668 ± 0.006,0.54661 ± 0.093,0.53351 ± 0.072,0.51979 ± 0.059,0.47769 ± 0.006,0.47411 ± 0.007,0.52257 ± 0.061,0.47769 ± 0.006,0.47769 ± 0.006,0.40729 ± 0.045,0.47769 ± 0.006
0.8,0.52749 ± 0.065,0.47718 ± 0.006,0.47769 ± 0.006,0.47668 ± 0.006,0.47716 ± 0.007,0.48939 ± 0.027,0.47769 ± 0.006,0.47769 ± 0.006,0.47716 ± 0.007,0.47618 ± 0.006,0.47769 ± 0.006,0.47769 ± 0.006,0.43643 ± 0.038,0.47769 ± 0.006
0.9,0.50792 ± 0.070,0.47769 ± 0.006,0.47769 ± 0.006,0.47518 ± 0.005,0.48317 ± 0.020,0.47769 ± 0.006,0.47343 ± 0.012,0.47769 ± 0.006,0.47769 ± 0.006,0.46789 ± 0.007,0.39066 ± 0.101,0.47769 ± 0.006,0.42212 ± 0.063,0.47769 ± 0.006
