,random,zero,mean,knn,mice,XGB,missforest,mf,hyper,gain,notmiwae,miwae,tabcsdi,ot
0.1,0.52254 ± 0.059,0.49985 ± 0.048,0.52254 ± 0.059,0.52254 ± 0.059,0.52254 ± 0.059,0.52254 ± 0.059,0.52254 ± 0.059,0.52254 ± 0.059,0.52254 ± 0.059,0.52254 ± 0.059,0.47769 ± 0.006,0.47769 ± 0.006,0.47769 ± 0.006,0.52254 ± 0.059
0.2,0.52043 ± 0.061,0.47769 ± 0.006,0.50037 ± 0.047,0.49202 ± 0.029,0.50037 ± 0.047,0.49765 ± 0.042,0.49765 ± 0.042,0.51622 ± 0.048,0.51622 ± 0.048,0.51862 ± 0.084,0.47769 ± 0.006,0.47769 ± 0.006,0.47769 ± 0.006,0.49765 ± 0.042
0.3,0.51300 ± 0.044,0.47718 ± 0.006,0.51396 ± 0.076,0.51758 ± 0.084,0.51396 ± 0.076,0.54045 ± 0.076,0.51350 ± 0.044,0.51810 ± 0.084,0.52807 ± 0.104,0.50990 ± 0.069,0.47769 ± 0.006,0.47769 ± 0.006,0.47769 ± 0.006,0.51448 ± 0.075
0.4,0.51799 ± 0.055,0.47769 ± 0.006,0.49353 ± 0.029,0.47616 ± 0.006,0.49301 ± 0.029,0.50570 ± 0.063,0.49353 ± 0.029,0.47769 ± 0.006,0.49249 ± 0.029,0.50938 ± 0.033,0.47769 ± 0.006,0.47769 ± 0.006,0.47769 ± 0.006,0.47718 ± 0.006
0.5,0.47565 ± 0.006,0.47769 ± 0.006,0.47769 ± 0.006,0.47614 ± 0.007,0.47611 ± 0.008,0.47514 ± 0.006,0.49091 ± 0.026,0.47769 ± 0.006,0.47666 ± 0.007,0.47769 ± 0.006,0.47769 ± 0.006,0.47769 ± 0.006,0.47769 ± 0.006,0.47666 ± 0.007
0.6,0.47410 ± 0.007,0.47769 ± 0.006,0.47769 ± 0.006,0.47667 ± 0.006,0.47716 ± 0.007,0.47718 ± 0.006,0.47718 ± 0.006,0.47769 ± 0.006,0.50085 ± 0.043,0.47718 ± 0.006,0.47769 ± 0.006,0.47769 ± 0.006,0.47769 ± 0.006,0.49353 ± 0.029
0.7,0.49935 ± 0.048,0.47769 ± 0.006,0.47716 ± 0.007,0.47565 ± 0.006,0.50037 ± 0.047,0.47769 ± 0.006,0.54021 ± 0.059,0.47769 ± 0.006,0.48291 ± 0.015,0.50672 ± 0.062,0.47769 ± 0.006,0.47769 ± 0.006,0.47769 ± 0.006,0.47716 ± 0.007
0.8,0.49202 ± 0.029,0.47769 ± 0.006,0.47769 ± 0.006,0.47616 ± 0.006,0.47769 ± 0.006,0.47669 ± 0.005,0.47769 ± 0.006,0.47769 ± 0.006,0.47666 ± 0.007,0.47718 ± 0.006,0.47769 ± 0.006,0.47769 ± 0.006,0.47769 ± 0.006,0.47718 ± 0.006
0.9,0.49532 ± 0.037,0.47769 ± 0.006,0.47769 ± 0.006,0.47104 ± 0.006,0.47769 ± 0.006,0.49353 ± 0.029,0.46675 ± 0.020,0.47769 ± 0.006,0.47769 ± 0.006,0.47769 ± 0.006,0.47769 ± 0.006,0.47769 ± 0.006,0.47769 ± 0.006,0.47769 ± 0.006
