,train_ML_f1_mean,train_ML_f1_std,test_ML_f1_mean,test_ML_f1_std
0.1,0.06162612621130853,0.012847104624915881,0.060342375978001205,0.022432246274097283
0.2,0.5201369011455281,0.05707052218612053,0.5186684730404583,0.05539143747527273
0.3,0.22171239669756462,0.06468560244920453,0.06000960701751208,0.01906944548495773
0.4,0.08561151230835899,0.046467178261589526,0.062241204016235244,0.024836477450886928
0.5,0.11229287448527525,0.024861459582461554,0.03651088060191532,0.01275407139229512
0.6,0.13315181293364303,0.03255171602648589,0.06002136978982255,0.018641053996079123
0.7,0.12316305192276125,0.031009366578357796,0.040079791536874444,0.021361637612478987
0.8,0.06848269733168938,0.02150244896030041,0.04003369256931724,0.012872206697734662
