,train_ML_f1_mean,train_ML_f1_std,test_ML_f1_mean,test_ML_f1_std
0.1,0.9309946204674933,0.00436630494993009,0.9280298850749263,0.015350726683160672
0.2,0.9105104185025003,0.00823863072641175,0.9094567077152961,0.02573616134270992
0.3,0.8848801722533194,0.009868809714337365,0.8842584963230283,0.030336223495890147
0.4,0.918598165625839,0.004136433223375481,0.9111351169205882,0.023554489423721323
0.5,0.8845235880497219,0.003332312455720614,0.8768508873522081,0.027147608456087702
0.6,0.9056096720949215,0.009483596236867174,0.9031349481895978,0.02644617898709792
0.7,0.9580320533207975,0.0032529681386713645,0.9586263026163191,0.013574822563757862
0.8,0.7788300157639345,0.005077182288134274,0.776611558242443,0.021050152562971238
