,train_rmse_mean,train_rmse_std,train_mae_mean,train_mae_std,test_rmse_mean,test_rmse_std,test_mae_mean,test_mae_std
0.1,0.32013863,0.011824097,0.3010277,0.012311589,0.32176438,0.016032584,0.30213928,0.015870389
0.2,0.18896838,0.0023444395,0.1762399,0.0028237605,0.18760678,0.00692336,0.17516556,0.0059441105
0.3,0.3478055,0.049722746,0.29947066,0.04163929,0.35042924,0.050767962,0.29950517,0.041853905
0.4,0.3555085,0.019770892,0.30290088,0.013227451,0.35383984,0.019202959,0.30140728,0.014738148
0.5,0.2720231,0.0050148475,0.24061255,0.005365648,0.2722295,0.006380222,0.24010491,0.0073447023
0.6,0.42169675,0.0007217957,0.36531323,0.0011885194,0.41976634,0.012613322,0.36344573,0.013201233
0.7,0.4374395,0.0017568574,0.37779036,0.0031635852,0.4340853,0.010534022,0.37496597,0.007306943
0.8,0.42152643,0.0055490225,0.3730467,0.005814302,0.4194045,0.009599269,0.37124866,0.012915174
