,train_rmse_mean,train_rmse_std,train_mae_mean,train_mae_std,test_rmse_mean,test_rmse_std,test_mae_mean,test_mae_std
0.3,0.37170583,0.006339587,0.3024773,0.0059934533,0.36662605,0.0062172012,0.29985565,0.005498498
0.5,0.39019185,0.0029162543,0.31765074,0.0032321296,0.38294446,0.005476963,0.3138469,0.005224519
0.7,0.38193783,0.0015460905,0.31227225,0.0017110977,0.3806411,0.006608364,0.31272736,0.0064894822
