,train_ML_rmse_mean,train_ML_rmse_std,test_ML_rmse_mean,test_ML_rmse_std
0.1,0.6752526597307206,0.0038429024095209285,0.6839697150397788,0.026789635303042923
0.2,0.6885350514920485,0.008064413662098624,0.6969579261951958,0.026818527883533318
0.3,0.6921449328587818,0.014749741333264448,0.7013827089562852,0.031238312068095252
0.4,0.7175098102447638,0.007556972296843045,0.7278185171011341,0.04134998670115492
0.5,0.7253773458707637,0.013878653951441722,0.7357478598154017,0.024872924606535098
0.6,0.7253949382276093,0.008293233948769825,0.7353250502757713,0.020250630144884048
0.7,0.780266809720457,0.013720075905609455,0.7873506438992004,0.03970077495974589
0.8,0.7903112423996047,0.006546460473043418,0.8007741572191259,0.03154587949637481
0.9,0.8005526370696305,0.010847838389748773,0.810623560824963,0.04115810121366555
