,train_rmse_mean,train_rmse_std,train_mae_mean,train_mae_std,test_rmse_mean,test_rmse_std,test_mae_mean,test_mae_std
0.1,0.10256614,0.0015466479,0.071413815,0.00040845142,0.10324063,0.005970697,0.071718775,0.0016191318
0.2,0.10507746,0.0009084148,0.076547824,0.0004554441,0.10498345,0.0035926881,0.07649327,0.0018836819
0.3,0.10745244,0.0010764744,0.07752866,0.0007650483,0.10728787,0.0040307795,0.07732112,0.0026667942
0.4,0.117431305,0.0009117,0.08339761,0.0005205301,0.118655704,0.0033829107,0.08370242,0.0019658003
0.5,0.115602635,0.0022564111,0.08413249,0.00052317354,0.11476586,0.0032560872,0.0838034,0.0025412682
0.6,0.120607235,0.00083369756,0.08845878,0.00073464523,0.12092514,0.001571176,0.08889892,0.001647555
0.7,0.13193986,0.0018386145,0.09628173,0.0013912353,0.13327554,0.006524958,0.09604691,0.002699867
0.8,0.13726397,0.0010592401,0.09953983,0.00073880673,0.1386618,0.004916915,0.09991194,0.0027691424
0.9,0.13954939,0.004208597,0.10284495,0.0011634569,0.13922597,0.0061834604,0.102583215,0.0024920776
