,train_ML_rmse_mean,train_ML_rmse_std,test_ML_rmse_mean,test_ML_rmse_std
0.1,0.6593161645579015,0.0047897260456102285,0.6642167925738678,0.019730541881539103
0.2,0.6691363132421845,0.005723881389416213,0.6740954848960269,0.02127923743102009
0.3,0.6651528618144222,0.00686211914523772,0.6688666445016992,0.026609276073603874
0.4,0.6943347176276387,0.007304290450799309,0.6964792789466381,0.021179012309274416
0.5,0.7114721001460879,0.008814630276699565,0.7175749747683964,0.028223515790597523
0.6,0.7125277032604076,0.0071558870406023874,0.7169440110126255,0.02037050054878188
0.7,0.7557804554684616,0.009124520748690685,0.7540831097944485,0.022125551885240742
0.8,0.7716410913146884,0.004174607071863489,0.7788025374251342,0.030166807680636242
0.9,0.7857080282903481,0.008028680521004049,0.7927765326769896,0.03392969733047095
