,train_ML_f1_mean,train_ML_f1_std,test_ML_f1_mean,test_ML_f1_std
0.1,0.9083039223230746,0.01596077628639504,0.8118839480636064,0.06959509630021228
0.2,0.8726939692922745,0.010634899780520566,0.7797300421758626,0.0690109133398934
0.3,0.8990173152887335,0.01292671390625384,0.7930685827252477,0.05429666241811154
0.4,0.8457065928969889,0.026257566830940465,0.7104958498760491,0.10352485628824716
0.5,0.8426515058007658,0.0084752448760666,0.744497457804874,0.065707568447217
0.6,0.8356787522282986,0.00961053804192631,0.744953500016317,0.05530514021262905
0.7,0.7898150260140834,0.020200179179388475,0.7334828372345992,0.0860712403751226
0.8,0.6987827126526309,0.020706523901152726,0.5920701181164624,0.0894515860541068
0.9,0.6300365783125688,0.025567742270911287,0.610581293642117,0.0785332355887218
