,train_rmse_mean,train_rmse_std,train_mae_mean,train_mae_std,test_rmse_mean,test_rmse_std,test_mae_mean,test_mae_std
0.1,0.133795,0.003545438,0.09853542,0.002803336,0.14782844,0.01146985,0.10853305,0.009297093
0.2,0.13871631,0.0024653238,0.10126807,0.0016156028,0.15701392,0.015589241,0.1148534,0.009890993
0.3,0.13976757,0.0011411535,0.10378839,0.0005887311,0.15915199,0.012930622,0.11742307,0.008543445
0.4,0.14923368,0.0028140272,0.10936968,0.0016801159,0.16288953,0.011999962,0.1197716,0.008827551
0.5,0.15427662,0.0014823976,0.11286875,0.0007152419,0.16291752,0.01005032,0.12068651,0.00807571
0.6,0.16294858,0.0017640251,0.12083262,0.0012048098,0.17122978,0.008234806,0.12720516,0.0044142865
0.7,0.1715422,0.0015141383,0.12735406,0.0010171456,0.17782806,0.011232147,0.13235673,0.00778847
0.8,0.1927328,0.0025240097,0.14420538,0.0023680602,0.1978089,0.009703661,0.1485232,0.0075439173
0.9,0.2176176,0.0034494107,0.16407019,0.002751672,0.22381648,0.015360954,0.16853507,0.012272499
