,train_ML_rmse_mean,train_ML_rmse_std,test_ML_rmse_mean,test_ML_rmse_std
0.1,0.7438657604883133,0.004763249678162092,0.7474869946452427,0.009687455192635
0.2,0.7362536522997296,0.004286888483834741,0.7387359880744511,0.008424185102299085
0.3,0.7501849616357503,0.005416479802992277,0.7533220286926035,0.011926164518846621
0.4,0.7528346581806794,0.0033075634984724776,0.7548940003466262,0.010427756185340432
0.5,0.7430732298501634,0.00356531858449469,0.7481741168255861,0.012728129216109612
0.6,0.7676878688822238,0.0035905643604563922,0.7684060092307534,0.011518363599187051
0.7,0.7339206859276958,0.0037694671415228263,0.7372614582387702,0.008647015672979685
0.8,0.7976167429956746,0.004776032719090651,0.8018679696022504,0.020147321074716944
