,train_ML_rmse_mean,train_ML_rmse_std,test_ML_rmse_mean,test_ML_rmse_std
0.1,0.4966349805051776,0.003421076204063706,0.6690537348477448,0.008581251940304796
0.2,0.4939684818451166,0.003845970198245577,0.6648314235893854,0.011521617496691358
0.3,0.5010563846165054,0.002256692677369333,0.6815254630903198,0.01259604875577798
0.4,0.5019496432761498,0.003021990137362103,0.6829937317235487,0.009202024015807058
0.5,0.5013217996670482,0.0037571113679920882,0.6710345638729179,0.010553339233673815
0.6,0.504386200646798,0.005110004213199582,0.6775222602739046,0.009953519971806452
0.7,0.4954891535787061,0.002734897359094634,0.6698143873117093,0.010457283347970693
0.8,0.5160123470622435,0.0037347946650850925,0.694382283261878,0.008787457656775105
