,train_ML_rmse_mean,train_ML_rmse_std,test_ML_rmse_mean,test_ML_rmse_std
0.1,12.906386027921911,0.30096455622533363,12.607571030285376,1.3502864779949355
0.2,13.113224147201626,0.35799442560654215,12.82266057007545,1.6915412894285544
0.3,13.44997351060332,0.28031975291774847,13.264523451844184,1.487311490732785
0.4,14.279514943186598,0.3024426292082758,13.964820355407863,1.467467869257038
0.5,14.331066793923947,0.37106409516907946,14.141603223049282,1.6390236484785212
0.6,14.943208250554258,0.33176943035407025,14.59025572910067,1.4593961675229898
0.7,15.23647316796665,0.24745137449411134,15.023884666813723,1.5492447162501515
0.8,15.359231160243052,0.2646181533028614,14.861826151583156,1.522048853809266
0.9,15.405755527018579,0.3388523330480633,15.12465804014999,1.3644705472518532
