,train_rmse_mean,train_rmse_std,train_mae_mean,train_mae_std,test_rmse_mean,test_rmse_std,test_mae_mean,test_mae_std
0.3,0.2262468,0.002910665,0.18176134,0.0029095516,0.2244654,0.012308898,0.18060204,0.009039912
0.5,0.22536662,0.0018959845,0.18173365,0.0018777987,0.22386456,0.00887136,0.18079707,0.006244344
0.7,0.22646578,0.0014093657,0.18167907,0.001114039,0.22566397,0.006850165,0.18106312,0.0046406295
