,train_ML_rmse_mean,train_ML_rmse_std,test_ML_rmse_mean,test_ML_rmse_std
0.1,0.6585934756902543,0.010219629866227615,0.665569316405824,0.02007415558819953
0.2,0.6585934756902543,0.010219629866227615,0.665569316405824,0.02007415558819953
0.3,0.6585934756902543,0.010219629866227615,0.665569316405824,0.02007415558819953
0.4,0.6585934756902543,0.010219629866227615,0.665569316405824,0.02007415558819953
0.5,0.6585934756902543,0.010219629866227615,0.665569316405824,0.02007415558819953
0.6,0.6585934756902543,0.010219629866227615,0.665569316405824,0.02007415558819953
0.7,0.6585934756902543,0.010219629866227615,0.665569316405824,0.02007415558819953
0.8,0.6585934756902543,0.010219629866227615,0.665569316405824,0.02007415558819953
0.9,0.6585934756902543,0.010219629866227615,0.665569316405824,0.02007415558819953
