,train_ML_rmse_mean,train_ML_rmse_std,test_ML_rmse_mean,test_ML_rmse_std
0.1,0.5813782193131335,0.004333660237033396,0.6319326491835651,0.016997976212095055
0.2,0.5813782193131335,0.004333660237033396,0.6319326491835651,0.016997976212095055
0.3,0.5813782193131335,0.004333660237033396,0.6319326491835651,0.016997976212095055
0.4,0.5813782193131335,0.004333660237033396,0.6319326491835651,0.016997976212095055
0.5,0.5813782193131335,0.004333660237033396,0.6319326491835651,0.016997976212095055
0.6,0.5813782193131335,0.004333660237033396,0.6319326491835651,0.016997976212095055
0.7,0.5813782193131335,0.004333660237033396,0.6319326491835651,0.016997976212095055
0.8,0.5813782193131335,0.004333660237033396,0.6319326491835651,0.016997976212095055
0.9,0.5813782193131335,0.004333660237033396,0.6319326491835651,0.016997976212095055
