,mean,knn,mice,missforest,mf,hyper,gain,notmiwae,miwae,tabcsdi,ot
0.1,0.65728 ± 0.027,0.64788 ± 0.016,0.64448 ± 0.019,0.64598 ± 0.019,0.65873 ± 0.025,0.64591 ± 0.022,0.68885 ± 0.031,0.67778 ± 0.025,0.68229 ± 0.027,0.85739 ± 0.038,0.66966 ± 0.027
0.2,0.67243 ± 0.017,0.66321 ± 0.013,0.66538 ± 0.016,0.65762 ± 0.017,0.67768 ± 0.019,0.66588 ± 0.017,0.70697 ± 0.032,0.68657 ± 0.021,0.68853 ± 0.028,0.86613 ± 0.028,0.69724 ± 0.027
0.3,0.67366 ± 0.027,0.69884 ± 0.026,0.66766 ± 0.023,0.66627 ± 0.021,0.67368 ± 0.023,0.67153 ± 0.019,0.69953 ± 0.029,0.68346 ± 0.023,0.68546 ± 0.020,0.85836 ± 0.037,0.70665 ± 0.014
0.4,0.70214 ± 0.024,0.71231 ± 0.025,0.68901 ± 0.023,0.69633 ± 0.026,0.70454 ± 0.031,0.69477 ± 0.025,0.71830 ± 0.016,0.70830 ± 0.019,0.70609 ± 0.029,0.85075 ± 0.030,0.74172 ± 0.033
0.5,0.70844 ± 0.034,0.75835 ± 0.040,0.70987 ± 0.032,0.71909 ± 0.035,0.71691 ± 0.031,0.71286 ± 0.031,0.72122 ± 0.025,0.71568 ± 0.030,0.71133 ± 0.031,0.82463 ± 0.029,0.73930 ± 0.031
0.6,0.71386 ± 0.020,0.75344 ± 0.028,0.71495 ± 0.014,0.73064 ± 0.012,0.72262 ± 0.015,0.73320 ± 0.031,0.73336 ± 0.014,0.71499 ± 0.019,0.71547 ± 0.009,0.85116 ± 0.036,0.76218 ± 0.005
0.7,0.75663 ± 0.024,0.79902 ± 0.026,0.75702 ± 0.023,0.77062 ± 0.037,0.77444 ± 0.031,0.77050 ± 0.024,0.78599 ± 0.026,0.75969 ± 0.031,0.75423 ± 0.030,0.86274 ± 0.027,0.81110 ± 0.022
0.8,0.77745 ± 0.029,0.79527 ± 0.026,0.77541 ± 0.030,0.79628 ± 0.023,0.80303 ± 0.029,0.82091 ± 0.040,0.80676 ± 0.029,0.78494 ± 0.013,0.78047 ± 0.025,0.84978 ± 0.023,0.83311 ± 0.019
0.9,0.81018 ± 0.029,0.82102 ± 0.038,0.81814 ± 0.032,0.84107 ± 0.035,0.82571 ± 0.037,0.85111 ± 0.028,0.92553 ± 0.151,0.83121 ± 0.021,0.81337 ± 0.031,0.84724 ± 0.035,0.85116 ± 0.032
