,random,zero,mean,knn,mice,XGB,missforest,mf,hyper,gain,notmiwae,miwae,tabcsdi,ot
0.1,0.72027,0.71152,0.67542,0.66331,0.66422,166774529423261332179843874291712.00000,0.66359,0.67474,0.66627,0.69581,0.67951,0.68076,0.80290,0.68105
0.2,0.74562,0.73951,0.68388,0.67331,0.67410,265897822560430414152485314756608.00000,0.66937,0.69018,0.67337,0.71323,0.68718,0.68881,0.80942,0.69613
0.3,0.76768,0.72455,0.68659,0.70121,0.66887,13.99324,0.66674,0.69090,0.67317,0.69619,0.68334,0.68092,0.80546,0.70985
0.4,0.79040,0.75425,0.70201,0.71280,0.69648,0.79548,0.69601,0.71095,0.69471,0.70906,0.70627,0.70353,0.80931,0.73192
0.5,0.77208,0.73613,0.72049,0.75273,0.71757,11961056881717030586155008.00000,0.72240,0.72396,0.71221,0.73076,0.72453,0.71716,0.80848,0.74507
0.6,0.79761,0.75670,0.71732,0.74186,0.71694,0.71732,0.71913,0.72447,0.72253,0.72681,0.72252,0.71868,0.80560,0.74692
0.7,0.80358,0.78784,0.75565,0.77304,0.75408,0.75565,0.75568,0.76468,0.75225,0.76886,0.76923,0.76134,0.81107,0.78112
0.8,0.80618,0.78777,0.77450,0.78146,0.77880,0.77450,0.78549,0.78465,0.79801,0.79163,0.78660,0.78429,0.80833,0.80021
0.9,0.80946,0.79505,0.78989,0.79953,0.79278,0.78989,0.80401,0.80090,0.82312,0.81217,0.80079,0.79914,0.81010,0.80882
