,random,zero,mean,knn,mice,XGB,missforest,mf,hyper,gain,notmiwae,miwae,tabcsdi,ot
0.1,0.72539,0.71627,0.68573,0.67965,0.68397,1568581858309357336466164809728.00000,0.67921,0.68698,0.69055,0.74280,0.69159,0.68480,130848.92874,0.68811
0.2,0.74553,0.74071,0.71728,0.69992,0.69696,18898491234007570987756327796736.00000,0.69311,0.71036,0.69522,0.74178,0.69579,0.69541,120135.03653,0.72963
0.3,0.77014,0.71943,0.71111,0.72544,0.70138,802485132518.55090,0.69034,0.70940,0.69441,0.73209,0.68657,0.68318,117312.80417,0.73527
0.4,0.79854,0.75700,0.73237,0.73871,0.72782,117056.88767,0.71868,0.72563,0.72634,0.75632,0.71234,0.71152,102933.89331,0.76112
0.5,0.77057,0.73968,0.75432,0.78718,0.73575,730614437651454099456.00000,0.74101,0.74935,0.74030,0.76176,0.73685,0.72877,88750.82377,0.77936
0.6,0.79769,0.75530,0.73784,0.76618,0.73533,0.73784,0.74116,0.73503,0.74616,0.75252,0.73599,0.73427,87345.55058,0.76277
0.7,0.80527,0.78874,0.78535,0.80317,0.78735,0.78535,0.77547,0.78198,0.78397,0.79892,0.79793,0.79617,65766.26647,0.81275
0.8,0.80892,0.78583,0.81927,0.82241,0.80077,0.81927,0.80392,0.80715,0.83677,0.82226,0.80755,0.80493,50748.35892,0.84165
0.9,0.81323,0.79414,0.81770,0.82640,0.81062,0.81770,0.82184,0.82332,0.84905,1.04345,0.81110,0.81314,34200.38272,0.86153
