,mean,knn,mice,XGB,missforest,mf,gain,mcflow,notmiwae,miwae,tabcsdi
0.1,0.15284 ± 0.004,0.11490 ± 0.007,0.10324 ± 0.006,0 ± 0,0 ± 0,0.15399 ± 0.004,0.13920 ± 0.005,0 ± 0,0 ± 0,0 ± 0,0 ± 0
0.2,0.13701 ± 0.004,0.12062 ± 0.005,0.10498 ± 0.004,0 ± 0,0 ± 0,0.14295 ± 0.004,0.13107 ± 0.010,0 ± 0,0 ± 0,0 ± 0,0 ± 0
0.3,0.13530 ± 0.003,0.14315 ± 0.004,0.10729 ± 0.004,0 ± 0,0 ± 0,0.14277 ± 0.002,0.13285 ± 0.006,0 ± 0,0 ± 0,0 ± 0,0 ± 0
0.4,0.13892 ± 0.002,0.15699 ± 0.002,0.11866 ± 0.003,0 ± 0,0 ± 0,0.14663 ± 0.003,0.14239 ± 0.001,0 ± 0,0 ± 0,0 ± 0,0 ± 0
0.5,0.13253 ± 0.002,0.15453 ± 0.003,0.11477 ± 0.003,0 ± 0,0 ± 0,0.14422 ± 0.005,0.13959 ± 0.002,0 ± 0,0 ± 0,0 ± 0,0 ± 0
0.6,0.13502 ± 0.002,0.15899 ± 0.003,0.12093 ± 0.002,0 ± 0,0 ± 0,0.14508 ± 0.003,0.15924 ± 0.020,0 ± 0,0 ± 0,0 ± 0,0 ± 0
0.7,0.13701 ± 0.003,0.15638 ± 0.005,0.13328 ± 0.007,0 ± 0,0 ± 0,0.14817 ± 0.003,0.16070 ± 0.018,0 ± 0,0 ± 0,0 ± 0,0 ± 0
0.8,0.13750 ± 0.002,0.14974 ± 0.002,0.13866 ± 0.005,0 ± 0,0 ± 0,0.14691 ± 0.003,0.18555 ± 0.015,0 ± 0,0 ± 0,0 ± 0,0 ± 0
0.9,0.13493 ± 0.002,0.14987 ± 0.002,0.13923 ± 0.006,0 ± 0,0 ± 0,0.14290 ± 0.003,0.20353 ± 0.024,0 ± 0,0 ± 0,0 ± 0,0 ± 0
