,train_ML_rmse_mean,train_ML_rmse_std,test_ML_rmse_mean,test_ML_rmse_std
0.1,0.7295564476162872,0.00835876355633433,0.7294797514771284,0.009353624171002122
0.2,0.7312797582013681,0.008812434728616932,0.7403869264086868,0.0059349172760103635
0.3,0.7323465386187177,0.007892555983440202,0.737815881329755,0.007495890421975454
0.4,0.7324192178798236,0.008731461212409083,0.755710909941851,0.004962008752906887
0.5,0.7429537323301006,0.008418357908968619,0.9017494947787752,0.00749005600499303
0.6,0.9453788644965421,0.01236032045350007,1.4996700002929209,0.01964502167433658
0.7,0.9636733004978544,0.013753865474781208,1.5909240789426953,0.022497766568233935
0.8,0.9832831104300993,0.008534672675515295,1.7540377660911208,0.032780679052805545
