,train_ML_f1_mean,train_ML_f1_std,test_ML_f1_mean,test_ML_f1_std
0.1,0.9624195143716573,0.014428276491185542,0.9467316865049401,0.010532462705958517
0.2,0.8889907349121173,0.01971657351829649,0.844733116169258,0.02437574094965982
0.3,0.9455476333975865,0.019475390420563007,0.9238375888229996,0.0185225309900587
0.4,0.9391028327190286,0.022583656983906342,0.8922646021005674,0.019769540688529406
0.5,0.9392653496476289,0.0115587260945039,0.8634182722637569,0.019414715955358503
0.6,0.8352966085659744,0.019925471890723374,0.4978010473418709,0.023653920142513395
0.7,0.8889418029390427,0.03126802728046972,0.7403398592023825,0.026763710644523202
0.8,0.6983817537522616,0.03942358483881583,0.3568926100957694,0.005555551599308148
