,train_ML_f1_mean,train_ML_f1_std,test_ML_f1_mean,test_ML_f1_std
0.1,0.9749951586318621,0.005831652439364389,0.9577789879640186,0.009470328576235797
0.2,0.8992228428901019,0.021395749524962995,0.822124778936683,0.02127626074166182
0.3,0.9618194385051462,0.016067778419995595,0.9289297353238075,0.018446330353715793
0.4,0.9567126303690326,0.013927544601150298,0.8766800426668991,0.016595769321492808
0.5,0.9589427143752969,0.0111699632472069,0.8556815638567411,0.022050453395863125
0.6,0.8200383764112713,0.017117239087836123,0.4729817311655026,0.020793430102740436
0.7,0.9228343273465868,0.019495566163006697,0.7152352472888197,0.027641663612285476
0.8,0.4233374257826421,0.01566352420552806,0.3568926100957694,0.005555551599308148
