,train_ML_rmse_mean,train_ML_rmse_std,test_ML_rmse_mean,test_ML_rmse_std
0.1,9.093426904245131,0.8238736106518133,10.165016119188092,0.8758504688292118
0.2,9.029107221096847,0.7629200806620335,10.192828127944864,1.5187420027754752
0.3,9.105431581415331,0.5847003190770163,10.202273858234651,1.398610927226067
0.4,9.164529260745207,0.7700690462916053,12.038657218469757,1.4011716114415649
0.5,9.721734667217643,1.519103056082578,13.633590795848644,3.2362017106069394
0.6,9.749990278207358,1.0023957856739087,16.149615667988293,4.794770594442655
0.7,10.354778261147137,1.6207087909366473,14.199975294553218,1.6713769647875178
0.8,11.413964599356376,0.8283459996514573,14.193213919998843,1.4479437522364824
0.9,11.799651659104997,2.2833241638067983,16.266270491551538,3.2985358726570397
