,train_ML_rmse_mean,train_ML_rmse_std,test_ML_rmse_mean,test_ML_rmse_std
0.1,12.16460553555094,1.4394775335180017,12.32626878709446,1.2911761509784256
0.2,12.262456254306475,1.41978733994749,12.43577621729604,1.6293579707162147
0.3,12.596062857020176,1.394265551048745,12.538936407188165,1.5037207893195377
0.4,13.052242934008698,1.4027658401693073,13.206128286985825,1.5240545684510947
0.5,13.087376758064087,1.4469679854356434,13.450621601755941,1.854148693846103
0.6,13.443678923575067,1.5323401711062052,14.04504184419846,1.3304850515150943
0.7,14.031594667833579,1.4348444109234602,14.37332179723727,1.594943441011546
0.8,14.002005728976949,1.6360623261616363,14.507431127464306,1.4943024588918745
0.9,14.39254924087382,1.5914387551685076,15.192628222582275,1.9310871298858772
