,train_ML_f1_mean,train_ML_f1_std,test_ML_f1_mean,test_ML_f1_std
0.1,0.9190831978822386,0.005482764515641867,0.8424373257424286,0.025731401478483348
0.2,0.9190831978822386,0.005482764515641867,0.8424373257424286,0.025731401478483348
0.3,0.9190831978822386,0.005482764515641867,0.8424373257424286,0.025731401478483348
0.4,0.9190831978822386,0.005482764515641867,0.8424373257424286,0.025731401478483348
0.5,0.9190831978822386,0.005482764515641867,0.8424373257424286,0.025731401478483348
0.6,0.9190831978822386,0.005482764515641867,0.8424373257424286,0.025731401478483348
0.7,0.9190831978822386,0.005482764515641867,0.8424373257424286,0.025731401478483348
0.8,0.9190831978822386,0.005482764515641867,0.8424373257424286,0.025731401478483348
0.9,0.9190831978822386,0.005482764515641867,0.8424373257424286,0.025731401478483348
