,mean,knn,mice,XGB,missforest,mf,hyper,gain,notmiwae,miwae,tabcsdi,ot
0.1,0.79814 ± 0.042,0.80866 ± 0.046,0.80248 ± 0.040,0.80715 ± 0.053,0.80828 ± 0.043,0.80062 ± 0.045,0.80680 ± 0.048,0.72840 ± 0.047,0.77906 ± 0.036,0.76699 ± 0.047,0.56329 ± 0.028,0.79735 ± 0.037
0.2,0.77944 ± 0.044,0.80667 ± 0.039,0.80439 ± 0.046,0.79962 ± 0.037,0.80022 ± 0.048,0.78620 ± 0.040,0.79611 ± 0.037,0.73710 ± 0.048,0.76670 ± 0.050,0.75842 ± 0.044,0.53976 ± 0.020,0.78122 ± 0.032
0.3,0.76818 ± 0.049,0.78609 ± 0.038,0.79158 ± 0.036,0.79162 ± 0.034,0.78867 ± 0.044,0.76990 ± 0.049,0.78158 ± 0.044,0.73764 ± 0.046,0.76588 ± 0.054,0.74891 ± 0.037,0.54386 ± 0.016,0.72199 ± 0.034
0.4,0.75601 ± 0.034,0.77290 ± 0.039,0.77865 ± 0.035,0.75201 ± 0.043,0.77174 ± 0.053,0.74475 ± 0.038,0.77898 ± 0.042,0.72766 ± 0.044,0.74105 ± 0.031,0.74442 ± 0.040,0.52721 ± 0.032,0.71516 ± 0.052
0.5,0.73587 ± 0.046,0.73073 ± 0.039,0.76670 ± 0.054,0.74733 ± 0.040,0.77590 ± 0.042,0.75212 ± 0.064,0.77668 ± 0.066,0.70159 ± 0.053,0.72612 ± 0.031,0.72726 ± 0.024,0.53413 ± 0.038,0.70731 ± 0.042
0.6,0.69952 ± 0.036,0.69255 ± 0.021,0.73782 ± 0.053,0.71022 ± 0.041,0.75286 ± 0.038,0.70209 ± 0.044,0.73576 ± 0.054,0.69259 ± 0.037,0.73149 ± 0.021,0.71215 ± 0.032,0.51527 ± 0.028,0.64801 ± 0.027
0.7,0.61528 ± 0.042,0.55645 ± 0.055,0.67401 ± 0.036,0.63433 ± 0.035,0.71598 ± 0.027,0.64137 ± 0.047,0.68055 ± 0.060,0.66579 ± 0.040,0.65607 ± 0.041,0.66513 ± 0.032,0.49636 ± 0.017,0.57062 ± 0.049
0.8,0.50803 ± 0.025,0.51209 ± 0.026,0.59363 ± 0.028,0.55122 ± 0.053,0.67668 ± 0.042,0.59725 ± 0.068,0.63043 ± 0.066,0.56107 ± 0.048,0.62188 ± 0.037,0.64678 ± 0.014,0.50577 ± 0.035,0.48847 ± 0.058
0.9,0.42358 ± 0.015,0.50189 ± 0.019,0.47390 ± 0.056,0.45241 ± 0.060,0.55793 ± 0.041,0.48700 ± 0.048,0.50358 ± 0.059,0.52064 ± 0.068,0.43912 ± 0.036,0.45639 ± 0.034,0.49247 ± 0.039,0.44647 ± 0.036
