,random,zero,mean,knn,mice,XGB,missforest,mf,hyper,gain,notmiwae,miwae,tabcsdi,ot
0.1,0.72851,0.80755,0.82433,0.83634,0.83258,0.83093,0.83632,0.82951,0.83517,0.74229,0.79117,0.79230,0.48951,0.81926
0.2,0.68357,0.78288,0.80625,0.83426,0.83363,0.82557,0.82773,0.81487,0.81915,0.73654,0.77003,0.77959,0.44669,0.80900
0.3,0.67010,0.75141,0.80086,0.79809,0.81635,0.80138,0.80827,0.79575,0.80654,0.74391,0.78064,0.77541,0.41443,0.74856
0.4,0.63308,0.73032,0.76742,0.80306,0.80399,0.78464,0.79650,0.76484,0.79571,0.72704,0.75630,0.75233,0.42618,0.72972
0.5,0.58240,0.71910,0.75760,0.74827,0.79427,0.77972,0.79114,0.76455,0.79509,0.72443,0.73198,0.73637,0.41152,0.72413
0.6,0.48090,0.68566,0.71780,0.70537,0.76723,0.73191,0.77120,0.71370,0.75062,0.68304,0.73355,0.72381,0.40189,0.65200
0.7,0.47754,0.57367,0.65615,0.48849,0.69596,0.67559,0.71907,0.64250,0.68288,0.62699,0.66020,0.68009,0.40595,0.52597
0.8,0.41391,0.47884,0.42478,0.39842,0.57465,0.52498,0.66463,0.53563,0.63105,0.41573,0.57359,0.64243,0.41272,0.39842
0.9,0.42888,0.47495,0.39842,0.39842,0.41320,0.39842,0.48893,0.39842,0.45729,0.39842,0.39842,0.39842,0.43457,0.39842
