,random,zero,mean,knn,mice,XGB,missforest,mf,hyper,gain,notmiwae,miwae,tabcsdi,ot
0.1,0.73970,0.82124,0.83556,0.84131,0.84258,0.84559,0.84096,0.83939,0.84337,0.73722,0.83456,0.81586,0.51755,0.82721
0.2,0.69930,0.79042,0.82141,0.84602,0.82813,0.83169,0.83366,0.81659,0.82643,0.74246,0.80825,0.80903,0.52221,0.79942
0.3,0.69601,0.77477,0.80330,0.81680,0.83490,0.81332,0.81849,0.80213,0.81066,0.74845,0.80030,0.79623,0.49279,0.73796
0.4,0.64476,0.74833,0.78180,0.81731,0.79920,0.78518,0.80134,0.79047,0.81512,0.72925,0.78721,0.78828,0.51952,0.71750
0.5,0.61196,0.75345,0.78721,0.75548,0.80706,0.77200,0.80906,0.78776,0.81061,0.69890,0.76732,0.77058,0.50862,0.71763
0.6,0.58134,0.72229,0.75059,0.71256,0.77748,0.74262,0.78516,0.75343,0.75359,0.68252,0.76629,0.76250,0.50773,0.68140
0.7,0.57096,0.64497,0.72233,0.60817,0.72663,0.70286,0.74068,0.70933,0.68959,0.67129,0.70484,0.72710,0.51504,0.60530
0.8,0.50775,0.60482,0.65695,0.57057,0.66153,0.61362,0.71179,0.67202,0.59115,0.57625,0.67758,0.68730,0.52387,0.51751
0.9,0.51070,0.58587,0.50661,0.55124,0.55745,0.48138,0.56668,0.52909,0.53080,0.52405,0.51316,0.55595,0.53866,0.49432
