,random,zero,mean,knn,mice,XGB,missforest,mf,hyper,gain,notmiwae,miwae,tabcsdi,ot
0.1,0.72851 ± 0.052,0.80755 ± 0.034,0.82433 ± 0.034,0.83634 ± 0.042,0.83258 ± 0.036,0.83093 ± 0.040,0.83632 ± 0.037,0.82951 ± 0.037,0.83517 ± 0.039,0.74229 ± 0.046,0.79117 ± 0.038,0.79230 ± 0.045,0.48951 ± 0.015,0.81926 ± 0.031
0.2,0.68357 ± 0.022,0.78288 ± 0.041,0.80625 ± 0.036,0.83426 ± 0.034,0.83363 ± 0.041,0.82557 ± 0.027,0.82773 ± 0.033,0.81487 ± 0.032,0.81915 ± 0.028,0.73654 ± 0.043,0.77003 ± 0.050,0.77959 ± 0.034,0.44669 ± 0.020,0.80900 ± 0.028
0.3,0.67010 ± 0.022,0.75141 ± 0.040,0.80086 ± 0.038,0.79809 ± 0.027,0.81635 ± 0.040,0.80138 ± 0.042,0.80827 ± 0.043,0.79575 ± 0.041,0.80654 ± 0.042,0.74391 ± 0.033,0.78064 ± 0.052,0.77541 ± 0.036,0.41443 ± 0.021,0.74856 ± 0.033
0.4,0.63308 ± 0.046,0.73032 ± 0.031,0.76742 ± 0.038,0.80306 ± 0.036,0.80399 ± 0.042,0.78464 ± 0.032,0.79650 ± 0.047,0.76484 ± 0.043,0.79571 ± 0.042,0.72704 ± 0.047,0.75630 ± 0.049,0.75233 ± 0.031,0.42618 ± 0.016,0.72972 ± 0.038
0.5,0.58240 ± 0.031,0.71910 ± 0.040,0.75760 ± 0.043,0.74827 ± 0.033,0.79427 ± 0.046,0.77972 ± 0.049,0.79114 ± 0.036,0.76455 ± 0.058,0.79509 ± 0.055,0.72443 ± 0.051,0.73198 ± 0.023,0.73637 ± 0.033,0.41152 ± 0.010,0.72413 ± 0.047
0.6,0.48090 ± 0.013,0.68566 ± 0.043,0.71780 ± 0.035,0.70537 ± 0.032,0.76723 ± 0.040,0.73191 ± 0.046,0.77120 ± 0.038,0.71370 ± 0.043,0.75062 ± 0.061,0.68304 ± 0.035,0.73355 ± 0.030,0.72381 ± 0.038,0.40189 ± 0.014,0.65200 ± 0.021
0.7,0.47754 ± 0.026,0.57367 ± 0.027,0.65615 ± 0.042,0.48849 ± 0.043,0.69596 ± 0.032,0.67559 ± 0.056,0.71907 ± 0.040,0.64250 ± 0.016,0.68288 ± 0.058,0.62699 ± 0.063,0.66020 ± 0.042,0.68009 ± 0.031,0.40595 ± 0.011,0.52597 ± 0.039
0.8,0.41391 ± 0.015,0.47884 ± 0.043,0.42478 ± 0.027,0.39842 ± 0.008,0.57465 ± 0.018,0.52498 ± 0.098,0.66463 ± 0.041,0.53563 ± 0.060,0.63105 ± 0.060,0.41573 ± 0.040,0.57359 ± 0.072,0.64243 ± 0.027,0.41272 ± 0.017,0.39842 ± 0.008
0.9,0.42888 ± 0.037,0.47495 ± 0.028,0.39842 ± 0.008,0.39842 ± 0.008,0.41320 ± 0.021,0.39842 ± 0.008,0.48893 ± 0.034,0.39842 ± 0.008,0.45729 ± 0.043,0.39842 ± 0.008,0.39842 ± 0.008,0.39842 ± 0.008,0.43457 ± 0.029,0.39842 ± 0.008
