,random,zero,mean,knn,mice,XGB,missforest,mf,hyper,gain,notmiwae,miwae,tabcsdi,ot
0.1,0.48428 ± 0.002,0.31534 ± 0.009,0.13645 ± 0.012,0.08275 ± 0.006,0.08332 ± 0.006,0.15257 ± 0.065,0.07770 ± 0.006,0.12982 ± 0.009,0.08850 ± 0.007,0.12824 ± 0.010,0.10593 ± 0.008,0.10441 ± 0.009,0.14937 ± 0.012,0.16846 ± 0.007
0.2,0.48511 ± 0.004,0.31019 ± 0.006,0.13356 ± 0.008,0.08447 ± 0.004,0.10490 ± 0.006,0.13104 ± 0.032,0.08057 ± 0.006,0.12892 ± 0.007,0.09318 ± 0.011,0.13319 ± 0.008,0.11067 ± 0.011,0.11009 ± 0.010,0.14621 ± 0.009,0.16708 ± 0.009
0.3,0.48456 ± 0.005,0.31617 ± 0.004,0.13806 ± 0.003,0.09982 ± 0.005,0.09767 ± 0.003,0.12010 ± 0.009,0.09064 ± 0.003,0.13325 ± 0.003,0.10485 ± 0.005,0.13657 ± 0.003,0.11840 ± 0.002,0.11942 ± 0.003,0.15141 ± 0.003,0.17077 ± 0.001
0.4,0.48947 ± 0.003,0.31339 ± 0.003,0.13518 ± 0.004,0.11139 ± 0.005,0.11081 ± 0.005,0.22076 ± 0.070,0.10307 ± 0.003,0.13069 ± 0.004,0.11616 ± 0.008,0.14273 ± 0.002,0.11475 ± 0.004,0.11669 ± 0.005,0.14847 ± 0.004,0.16884 ± 0.003
0.5,0.48534 ± 0.004,0.30817 ± 0.004,0.12726 ± 0.004,0.12860 ± 0.005,0.11322 ± 0.016,0.19604 ± 0.065,0.09982 ± 0.005,0.12552 ± 0.005,0.11216 ± 0.009,0.15157 ± 0.007,0.10960 ± 0.005,0.10920 ± 0.006,0.14114 ± 0.004,0.16304 ± 0.003
0.6,0.48870 ± 0.002,0.30626 ± 0.004,0.12346 ± 0.001,0.14558 ± 0.001,0.17186 ± 0.083,0.17023 ± 0.019,0.09958 ± 0.003,0.12336 ± 0.002,0.11404 ± 0.011,0.15359 ± 0.005,0.10526 ± 0.002,0.10773 ± 0.001,0.13722 ± 0.002,0.15931 ± 0.002
0.7,0.48673 ± 0.006,0.31203 ± 0.004,0.12982 ± 0.004,0.15780 ± 0.004,32891.56600 ± 65782.870,0.28696 ± 0.094,0.12632 ± 0.007,0.13027 ± 0.004,0.15197 ± 0.005,0.17597 ± 0.009,0.11724 ± 0.005,0.11886 ± 0.005,0.14424 ± 0.005,0.16516 ± 0.003
0.8,0.48702 ± 0.001,0.31136 ± 0.002,0.13027 ± 0.003,0.15708 ± 0.004,0.15820 ± 0.014,0.35895 ± 0.184,0.13568 ± 0.006,0.13262 ± 0.005,0.15602 ± 0.010,0.22982 ± 0.028,0.12434 ± 0.004,0.12498 ± 0.003,0.14746 ± 0.003,0.16570 ± 0.003
0.9,0.48739 ± 0.002,0.31105 ± 0.003,0.13046 ± 0.004,0.15348 ± 0.003,10782.89400 ± 21564.408,0.53113 ± 0.264,0.15432 ± 0.010,0.13647 ± 0.005,0.17302 ± 0.012,0.26408 ± 0.007,0.18828 ± 0.056,0.13206 ± 0.005,0.14898 ± 0.004,0.16613 ± 0.004
