,train_rmse_mean,train_rmse_std,train_mae_mean,train_mae_std,test_rmse_mean,test_rmse_std,test_mae_mean,test_mae_std
0.3,0.29426116,0.00018111998,0.23865955,0.00016959177,0.29412222,0.0009736465,0.23835859,0.00086799427
0.5,0.3084881,0.00028622468,0.26598328,0.00021527254,0.30822444,0.0010222337,0.26563156,0.0006986227
0.7,0.24797478,0.00035868018,0.19837561,0.0002205659,0.24769804,0.001555647,0.1980732,0.0009350173
