,train_rmse_mean,train_rmse_std,train_mae_mean,train_mae_std,test_rmse_mean,test_rmse_std,test_mae_mean,test_mae_std
0.1,0.1981338,0.024839614,0.17102922,0.02097422,0.16530296,0.046534345,0.15080473,0.041319784
0.2,0.05376658,0.0040713055,0.009640304,0.0005592819,0.057016682,0.006615392,0.010146598,0.0014547615
0.3,0.06982939,0.004676082,0.03635023,0.002144691,0.068292946,0.011200526,0.03653369,0.0038676886
0.4,0.037020467,0.0023968183,0.0106991995,0.00041199362,0.039110094,0.0035273312,0.010969279,0.0004655566
0.5,0.018010989,0.00032304524,0.0066472264,0.00011534261,0.01877423,0.0014821652,0.006784758,0.00031287855
0.6,0.058932703,0.0010468921,0.030215507,0.0004831493,0.0593969,0.0011398634,0.030282319,0.0005078243
0.7,0.059336215,0.00095793325,0.029215246,0.0004463453,0.0597992,0.00087335386,0.02925831,0.000360642
0.8,0.12756057,0.0012641214,0.06337054,0.00050750567,0.1296027,0.0020500165,0.06374477,0.0011126169
