,train_ML_rmse_mean,train_ML_rmse_std,test_ML_rmse_mean,test_ML_rmse_std
0.1,1.1469614269179598,0.0031451177553519926,1.2010699314133464,0.010563288063638541
0.2,1.1422849010922678,0.002632936496597415,1.1960453404159348,0.007998983673970369
0.3,1.1462563400870747,0.0030940284811144096,1.2011253111561544,0.00909362107685086
0.4,1.1407098085576428,0.0030623452812446996,1.188380582128748,0.00984645752720297
0.5,1.1350199304155946,0.00339772630444685,1.1801024025404838,0.011001409943303713
0.6,1.040775730745392,0.0036662329751713458,1.094002999204413,0.017464085763160733
0.7,1.044887121971814,0.004043273584439011,1.0941558875244783,0.01964148301552746
0.8,1.027766386951314,0.003663953857805317,1.0776480163135589,0.011385113492014393
