,train_ML_f1_mean,train_ML_f1_std,test_ML_f1_mean,test_ML_f1_std
0.1,0.9874608784322323,0.005013803564357451,0.9497605152567413,0.013232388264067979
0.2,0.9830648589386245,0.005954548970403273,0.9134741093204436,0.026427058328593125
0.3,0.980868806912655,0.006296014074677656,0.8411046710836076,0.024902885279423692
0.4,0.9867195302163061,0.004977748838991832,0.799907295496342,0.013543854767780679
0.5,0.9691195240848517,0.00747981957647039,0.7689318474191374,0.026164249038701813
0.6,0.9620929720888658,0.01781399046634682,0.6976838504738209,0.020970738039922006
0.7,0.8956398443234974,0.019321860405852875,0.664157661210555,0.05681894027992733
0.8,0.759315910688488,0.03522883577894132,0.49894521826190036,0.01910416151499468
0.9,0.5643594279860837,0.03816939857011332,0.4649535168709088,0.06258703912524731
