,train_ML_f1_mean,train_ML_f1_std,test_ML_f1_mean,test_ML_f1_std
0.1,1.0,0.0,0.9644526893365575,0.012465711157951972
0.2,0.996299201035524,0.0033080589267484527,0.9262818899303193,0.022205491054383342
0.3,0.9918950350754905,0.009683761653879627,0.853415887569472,0.01680658499919122
0.4,0.9933503680820402,0.004314497736556897,0.8186199617308079,0.015385571386631124
0.5,0.9889467373045129,0.004648770575955185,0.7791613522049234,0.01619006417550085
0.6,0.9671662734147818,0.017332756063858472,0.6864966818816985,0.010613814435552833
0.7,0.9529778716261521,0.03361818525099559,0.6694512705964393,0.05174493108125667
0.8,0.7527428269167256,0.08892670649938839,0.5151584296036573,0.029735792847012908
0.9,0.604439023783645,0.11140516228597137,0.48826312445730063,0.05778632689175143
