,train_ML_f1_mean,train_ML_f1_std,test_ML_f1_mean,test_ML_f1_std
0.1,0.9638734704172484,0.01104113398087543,0.9328060843390447,0.01334211484460175
0.2,0.9638308757145788,0.013121372911475188,0.8980643063279612,0.03027590276430696
0.3,0.9660986801031578,0.007877445997716021,0.8249559855405406,0.022076332250883072
0.4,0.9503400194529427,0.014027254856505132,0.788109089817975,0.025386060719751927
0.5,0.9455411750025325,0.01874585611889624,0.7495809612251179,0.026096881995713445
0.6,0.9435489034307893,0.014313606215475658,0.7012564963858045,0.026148225027899638
0.7,0.8821509262160616,0.025519598868228327,0.673663659614306,0.0529908470952497
0.8,0.7738378381882735,0.04113798438749343,0.516808201395458,0.0272246201898277
0.9,0.588982541556509,0.0412667375022106,0.4774391729006863,0.058424503733035
