,random,zero,mean,knn,mice,XGB,missforest,mf,hyper,gain,notmiwae,miwae,tabcsdi,ot
0.3,0.41111 ± 0.008,0.57295 ± 0.005,0.28841 ± 0.002,0.35284 ± 0.007,0.28856 ± 0.002,inf ± nan,0.30867 ± 0.003,0.30164 ± 0.003,0.30146 ± 0.004,0.35007 ± 0.016,0.29605 ± 0.002,0.29442 ± 0.002,0.37128 ± 0.006,0.30858 ± 0.005
0.5,0.41365 ± 0.004,0.57536 ± 0.007,0.29168 ± 0.002,0.35780 ± 0.005,0.35358 ± 0.034,inf ± nan,0.33269 ± 0.003,0.30756 ± 0.002,0.32072 ± 0.007,0.36025 ± 0.019,0.29794 ± 0.003,0.29759 ± 0.002,0.37230 ± 0.003,0.31356 ± 0.007
0.7,0.41341 ± 0.005,0.57677 ± 0.007,0.29114 ± 0.003,0.35605 ± 0.007,0.37632 ± 0.090,59534303000000000.00000 ± 119068605000000000.000,0.36157 ± 0.006,0.31936 ± 0.004,0.35728 ± 0.011,0.41672 ± 0.009,0.30439 ± 0.005,0.29913 ± 0.005,0.37259 ± 0.004,0.31634 ± 0.007
