,train_ML_f1_mean,train_ML_f1_std,test_ML_f1_mean,test_ML_f1_std
0.1,0.9705670541191529,0.010430639514539484,0.9305785666237212,0.02109932259366789
0.2,0.8620169510372309,0.07078477835977551,0.5664332457824007,0.15945031831091755
0.3,0.955180812332511,0.008857328591204507,0.805330259874321,0.07028728456979746
0.4,0.9257673978613484,0.024787400341728705,0.5859536538587867,0.1418484195918375
0.5,0.8994932143691496,0.05704583112429852,0.42907071107017947,0.046026942793663844
0.6,0.7487715115682753,0.05637022028776425,0.3568926100957694,0.005555551599308148
0.7,0.8274111924973656,0.09439747990431642,0.47806500966855314,0.1195111581039882
0.8,0.4444289484228672,0.09235938261172773,0.37136088551743013,0.01476605539974171
