,train_ML_f1_mean,train_ML_f1_std,test_ML_f1_mean,test_ML_f1_std
0.1,0.9069676196929837,0.01719298959697645,0.8403383591999152,0.04860442658059332
0.2,0.8851206905913701,0.010248268717215,0.7826885812091204,0.06447649984071517
0.3,0.8961937794098276,0.014209069555002446,0.8146656495013687,0.03574965803449025
0.4,0.856876639966026,0.01439961769056279,0.703827452695754,0.08109162075619157
0.5,0.8241184785096258,0.01726459897589396,0.7393534455938348,0.07712828899382647
0.6,0.8166690771189442,0.010896499437646725,0.7877127461559719,0.05952151697680145
0.7,0.7787928939012934,0.016399749687403847,0.7127350329766908,0.10875171308024623
0.8,0.6989757319536332,0.017658654781351077,0.6280731968260572,0.028844498706066837
0.9,0.6184301228469776,0.06818440038958175,0.491607432760499,0.06396242944722069
