,train_rmse_mean,train_rmse_std,train_mae_mean,train_mae_std,test_rmse_mean,test_rmse_std,test_mae_mean,test_mae_std
0.1,0.13236578,0.004259695,0.09756104,0.0025169759,0.14907414,0.01204324,0.11040338,0.008681894
0.2,0.13768147,0.0014337002,0.10042163,0.00078899256,0.15544303,0.010119197,0.11305256,0.006393365
0.3,0.13801953,0.0016999952,0.1028263,0.0014137746,0.15547585,0.012877718,0.11483252,0.00782032
0.4,0.14843711,0.0031132924,0.10929797,0.0019430101,0.15856558,0.007825693,0.116885826,0.006443379
0.5,0.15400715,0.0012012824,0.11280467,0.0007502529,0.16481228,0.009768684,0.121586286,0.0073058805
0.6,0.16589585,0.00094265374,0.12290307,0.0007242126,0.17153397,0.009387071,0.12687634,0.006357248
0.7,0.17336473,0.0018623068,0.1287855,0.0014217226,0.17981274,0.00730367,0.13432465,0.0052686925
0.8,0.19660209,0.0025495437,0.14894313,0.0018818429,0.2010686,0.010633909,0.15233557,0.008216061
0.9,1.3161156,0.15345669,0.82580554,0.07364758,1.2280071,0.17354503,0.76808184,0.082355395
