,train_ML_f1_mean,train_ML_f1_std,test_ML_f1_mean,test_ML_f1_std
0.1,0.925828375812018,0.02436083285486087,0.8363999102222754,0.07260382424471182
0.2,0.9083924179451746,0.009340201479876076,0.7848160831714882,0.07987838737968589
0.3,0.9086158977708363,0.023249465807163718,0.8027843873774106,0.06705231965172846
0.4,0.8921408146336669,0.01241991979928049,0.7026212551879627,0.08467667779109367
0.5,0.838384299384796,0.0266844667756708,0.763177372214736,0.11811126569823775
0.6,0.8508873094925831,0.014754180628145994,0.7579360898454583,0.06247087055047286
0.7,0.7944942476800325,0.022852250328524965,0.7335209434243009,0.08688230989187715
0.8,0.715708276407535,0.02041537312688526,0.637902415802109,0.028483891952263824
0.9,0.7576044590648747,0.029783983289501673,0.4769228968221267,0.014043424711513637
