,train_ML_rmse_mean,train_ML_rmse_std,test_ML_rmse_mean,test_ML_rmse_std
0.1,0.7141673926624431,0.013374523877481453,0.7205802353746223,0.012474393020216436
0.2,0.7164361208737628,0.012121689726728457,0.7204773772572013,0.013472129099794113
0.3,0.7376469648991609,0.015775780293069256,0.747053099267221,0.010005161178918781
0.4,0.7396759492217378,0.01337125945504326,0.7675268748775961,0.010616702708264942
0.5,0.7761292305104509,0.012735122980054012,0.7669560916445215,0.014078589090961323
0.6,0.7343598593798595,0.014533111044989028,0.758764511203792,0.013560124953164556
0.7,0.7388533717978667,0.010031000302884174,0.797970314983526,0.019113060347949448
0.8,0.8088490454681152,0.038297946506602995,0.8438528470584676,0.020103520556582072
