,train_ML_f1_mean,train_ML_f1_std,test_ML_f1_mean,test_ML_f1_std
0.1,0.9419750434909515,0.012748768214446845,0.787669428362183,0.025567302382984942
0.2,0.9217864846347112,0.017622943921558984,0.7745898289996578,0.03512104563978305
0.3,0.9243949883913226,0.0027697939190957413,0.7676765023790141,0.04104768848289628
0.4,0.921406897244686,0.009318217894067924,0.7406872728693402,0.07524883518295643
0.5,0.8822996144115718,0.02574910705153934,0.7238635995775677,0.05707628826420359
0.6,0.8670254493313745,0.013107213085558067,0.6771272108515487,0.08416319336196246
0.7,0.8416821557763978,0.019223321652919366,0.6410575976886822,0.08922722852297164
0.8,0.6976016838349205,0.049651466272746934,0.5536322108152886,0.11539130714907317
0.9,0.5519763072298243,0.0842128211658822,0.4815996226803486,0.0784423602650191
