,train_rmse_mean,train_rmse_std,train_mae_mean,train_mae_std,test_rmse_mean,test_rmse_std,test_mae_mean,test_mae_std
0.3,0.111992195,0.0023558077,0.078048155,0.0020237372,0.11035546,0.0057129287,0.07669583,0.0025882146
0.5,0.12311043,0.0021587373,0.08522433,0.0018466006,0.11975406,0.0066709956,0.083736025,0.0037633518
0.7,0.13874492,0.004285954,0.09685936,0.0033582505,0.13695136,0.0027478004,0.09556894,0.0019605632
