,train_rmse_mean,train_rmse_std,train_mae_mean,train_mae_std,test_rmse_mean,test_rmse_std,test_mae_mean,test_mae_std
0.3,0.40061125,0.0077222995,0.3240853,0.008112696,0.41326126,0.020408576,0.33248624,0.022370351
0.5,0.4089883,0.0031150982,0.33304507,0.0043689553,0.41923508,0.013385367,0.34077048,0.011883505
0.7,0.41196877,0.002561695,0.33644563,0.0029598763,0.4221657,0.0069794524,0.3455471,0.0062874
