,train_ML_rmse_mean,train_ML_rmse_std,test_ML_rmse_mean,test_ML_rmse_std
0.1,0.8495583164018772,0.0028350989352714582,0.8482323770443438,0.011034257371899607
0.2,0.8787326025339322,0.0025616834702835633,0.8752863831309602,0.010382188872087124
0.3,1.070052648116881,0.005502637870569873,1.068088537806108,0.009215765082010446
0.4,0.9929334213136716,0.007595998742322241,0.9930851277917245,0.010188930933283952
0.5,1.0362861506886287,0.0024878275157311992,1.0383783031788572,0.006080256960824753
0.6,1.082454264702708,0.0026901604413353706,1.085056956422101,0.00822521799763867
0.7,1.0978359839002363,0.0022174230328400753,1.1001642505683695,0.010886213630431883
0.8,1.1054451532718912,0.006671803526230403,1.1084526398953294,0.009590083447498851
0.9,1.1317516065108744,0.0030040935765356467,1.1337416095747987,0.005477779290738732
