,train_ML_rmse_mean,train_ML_rmse_std,test_ML_rmse_mean,test_ML_rmse_std
0.1,0.7329781847841228,0.004909761564087995,0.743959889364441,0.013145389898433711
0.2,0.7777957601853992,0.00570334367543272,0.7837088427674442,0.008976011774066664
0.3,0.9700728093077975,0.003773494243950909,0.9819308136830116,0.017584334035977305
0.4,0.9369969317653016,0.00535691354450407,0.9465197325739997,0.01445898684579489
0.5,0.9899077967478689,0.004016361104979693,0.9958336828615495,0.00713398760058123
0.6,1.049511358946722,0.002055585293975738,1.0583490205987647,0.007658285215430109
0.7,1.0689657825259773,0.003677290173697846,1.077037795498413,0.00884549450018551
0.8,1.0748445190952673,0.0035056318448917633,1.0828328457435363,0.008962837514896398
0.9,1.1186633706507785,0.002094188752540132,1.1248060387595387,0.0048624794547577595
