,train_ML_f1_mean,train_ML_f1_std,test_ML_f1_mean,test_ML_f1_std
0.1,0.9753857987795221,0.00272385876071088,0.9556121830527335,0.008830082316863731
0.2,0.9365443938805779,0.003185352938690504,0.9129235054324256,0.022968445016919165
0.3,0.884316246593899,0.006130755686478785,0.8446657716123342,0.02222924938869554
0.4,0.8436774155107966,0.00774324259439671,0.8009116964447658,0.010891675587820372
0.5,0.7746709490966706,0.003484053460667903,0.7722283113776407,0.02802546996434181
0.6,0.7084142529711179,0.015136031584037963,0.6859232923154327,0.020968335520913574
0.7,0.6754196120917553,0.010414380136844972,0.6577315812786717,0.03643795226739312
0.8,0.5227915219005039,0.018577956276786215,0.5205292255625836,0.027710174775093434
0.9,0.5083567357028512,0.01820722523599973,0.4660348201969359,0.04169545506959575
