,train_ML_f1_mean,train_ML_f1_std,test_ML_f1_mean,test_ML_f1_std
0.1,0.9833770675728509,0.00372500897786638,0.9666598286737946,0.011914528819478163
0.2,0.9480140951937541,0.005617133824905055,0.9250114460865346,0.02284197655581299
0.3,0.8929978605915918,0.002986282926742098,0.8598966903478251,0.024350027784277934
0.4,0.8546223875003707,0.00810502130558602,0.8280424617725661,0.01661379262714976
0.5,0.7999933249173324,0.008457559242051934,0.7761548905450553,0.019479703992428814
0.6,0.7345471395397529,0.015124550718454217,0.716811096769581,0.017832158982458327
0.7,0.704561176804902,0.026564230368372844,0.6658876552676859,0.05994779313221544
0.8,0.5256551162606422,0.026310839542457207,0.5275552239574266,0.027262537713258626
0.9,0.5103906050792202,0.019569209984880914,0.479558242618867,0.03186820340314347
