,train_ML_f1_mean,train_ML_f1_std,test_ML_f1_mean,test_ML_f1_std
0.1,0.921348904719397,0.018533096152103638,0.7664504265773854,0.06069120063935482
0.2,0.8280859400035627,0.0373915014612315,0.6496543899482891,0.06080306806844296
0.3,0.816586168198923,0.04270682995123892,0.5646947423122506,0.08461311775576709
0.4,0.7053682375448579,0.056034901541582735,0.5844158687081835,0.03508400872086564
0.5,0.7986544708403504,0.06912040329328599,0.5733297329257097,0.07667392769481662
0.6,0.7337240549803077,0.08846627026635237,0.5201906108888072,0.07768627049650059
0.7,0.6886683081751623,0.037996492853016435,0.3619729340590633,0.006314864726141266
0.8,0.6192989812079261,0.14312795773313655,0.45636416539500074,0.029346891004920012
0.9,0.6296689481089944,0.07638292944036372,0.39384078661723293,0.039848936279281974
