,train_ML_f1_mean,train_ML_f1_std,test_ML_f1_mean,test_ML_f1_std
0.1,0.9712635562056169,0.004419214398909201,0.7682265420463349,0.08901751987466516
0.2,0.9273969460012781,0.023958001269666712,0.6071799485769869,0.08578152116110828
0.3,0.9377517193313402,0.025150717176757702,0.5007500483266825,0.08186155028769923
0.4,0.8601493869079488,0.06480394559926089,0.5415129399057406,0.04301851753884184
0.5,0.8996028743168152,0.06650305032372382,0.5443414261592323,0.07172809898366155
0.6,0.8865137475823106,0.05574570396410086,0.4717364181082771,0.04598305846630315
0.7,0.6762537968499793,0.08796778681179467,0.36889328782639336,0.013400553605064819
0.8,0.6433514006166933,0.14952526099445726,0.43904141594179025,0.05138988612652071
0.9,0.493512800228204,0.11523975819073998,0.3634194147067634,0.04827002995141339
