,train_ML_f1_mean,train_ML_f1_std,test_ML_f1_mean,test_ML_f1_std
0.1,0.37749685364363395,0.027712785045679093,0.3399343136103511,0.04276035182606999
0.2,0.3485950543277044,0.038556499321097094,0.30111751623810834,0.02307174319043391
0.3,0.30717948373759596,0.03025703276945906,0.24602026944442548,0.01621727768053594
0.4,0.2536279412672565,0.025783618657534663,0.24107444670366873,0.03545713481948974
0.5,0.18592279746654533,0.015287708299416716,0.18557268779378225,0.025690573345807457
0.6,0.21635190332057283,0.009994156378723204,0.17522483301120395,0.02076119331113372
0.7,0.11513578620197544,0.008259483329426822,0.12055204733649379,0.01980366353655328
0.8,0.11979896511069339,0.014882580240565844,0.10383546434225706,0.023593811141719035
0.9,0.07455847906723594,0.0045209167952830935,0.0749491744717897,0.013590593816838081
