,train_ML_f1_mean,train_ML_f1_std,test_ML_f1_mean,test_ML_f1_std
0.1,0.5068354070851302,0.03539894183209811,0.43809668036372595,0.0857514447213162
0.2,0.4658702096116393,0.03300580842801205,0.38450877175918496,0.030461933276605697
0.3,0.38783942109061353,0.030423568557898892,0.33982438371087265,0.01797176283158652
0.4,0.3291808067595821,0.03619126059257517,0.2729035022321679,0.029145229121987935
0.5,0.2759246894724595,0.021831471171555455,0.20653631487215093,0.02366474295911483
0.6,0.2608829620626164,0.010297678170844383,0.2128910818680684,0.042543511871277494
0.7,0.18732583332548902,0.03204914945414344,0.15026168456395722,0.030640261446889815
0.8,0.19723905961401594,0.031137260525531504,0.1438710946386316,0.022569964966698157
0.9,0.08473149614961288,0.011392468822068885,0.07789999200620047,0.02307653838957256
