,train_ML_f1_mean,train_ML_f1_std,test_ML_f1_mean,test_ML_f1_std
0.1,0.8538149141469022,0.03424684945638375,0.5407845216659027,0.08606803869806715
0.2,0.8324421173727133,0.028526337786400933,0.522537722735271,0.05882690280480906
0.3,0.8664371805966002,0.03272500219469642,0.5595529085420576,0.10293213646087895
0.4,0.8247318805804996,0.043459639979653616,0.5413061096114259,0.08563204941981992
0.5,0.8337370440406502,0.025834545257467652,0.5861905856563588,0.07293638641642029
0.6,0.7372888061346569,0.054966231683089714,0.5003725771244952,0.04728107433398308
0.7,0.7561965517141512,0.06394354481226767,0.5452570531694283,0.06242538652271823
0.8,0.6723447455932783,0.03818557293204614,0.4776858435681965,0.006069967429577366
