,train_ML_f1_mean,train_ML_f1_std,test_ML_f1_mean,test_ML_f1_std
0.1,0.8670907781047227,0.018936668784729317,0.7891633989779495,0.09033962742273753
0.2,0.8683956316347732,0.02013860906006143,0.7875686078055849,0.07117316680779345
0.3,0.88484846952291,0.010368238738124869,0.7541128689290144,0.06396867856821291
0.4,0.86937168201591,0.022811290013725068,0.7467989950641962,0.07442079827785708
0.5,0.8870702960049641,0.02032479792445077,0.7829466077459213,0.07125402872106955
0.6,0.8534149858037443,0.021713432376398736,0.7658374124977809,0.09525722182660536
0.7,0.830848597436231,0.03722386447350597,0.7068719412535768,0.07959240364775745
0.8,0.8205235526430107,0.036235883221559455,0.6991249720200985,0.09350669380607536
