,train_ML_f1_mean,train_ML_f1_std,test_ML_f1_mean,test_ML_f1_std
0.1,0.8136554753808541,0.008006064851556144,0.8053444943595878,0.03318053991137183
0.2,0.8312051784692734,0.004283133173201777,0.8200515748570062,0.019301124583115135
0.3,0.8318834645084884,0.0050513752320997685,0.8032664553667637,0.03595808356149073
0.4,0.8224597188204038,0.005323373948980508,0.8199430430555077,0.03203399546119402
0.5,0.8033939014480211,0.00877643466483235,0.7901656663029206,0.030575185701199777
0.6,0.8114961731970605,0.008836433312290478,0.7968807928880799,0.0372588818749384
0.7,0.7957065179889907,0.007989368310919885,0.7856295499665482,0.027753935144493556
0.8,0.8151136187522482,0.005867073892354568,0.8085277943677596,0.04395270775077984
