,train_ML_rmse_mean,train_ML_rmse_std,test_ML_rmse_mean,test_ML_rmse_std
0.1,0.6760613390280648,0.01590043270986281,0.6652191732079493,0.018185526104141776
0.2,0.7092063084572197,0.03365583242986056,0.6698514074275315,0.019589383303812914
0.3,0.6761633872681047,0.025036146873492215,0.6677703269280336,0.024853049126659785
0.4,0.6936085685365145,0.043656238269345726,0.6582241234223871,0.018391953450607925
0.5,0.6978162299653323,0.028550115156619038,0.6905972839655643,0.023916121246013725
0.6,0.7421603631404714,0.04589437826467397,0.7090552628413752,0.024745286755919832
0.7,0.7319497638730136,0.043998014067008734,0.7279145112393837,0.02956419807174289
0.8,0.8220542346632227,0.11916255480749369,0.8064756012478209,0.03638264690684605
