,train_ML_rmse_mean,train_ML_rmse_std,test_ML_rmse_mean,test_ML_rmse_std
0.1,0.6594011748435857,0.018293346952118386,0.672043004437765,0.023351905721670133
0.2,0.6869405878449275,0.020365749119951756,0.6775210238324669,0.021156588977218584
0.3,0.6713329511964753,0.02154932243414147,0.6735613171590888,0.024820965527248072
0.4,0.6869994638415404,0.027497179043783102,0.6703020275066288,0.020085506392405382
0.5,0.7299042992833618,0.04540504362391104,0.7059682903241538,0.026021988568858515
0.6,0.7287649654850674,0.028267986279538006,0.7089168929489563,0.025094551543541368
0.7,0.7108021324035105,0.031263443558500456,0.7073632610951373,0.020534433719097585
0.8,0.7431118657957891,0.07177693448228424,0.7927669352553222,0.029520475967164013
