,train_ML_rmse_mean,train_ML_rmse_std,test_ML_rmse_mean,test_ML_rmse_std
0.1,0.7633900249370685,0.031247661956841054,0.6711028625504498,0.02633629447720749
0.2,0.7991957725930202,0.02487528229694248,0.6780478645071716,0.01691136390901092
0.3,0.7654625425542738,0.030116469366915494,0.676836978674366,0.026854207570121996
0.4,0.8032188266545713,0.0416689762450635,0.6705918120605129,0.020392518075792353
0.5,0.8769537388436832,0.03498373892891145,0.7085104164777529,0.02628597843275771
0.6,1.0700191000806154,0.10508428342210595,0.73462116475331,0.03461169701391089
0.7,0.9112516125714156,0.06463914663081592,0.7589776147949477,0.029504191055489404
0.8,1.0741000582537275,0.04837698098720325,0.8536024308708395,0.049951771652714944
