,train_ML_rmse_mean,train_ML_rmse_std,test_ML_rmse_mean,test_ML_rmse_std
0.1,0.7635433143767288,0.0038684946691232556,0.778847745006928,0.018055510472628915
0.2,0.7611931507314187,0.0036019701839224492,0.7844564092083208,0.018375476998344045
0.3,0.759535528392641,0.00247139924086363,0.7701162510185708,0.008993611792659765
0.4,0.7633287895596734,0.003264925889255675,0.7772363410555474,0.015378966583072109
0.5,0.7767570523998051,0.004556673316633097,0.7963836723230517,0.018698446937337458
0.6,0.7638410887509902,0.007898132914506742,0.772594808415574,0.017334296574319834
0.7,0.7551924939162289,0.003343821174369153,0.7756563482873708,0.0169469722590568
0.8,0.7714237852911598,0.0058947502140527935,0.7869693005356473,0.021061105755816666
