,train_ML_rmse_mean,train_ML_rmse_std,test_ML_rmse_mean,test_ML_rmse_std
0.1,0.7089829846377775,0.004845410129909019,0.7704212888265316,0.024956389431621873
0.2,0.7045618053323981,0.0054052915629632615,0.7572443225540957,0.03842990045846157
0.3,0.7159770600712919,0.0035275789753858307,0.7700800464692549,0.018092542893982693
0.4,0.7214073902838112,0.004647213545174769,0.7834160261250239,0.03491510287997693
0.5,0.726098880792081,0.006951558159007215,0.7838560378552514,0.026429969481465688
0.6,0.7122748371855907,0.007059582230821742,0.7721048933269101,0.03385117335480313
0.7,0.7108792612579999,0.006147053408643451,0.7550056642765319,0.03001643027079718
0.8,0.7243181246922932,0.0039598323945564005,0.7996175992806431,0.044745720050853255
