,train_ML_f1_mean,train_ML_f1_std,test_ML_f1_mean,test_ML_f1_std
0.1,0.7593094107437913,0.0597650725590824,0.7927810120239942,0.060783205641345234
0.2,0.7611738620907136,0.058187876899408617,0.7869569263578415,0.04200092454090642
0.3,0.765755958313134,0.08401113840758476,0.7812148546928986,0.06203715417193201
0.4,0.7278957784560115,0.05976070443050098,0.7338350602398072,0.05033121240390389
0.5,0.7117469601969033,0.059241269073158055,0.5177880094014694,0.11791860191065921
0.6,0.7527896935996374,0.052823334678870605,0.7069260552829405,0.07664200218589479
0.7,0.7371718215950714,0.06056154394616028,0.7069400213790102,0.06894355982587708
0.8,0.7410401399392537,0.03815225257141735,0.5376079626400367,0.0863635932123427
