,train_ML_f1_mean,train_ML_f1_std,test_ML_f1_mean,test_ML_f1_std
0.1,0.8240646465197525,0.02461181205094123,0.8313175709843224,0.02679102780470945
0.2,0.810440435318484,0.030297902578526714,0.8042427718622566,0.03594173247458498
0.3,0.8152830335183276,0.044552315358139485,0.7918042964504345,0.0394353847582907
0.4,0.8123541851661388,0.03465673769201671,0.7014424449283062,0.05541628316770416
0.5,0.8078363381849091,0.07005974372601913,0.5554460658571292,0.08001132334896238
0.6,0.7516011643439435,0.03276240543597303,0.735394437916115,0.0343674557001761
0.7,0.713807203753092,0.06807676645410492,0.6909632103776622,0.09283060674690959
0.8,0.7755673027398524,0.03918338203846851,0.5363213538778263,0.14956779654098837
