,train_ML_f1_mean,train_ML_f1_std,test_ML_f1_mean,test_ML_f1_std
0.1,0.820523549063539,0.06606776479577371,0.8165025791849324,0.06520800764929756
0.2,0.7923330156929461,0.06420321112822665,0.7728716170343839,0.041651295554022555
0.3,0.7727479167498801,0.058258915105136706,0.7756693306693306,0.051873240999499706
0.4,0.7657198060913231,0.04233699999434168,0.7520681458091243,0.05386781275386127
0.5,0.7240738368564136,0.06360754755539683,0.5670329890498194,0.06203810546094874
0.6,0.6698449420654923,0.06855682330757604,0.6497853449866707,0.09718338021834695
0.7,0.577278594779547,0.09714270696147324,0.7190176184517469,0.10277089364733138
0.8,0.6300194618790445,0.07387792776422054,0.7254968057774345,0.060038456187414734
