,train_ML_f1_mean,train_ML_f1_std,test_ML_f1_mean,test_ML_f1_std
0.1,0.8118725360098061,0.035212059560326886,0.8070541323623555,0.0385404288639898
0.2,0.8093541068569833,0.03464857778286862,0.8030548540102359,0.04822747250090926
0.3,0.80003619232027,0.033068004923894785,0.7959937130545504,0.04041667228225588
0.4,0.8077816143161268,0.03447696719240845,0.7785551892006664,0.0520379317505479
0.5,0.7863075499047709,0.054785264276593505,0.7857201048812203,0.04185212531801395
0.6,0.7886157559585427,0.04363303249592103,0.7565528317622057,0.02529120348983848
0.7,0.782658533566355,0.041092490793046915,0.6954369109997893,0.015585833268786152
0.8,0.7546080826812737,0.05018163903730521,0.6849763693173981,0.050911302861747144
0.9,0.7097581069863712,0.04081427748958372,0.5258636289095444,0.07098605998065048
