,train_ML_f1_mean,train_ML_f1_std,test_ML_f1_mean,test_ML_f1_std
0.1,0.9485456773187476,0.009542903130315725,0.7780643873530331,0.07009451969738817
0.2,0.9851161006097631,0.006824468954671327,0.7425389911237898,0.05540716439988748
0.3,0.9729445562919079,0.007568815589590005,0.7687941190766449,0.036340009807767464
0.4,0.9743314819767785,0.0051200389779641866,0.775206496966387,0.049169953192713604
0.5,0.9540996168477754,0.011608556970706872,0.7688343069265187,0.0572173399493183
0.6,0.9078388845455947,0.012646490147615689,0.777626795635935,0.0379913835005372
0.7,0.8924639411417379,0.017468322761579783,0.7620516206107487,0.05276762836541276
0.8,0.906501537272202,0.01923991422352446,0.7828422761557616,0.0616686714899592
