,train_rmse_mean,train_rmse_std,train_mae_mean,train_mae_std,test_rmse_mean,test_rmse_std,test_mae_mean,test_mae_std
0.1,0.9620574,0.0004747886,0.961795,0.00047548488,0.96260786,0.0017460672,0.962344,0.0017498336
0.2,0.93811274,0.00079642504,0.9373847,0.00079554255,0.938187,0.0030736905,0.9374512,0.003075503
0.3,0.91636705,0.0007499585,0.9151844,0.0007369676,0.91585433,0.003227498,0.9146694,0.0032161544
0.4,0.8921668,0.0005628405,0.8901656,0.0005651933,0.89217293,0.0020126416,0.89018834,0.0020177877
0.5,0.8766696,0.001155049,0.87386245,0.0011637531,0.8762685,0.0040973625,0.8734404,0.0041227783
0.6,0.8415325,0.0018439009,0.836755,0.0018818219,0.8415896,0.006841642,0.8368095,0.006926385
0.7,0.8247774,0.0015213181,0.8177571,0.0015469603,0.82477844,0.005338396,0.8177649,0.005430755
0.8,0.79250824,0.0017921096,0.7806927,0.001773201,0.7929534,0.0062601883,0.7811739,0.0061790138
