,train_ML_rmse_mean,train_ML_rmse_std,test_ML_rmse_mean,test_ML_rmse_std
0.1,4.666317027276337,0.887633485977764,1.3169011200482372,0.20662444275646108
0.2,3.056501890031671,0.6957193603602161,1.373297244607547,0.17745838387529275
0.3,2.4039636096537698,0.5325920301232269,1.4729204226436043,0.22484910807667935
0.4,3.8682515731469826,0.796578928775374,1.6762949901924393,0.48846382875112476
0.5,3.0843729365043417,0.960639299276376,1.5279964166210878,0.1756953625376252
0.6,2.1916703732445675,0.40168647301799265,1.75851663214265,0.2717491074618322
0.7,1.7547536631426706,0.5213235940848938,6.42128923220173,7.5897635643958825
0.8,2.1382058303311977,0.9430051765450327,8.510485201555449,10.764102991024586
0.9,1.2400977462564409,0.08678775180088247,6.47701879269933,8.715327362177813
