,train_ML_f1_mean,train_ML_f1_std,test_ML_f1_mean,test_ML_f1_std
0.1,0.426884769418889,0.0661196478800746,0.3682048731043302,0.038324868636606724
0.2,0.27853127736714667,0.03362311600936446,0.2440063240743086,0.036477897797160104
0.3,0.17986224389396732,0.02949385869278181,0.19459612879661572,0.027727857649331028
0.4,0.17365365053354467,0.04994123219438434,0.15800773655097505,0.029525940962372446
0.5,0.09679700426644702,0.023734145490441744,0.14052563953883934,0.025053675874847615
0.6,0.0967582939680399,0.0166291303284472,0.12249261253764465,0.032136722364072626
0.7,0.07812067465998694,0.02079911757450689,0.10722159600276841,0.011219710055902688
0.8,0.055351433735220876,0.007973515117778857,0.106753637235069,0.02333209639877073
0.9,0.056053978914315926,0.011641250338036325,0.09919072936603894,0.015335927007074401
