,train_ML_rmse_mean,train_ML_rmse_std,test_ML_rmse_mean,test_ML_rmse_std
0.1,0.6762174034830706,0.020993513985415192,0.6500687368175115,0.01867239981606472
0.2,0.6762971452711257,0.01970370847127806,0.6508636265831489,0.018742857405857946
0.3,0.6754480245763128,0.02089652687940556,0.6505757911858104,0.01800184439779973
0.4,0.6772003647539531,0.025938981853428564,0.651996853867096,0.017040132092125574
0.5,0.6885969580651413,0.02466720651567165,0.666080656689138,0.020899354101687882
0.6,0.6784818887789281,0.0165353768661264,0.6781497346053434,0.024799177371233484
0.7,0.684067447397904,0.012823030149018422,0.6873508480009756,0.01373645897436695
0.8,0.6952649122675636,0.031149496350185484,0.7356439022751605,0.01862297345086537
