,train_ML_f1_mean,train_ML_f1_std,test_ML_f1_mean,test_ML_f1_std
0.1,0.9911544282214368,0.005988918057659378,0.9597493784859588,0.008967912272125247
0.2,0.9461214197441571,0.014029893163454231,0.7670325974032931,0.035197894784657735
0.3,0.9808539172807265,0.007882633058830262,0.8941165967667233,0.015580749007399574
0.4,0.9503202397502577,0.015503639990459525,0.8304446310667861,0.023276850658877652
0.5,0.9159146208131528,0.015164018283111593,0.7890847694600216,0.02846885140649883
0.6,0.7786006887503085,0.08456545327111369,0.430953024263383,0.019953681656206118
0.7,0.9593523175472388,0.014436055154525866,0.8080478724448616,0.025169241033432817
0.8,0.7283646499967901,0.06158360476132814,0.39517488588908667,0.024133655327543666
