,train_ML_f1_mean,train_ML_f1_std,test_ML_f1_mean,test_ML_f1_std
0.1,0.9572735326544098,0.011336073274954095,0.9384461775569714,0.012483873723356884
0.2,0.8808878670563697,0.01961794885984469,0.8202676706486851,0.03337621300181768
0.3,0.9514551279285468,0.013061599965967242,0.9085336864539467,0.017572351330438548
0.4,0.9115248188913899,0.022672555651233665,0.820501789934718,0.031145311901329346
0.5,0.9138577553577847,0.010897267104834499,0.7627997930807127,0.04171062326042917
0.6,0.8383358691598766,0.03611711359837862,0.4820705597404681,0.022999048765169977
0.7,0.8879925040143739,0.014121077810983235,0.7928146122779642,0.029073015460079257
0.8,0.5809192782339767,0.04710491168555645,0.3568926100957694,0.005555551599308148
