,train_ML_f1_mean,train_ML_f1_std,test_ML_f1_mean,test_ML_f1_std
0.1,0.9663476940713893,0.003680303179684028,0.965366747883696,0.011551774977385767
0.2,0.9663476940713893,0.003680303179684028,0.965366747883696,0.011551774977385767
0.3,0.9663476940713893,0.003680303179684028,0.965366747883696,0.011551774977385767
0.4,0.9663476940713893,0.003680303179684028,0.965366747883696,0.011551774977385767
0.5,0.9663476940713893,0.003680303179684028,0.965366747883696,0.011551774977385767
0.6,0.9663476940713893,0.003680303179684028,0.965366747883696,0.011551774977385767
0.7,0.9663476940713893,0.003680303179684028,0.965366747883696,0.011551774977385767
0.8,0.9663476940713893,0.003680303179684028,0.965366747883696,0.011551774977385767
