,train_ML_f1_mean,train_ML_f1_std,test_ML_f1_mean,test_ML_f1_std
0.1,0.9846245414085344,0.0021511816570988084,0.9830598941615178,0.009457685610094416
0.2,0.9846245414085344,0.0021511816570988084,0.9830598941615178,0.009457685610094416
0.3,0.9846245414085344,0.0021511816570988084,0.9830598941615178,0.009457685610094416
0.4,0.9846245414085344,0.0021511816570988084,0.9830598941615178,0.009457685610094416
0.5,0.9846245414085344,0.0021511816570988084,0.9830598941615178,0.009457685610094416
0.6,0.9846245414085344,0.0021511816570988084,0.9830598941615178,0.009457685610094416
0.7,0.9846245414085344,0.0021511816570988084,0.9830598941615178,0.009457685610094416
0.8,0.9846245414085344,0.0021511816570988084,0.9830598941615178,0.009457685610094416
