,train_ML_f1_mean,train_ML_f1_std,test_ML_f1_mean,test_ML_f1_std
0.1,0.9977411918825547,0.0019910528093760923,0.9970412356728342,0.0036237830343106036
0.2,0.9977411918825547,0.0019910528093760923,0.9970412356728342,0.0036237830343106036
0.3,0.9977411918825547,0.0019910528093760923,0.9970412356728342,0.0036237830343106036
0.4,0.9977411918825547,0.0019910528093760923,0.9970412356728342,0.0036237830343106036
0.5,0.9977411918825547,0.0019910528093760923,0.9970412356728342,0.0036237830343106036
0.6,0.9977411918825547,0.0019910528093760923,0.9970412356728342,0.0036237830343106036
0.7,0.9977411918825547,0.0019910528093760923,0.9970412356728342,0.0036237830343106036
0.8,0.9977411918825547,0.0019910528093760923,0.9970412356728342,0.0036237830343106036
