,random,zero,mean,knn,mice,XGB,missforest,mf,hyper,gain,notmiwae,miwae,tabcsdi,ot
0.1,0.90738,0.98526,0.92953,0.95053,0.92803,0.93404,0.93779,0.93548,0.93779,0.94523,0.94833,0.95061,0.51082,0.93107
0.2,0.89996,0.96828,0.90447,0.91265,0.90946,0.91465,0.90665,0.90587,0.90727,0.90669,0.92323,0.92844,0.48949,0.90003
0.3,0.88795,0.97790,0.88255,0.92273,0.88426,0.89176,0.92409,0.88680,0.91116,0.89049,0.90948,0.92953,0.48799,0.88548
0.4,0.85944,0.98821,0.85098,0.92615,0.91114,0.90808,0.87673,0.83533,0.84954,0.88208,0.79957,0.87729,0.53216,0.84029
0.5,0.87762,0.98821,0.85617,0.88963,0.87685,0.87318,0.86464,0.86189,0.85617,0.89416,0.71248,0.73434,0.55592,0.84872
0.6,0.88829,0.93132,0.89422,0.89457,0.90313,0.89880,0.88218,0.88078,0.88227,0.88181,0.89713,0.91492,0.55862,0.87269
0.7,0.90796,0.95509,0.93213,0.87303,0.95863,0.95347,0.95572,0.92046,0.92502,0.92222,0.83682,0.84806,0.52943,0.89974
0.8,0.81389,0.87382,0.76648,0.78975,0.77661,0.76549,0.77507,0.77926,0.78284,0.77935,0.57481,0.57589,0.56984,0.78045
