,random,zero,mean,knn,mice,XGB,missforest,mf,hyper,gain,notmiwae,miwae,tabcsdi,ot
0.1,0.90738 ± 0.030,0.98526 ± 0.005,0.92953 ± 0.014,0.95053 ± 0.008,0.92803 ± 0.015,0.93404 ± 0.012,0.93779 ± 0.009,0.93548 ± 0.010,0.93779 ± 0.009,0.94523 ± 0.021,0.94833 ± 0.023,0.95061 ± 0.035,0.51082 ± 0.029,0.93107 ± 0.015
0.2,0.89996 ± 0.023,0.96828 ± 0.007,0.90447 ± 0.023,0.91265 ± 0.025,0.90946 ± 0.026,0.91465 ± 0.026,0.90665 ± 0.025,0.90587 ± 0.025,0.90727 ± 0.024,0.90669 ± 0.029,0.92323 ± 0.020,0.92844 ± 0.003,0.48949 ± 0.030,0.90003 ± 0.024
0.3,0.88795 ± 0.018,0.97790 ± 0.005,0.88255 ± 0.028,0.92273 ± 0.022,0.88426 ± 0.030,0.89176 ± 0.029,0.92409 ± 0.019,0.88680 ± 0.026,0.91116 ± 0.025,0.89049 ± 0.027,0.90948 ± 0.015,0.92953 ± 0.015,0.48799 ± 0.040,0.88548 ± 0.023
0.4,0.85944 ± 0.026,0.98821 ± 0.004,0.85098 ± 0.033,0.92615 ± 0.020,0.91114 ± 0.024,0.90808 ± 0.019,0.87673 ± 0.040,0.83533 ± 0.026,0.84954 ± 0.033,0.88208 ± 0.047,0.79957 ± 0.057,0.87729 ± 0.060,0.53216 ± 0.040,0.84029 ± 0.024
0.5,0.87762 ± 0.012,0.98821 ± 0.005,0.85617 ± 0.022,0.88963 ± 0.025,0.87685 ± 0.027,0.87318 ± 0.023,0.86464 ± 0.023,0.86189 ± 0.025,0.85617 ± 0.036,0.89416 ± 0.045,0.71248 ± 0.068,0.73434 ± 0.057,0.55592 ± 0.027,0.84872 ± 0.020
0.6,0.88829 ± 0.028,0.93132 ± 0.021,0.89422 ± 0.021,0.89457 ± 0.020,0.90313 ± 0.026,0.89880 ± 0.022,0.88218 ± 0.028,0.88078 ± 0.019,0.88227 ± 0.010,0.88181 ± 0.022,0.89713 ± 0.044,0.91492 ± 0.013,0.55862 ± 0.017,0.87269 ± 0.028
0.7,0.90796 ± 0.017,0.95509 ± 0.016,0.93213 ± 0.010,0.87303 ± 0.011,0.95863 ± 0.014,0.95347 ± 0.011,0.95572 ± 0.015,0.92046 ± 0.020,0.92502 ± 0.013,0.92222 ± 0.015,0.83682 ± 0.030,0.84806 ± 0.025,0.52943 ± 0.026,0.89974 ± 0.020
0.8,0.81389 ± 0.014,0.87382 ± 0.013,0.76648 ± 0.016,0.78975 ± 0.019,0.77661 ± 0.021,0.76549 ± 0.019,0.77507 ± 0.017,0.77926 ± 0.010,0.78284 ± 0.011,0.77935 ± 0.019,0.57481 ± 0.030,0.57589 ± 0.031,0.56984 ± 0.036,0.78045 ± 0.015
