,mean,knn,mice,XGB,missforest,mf,hyper,gain,notmiwae,miwae,tabcsdi,ot
0.1,0.97116 ± 0.006,0.97857 ± 0.004,0.97561 ± 0.006,0.97784 ± 0.007,0.98228 ± 0.004,0.96671 ± 0.011,0.97931 ± 0.008,0.98453 ± 0.013,0.97275 ± 0.013,0.97199 ± 0.020,0.42375 ± 0.026,0.96895 ± 0.010
0.2,0.95354 ± 0.019,0.95131 ± 0.023,0.96306 ± 0.015,0.96455 ± 0.012,0.95428 ± 0.019,0.95280 ± 0.018,0.94981 ± 0.021,0.96475 ± 0.019,0.94484 ± 0.018,0.95064 ± 0.010,0.44874 ± 0.015,0.95134 ± 0.020
0.3,0.95120 ± 0.013,0.95324 ± 0.013,0.96235 ± 0.009,0.96306 ± 0.008,0.97268 ± 0.009,0.94065 ± 0.013,0.95550 ± 0.012,0.95864 ± 0.009,0.94984 ± 0.011,0.95499 ± 0.017,0.42641 ± 0.021,0.93843 ± 0.014
0.4,0.92655 ± 0.025,0.95476 ± 0.013,0.94133 ± 0.014,0.94211 ± 0.012,0.94804 ± 0.017,0.91664 ± 0.023,0.93496 ± 0.023,0.95701 ± 0.016,0.86810 ± 0.044,0.91976 ± 0.034,0.54520 ± 0.025,0.93459 ± 0.028
0.5,0.91464 ± 0.023,0.91986 ± 0.021,0.92346 ± 0.018,0.93106 ± 0.020,0.91435 ± 0.021,0.90533 ± 0.025,0.91335 ± 0.013,0.93450 ± 0.024,0.79606 ± 0.087,0.79992 ± 0.075,0.61763 ± 0.039,0.89638 ± 0.025
0.6,0.93808 ± 0.015,0.92738 ± 0.013,0.94464 ± 0.017,0.94391 ± 0.014,0.93462 ± 0.025,0.93734 ± 0.015,0.91271 ± 0.017,0.92927 ± 0.025,0.91740 ± 0.036,0.93362 ± 0.011,0.57445 ± 0.006,0.91782 ± 0.016
0.7,0.98380 ± 0.005,0.91341 ± 0.009,0.98897 ± 0.007,0.98602 ± 0.007,0.98381 ± 0.011,0.98601 ± 0.007,0.98751 ± 0.009,0.97865 ± 0.013,0.85755 ± 0.059,0.88939 ± 0.036,0.47804 ± 0.023,0.95570 ± 0.011
0.8,0.81729 ± 0.010,0.82648 ± 0.012,0.81486 ± 0.014,0.82388 ± 0.014,0.82476 ± 0.013,0.82028 ± 0.015,0.82664 ± 0.012,0.83628 ± 0.018,0.64222 ± 0.078,0.66527 ± 0.134,0.54601 ± 0.019,0.82710 ± 0.019
