,random,zero,mean,knn,mice,XGB,missforest,mf,hyper,gain,notmiwae,miwae,tabcsdi,ot
0.1,0.89967,0.96540,0.92429,0.94453,0.92426,0.92952,0.93475,0.93025,0.93622,0.93483,0.93058,0.92564,0.52284,0.92353
0.2,0.87843,0.95640,0.90082,0.90607,0.90357,0.90951,0.90606,0.89563,0.90218,0.89994,0.91671,0.91458,0.52002,0.89423
0.3,0.87749,0.96973,0.89450,0.91539,0.88836,0.89730,0.91218,0.89506,0.90308,0.89345,0.87803,0.90113,0.52590,0.88926
0.4,0.81020,0.97420,0.74389,0.91519,0.90141,0.89985,0.83722,0.75791,0.82701,0.85255,0.79003,0.86024,0.52836,0.77419
0.5,0.84451,0.96317,0.84604,0.87649,0.86229,0.85668,0.85613,0.84637,0.85279,0.88136,0.70451,0.71491,0.54345,0.83871
0.6,0.87951,0.92330,0.88380,0.89301,0.89985,0.90457,0.87154,0.87943,0.87430,0.87734,0.89069,0.91335,0.50861,0.86680
0.7,0.88354,0.92472,0.91291,0.86326,0.94748,0.93635,0.94903,0.89014,0.89930,0.90817,0.83950,0.85080,0.52391,0.88654
0.8,0.76106,0.89254,0.77985,0.78804,0.78755,0.77985,0.78525,0.79391,0.78396,0.78023,0.55663,0.54802,0.54567,0.77697
