,mean,knn,mice,XGB,missforest,mf
0.1,0.37222 ± 0.024,0.20128 ± 0.011,0.23821 ± 0.007,0.19738 ± 0.026,0.25835 ± 0.017,0.37239 ± 0.025
0.2,0.35845 ± 0.008,0.29857 ± 0.014,0.21340 ± 0.008,0.29230 ± 0.024,0.30168 ± 0.008,0.40567 ± 0.013
0.3,0.33354 ± 0.012,0.19423 ± 0.010,0.23162 ± 0.008,0.20895 ± 0.012,0.22835 ± 0.009,0.39448 ± 0.016
0.4,0.41519 ± 0.008,0.22529 ± 0.021,0.25016 ± 0.019,0.25824 ± 0.015,0.31297 ± 0.014,0.47228 ± 0.016
0.5,0.39179 ± 0.010,0.28010 ± 0.014,0.32232 ± 0.009,0.28756 ± 0.014,0.33067 ± 0.007,0.40436 ± 0.016
0.6,0.34917 ± 0.007,0.31937 ± 0.009,0.26859 ± 0.008,0.32704 ± 0.024,0.28876 ± 0.008,0.37481 ± 0.014
0.7,0.38946 ± 0.010,0.33516 ± 0.010,0.31131 ± 0.009,0.33183 ± 0.008,0.33017 ± 0.011,0.41971 ± 0.015
0.8,0.38747 ± 0.008,0.34404 ± 0.008,0.33707 ± 0.004,0.35221 ± 0.008,0.37110 ± 0.009,0.39518 ± 0.017
