,mean,knn,mice,XGB,missforest,mf
0.1,0.37044 ± 0.007,0.20364 ± 0.010,0.23877 ± 0.004,0.19647 ± 0.014,0.25736 ± 0.009,0.29384 ± 0.008
0.2,0.36155 ± 0.003,0.30259 ± 0.008,0.21502 ± 0.006,0.29736 ± 0.017,0.30578 ± 0.008,0.41304 ± 0.011
0.3,0.33280 ± 0.004,0.19560 ± 0.002,0.23071 ± 0.004,0.20598 ± 0.003,0.22818 ± 0.003,0.34091 ± 0.007
0.4,0.41652 ± 0.001,0.21898 ± 0.006,0.24579 ± 0.006,0.25262 ± 0.011,0.30767 ± 0.004,0.42776 ± 0.007
0.5,0.38943 ± 0.003,0.27338 ± 0.006,0.31832 ± 0.002,0.28213 ± 0.005,0.32887 ± 0.002,0.38434 ± 0.004
0.6,0.35239 ± 0.003,0.31942 ± 0.004,0.26911 ± 0.005,0.32362 ± 0.017,0.29105 ± 0.010,0.37276 ± 0.004
0.7,0.39017 ± 0.004,0.33601 ± 0.006,0.31454 ± 0.008,0.33343 ± 0.010,0.32942 ± 0.005,0.42366 ± 0.006
0.8,0.38582 ± 0.003,0.34134 ± 0.002,0.33464 ± 0.001,0.35057 ± 0.004,0.36882 ± 0.004,0.39223 ± 0.003
