,mean,knn,mice,XGB,missforest,mf,hyper,gain,notmiwae,miwae,tabcsdi,ot
0.1,0.37044 ± 0.007,0.20364 ± 0.010,0.23877 ± 0.004,0.22679 ± 0.005,0.25736 ± 0.009,0.29105 ± 0.009,0.20803 ± 0.006,0.20235 ± 0.084,0.21999 ± 0.014,0.21463 ± 0.010,0.32939 ± 0.008,0.39100 ± 0.005
0.2,0.36155 ± 0.003,0.30259 ± 0.008,0.21502 ± 0.006,0.20652 ± 0.008,0.30578 ± 0.008,0.39784 ± 0.005,0.28549 ± 0.011,0.30660 ± 0.077,0.27111 ± 0.026,0.24187 ± 0.028,0.15355 ± 0.016,0.37871 ± 0.009
0.3,0.33280 ± 0.004,0.19560 ± 0.002,0.23071 ± 0.004,0.22343 ± 0.004,0.22818 ± 0.003,0.33889 ± 0.009,0.19585 ± 0.004,0.25392 ± 0.053,0.20477 ± 0.016,0.20723 ± 0.015,0.24416 ± 0.009,0.34550 ± 0.010
0.4,0.41652 ± 0.001,0.21898 ± 0.006,0.24579 ± 0.006,0.25364 ± 0.006,0.30767 ± 0.004,0.43670 ± 0.009,0.24753 ± 0.011,0.34755 ± 0.096,0.27872 ± 0.024,0.23461 ± 0.011,0.32314 ± 0.011,0.42732 ± 0.006
0.5,0.38943 ± 0.003,0.27338 ± 0.006,0.31832 ± 0.002,0.33235 ± 0.001,0.32887 ± 0.002,0.37976 ± 0.005,0.27103 ± 0.004,0.29852 ± 0.034,0.33021 ± 0.029,0.30366 ± 0.010,0.35294 ± 0.013,0.40172 ± 0.005
0.6,0.35239 ± 0.003,0.31942 ± 0.004,0.26911 ± 0.005,0.29286 ± 0.004,0.29105 ± 0.010,0.37015 ± 0.005,0.31557 ± 0.004,0.32710 ± 0.038,0.31701 ± 0.016,0.30777 ± 0.022,0.16284 ± 0.005,0.36481 ± 0.004
0.7,0.39017 ± 0.004,0.33601 ± 0.006,0.31454 ± 0.008,0.34851 ± 0.007,0.32942 ± 0.005,0.42582 ± 0.008,0.32295 ± 0.003,0.36756 ± 0.021,0.35974 ± 0.032,0.33807 ± 0.019,0.24326 ± 0.007,0.40313 ± 0.007
0.8,0.38582 ± 0.003,0.34134 ± 0.002,0.33464 ± 0.001,0.36212 ± 0.001,0.36882 ± 0.004,0.39156 ± 0.004,0.35674 ± 0.002,0.36581 ± 0.016,0.36172 ± 0.020,0.34932 ± 0.010,0.25648 ± 0.008,0.39895 ± 0.005
