,train_ML_f1_mean,train_ML_f1_std,test_ML_f1_mean,test_ML_f1_std
0.1,0.769301260771645,0.0813439799299263,0.7890595944891797,0.08311085061040706
0.2,0.7783591536719364,0.12063957156360855,0.6219614598158694,0.08252742248302031
0.3,0.7032070989742646,0.07116862785918124,0.6257132680965548,0.0945293685768503
0.4,0.643387951634464,0.07225238093124661,0.5172985004126149,0.05261737439781848
0.5,0.5650514355222374,0.08957984959576498,0.5451028259076718,0.06848260028986634
0.6,0.5142085550631277,0.04942756684866594,0.5034257623935285,0.029640454401922544
0.7,0.571922937271245,0.09876463101596053,0.542474050671563,0.08680397488417098
0.8,0.49097630564162004,0.030133235328413447,0.4766625833818708,0.006536546687704701
0.9,0.4776858435681965,0.006069967429577366,0.483439392613026,0.0229997714516556
