,train_ML_f1_mean,train_ML_f1_std,test_ML_f1_mean,test_ML_f1_std
0.1,0.5850368692420107,0.0678210907279917,0.6405626967575776,0.07999136252117924
0.2,0.5713818318928798,0.06665175529596128,0.5361834849389873,0.04974659204542624
0.3,0.5674221987802041,0.0559668785224168,0.5298076608000913,0.07318548793177089
0.4,0.518097788109604,0.08392068777338607,0.4771642556226735,0.006733258822546334
0.5,0.5003725771244952,0.04728107433398308,0.4761358311992633,0.0072789519961057635
0.6,0.4776858435681965,0.006069967429577366,0.4771642556226735,0.006733258822546334
0.7,0.4771642556226735,0.006733258822546334,0.5466124270950448,0.09281940105978165
0.8,0.4776858435681965,0.006069967429577366,0.4771642556226734,0.006733258822546334
0.9,0.4776858435681965,0.006069967429577366,0.48317019515872345,0.020408186395781566
