,train_ML_f1_mean,train_ML_f1_std,test_ML_f1_mean,test_ML_f1_std
0.1,0.9784401766427706,0.002677652278219054,0.4606010164274231,0.10856540223109304
0.2,0.9798132792045926,0.009421412649809979,0.5203927598958187,0.11520247077470533
0.3,0.982452040730891,0.015686739425495647,0.5243290662629444,0.09126092455054576
0.4,0.9715912644261475,0.011676556750061602,0.5282441177547539,0.07795697695581275
0.5,0.9649520939204868,0.01652912417258223,0.5522089075250765,0.13158879059086412
0.6,0.9647314836503336,0.01130074566016879,0.5258398733444405,0.10377121282471943
0.7,0.9730566595373995,0.012011179126512525,0.5432749894293489,0.09689674485112311
0.8,0.9552033352323492,0.02455041064413146,0.4843554251314547,0.08254857170178456
