,train_ML_f1_mean,train_ML_f1_std,test_ML_f1_mean,test_ML_f1_std
0.1,1.0,0.0,0.4836257618987094,0.099622100202031
0.2,1.0,0.0,0.4865146325051467,0.07579071897125861
0.3,0.9959823025711498,0.0053517044248852525,0.4610453893546363,0.06483653353898414
0.4,1.0,0.0,0.47256867631728766,0.08528510675582247
0.5,0.9973290598290598,0.005341880341880323,0.4934346386194612,0.04761777149336502
0.6,1.0,0.0,0.44796803494256554,0.07475404249525286
0.7,0.9986651835372637,0.002669632925472776,0.5497311578305049,0.06512156879233376
0.8,0.9973270328614975,0.0032737070390785753,0.41978182987662366,0.04809203990139843
