,train_ML_f1_mean,train_ML_f1_std,test_ML_f1_mean,test_ML_f1_std
0.1,0.8035189537461859,0.025936522551970955,0.47154636362874347,0.05549518497469486
0.2,0.8190979425619556,0.012977229259111796,0.5062596913683871,0.06638689480934988
0.3,0.8249450349417616,0.03245421326480639,0.5407885134185263,0.11604919654802696
0.4,0.8274899352908124,0.011739554388674675,0.45017096547569074,0.04229351166799811
0.5,0.8309570059570058,0.03659381058335011,0.4883543287031659,0.07241136032953518
0.6,0.8122742009116946,0.03071713278262496,0.4764340684237989,0.15207705421457457
0.7,0.8061588181034821,0.027780925402537925,0.4721249975799931,0.064149682729025
0.8,0.8390908709435292,0.04649459935996185,0.4546442782780356,0.06657926258527028
