,train_ML_rmse_mean,train_ML_rmse_std,test_ML_rmse_mean,test_ML_rmse_std
0.1,0.8078788324517922,0.027252384131902774,11247397.63916526,306225.4119970108
0.2,0.8073424364994137,0.029073465267618687,10504010.989440838,337397.0283150119
0.3,0.8159655660408383,0.032305511715632916,9765996.725798052,242284.08799058382
0.4,0.8074637363595762,0.02874616815904949,9102323.844813408,429356.98774846917
0.5,0.8074992819598232,0.028586512343294283,8181970.991699797,469804.7208759743
0.6,0.8084903608761138,0.028966456464164778,7449659.424228027,301613.96358152106
0.7,0.8078531130893392,0.028786258145604107,6218923.923181763,360968.5191971372
0.8,0.8085540239810707,0.028490220317630537,5131539.818366769,276247.2310867204
0.9,0.8077390038480432,0.028545584714586264,3790290.3279104484,393343.6179900598
