,train_ML_rmse_mean,train_ML_rmse_std,test_ML_rmse_mean,test_ML_rmse_std
0.1,0.8375323218851601,0.035677869306564816,0.8359041905142359,0.04572541427502022
0.2,0.8226548315602156,0.029652948374712773,0.8359041905142359,0.04572541427502022
0.3,0.8783619779635824,0.07822686798923058,0.8359041905142359,0.04572541427502022
0.4,0.81581664734996,0.02438018450566187,0.8359041905142359,0.04572541427502022
0.5,0.833136994272747,0.033761688379952554,0.8359041905142359,0.04572541427502022
0.6,0.9299459930800215,0.050639461769071824,0.8365782990146495,0.04629171578524253
0.7,0.8446231761467724,0.039832202602459905,0.837726550655816,0.04584375150570794
0.8,0.8353186277649733,0.02332924224477395,0.8374014910958651,0.041944427238337335
0.9,0.8489447124401043,0.020230911223877407,0.8451897063667928,0.035755317315356167
