,train_ML_f1_mean,train_ML_f1_std,test_ML_f1_mean,test_ML_f1_std
0.1,0.769301260771645,0.0813439799299263,0.7890595944891797,0.08311085061040706
0.2,0.7358570569054946,0.13052203240491445,0.6290763974943907,0.08505228202529028
0.3,0.7159658498590948,0.10185912484010282,0.6323413711291772,0.09165926437688579
0.4,0.5518269151755877,0.09092999375479599,0.5264159316445673,0.04979151303703713
0.5,0.5509462041381339,0.0708703278396422,0.5426606366366221,0.04141041332162319
0.6,0.4776858435681965,0.006069967429577366,0.5062414024901017,0.04679471244258919
0.7,0.4771642556226735,0.006733258822546334,0.5135850765751472,0.03527890318457429
0.8,0.4776858435681965,0.006069967429577366,0.4988277289926465,0.04815497766070574
0.9,0.4776858435681965,0.006069967429577366,0.48786749187553424,0.05720310080866036
