,train_ML_rmse_mean,train_ML_rmse_std,test_ML_rmse_mean,test_ML_rmse_std
0.1,0.7093751942174411,0.013349483535781779,0.7152677009291327,0.00978282664122604
0.2,0.716713673628576,0.008307268523464634,0.73288846267944,0.012897163930906144
0.3,0.7188906706028082,0.008588749352107898,0.759812836555678,0.01685591428115062
0.4,0.7285302052518146,0.009728904073746785,0.7736523523296654,0.015023415316507206
0.5,0.7382363767199152,0.0105298416632958,0.781304883398781,0.014773431756256037
0.6,0.7438492750245664,0.01240424777291334,0.8087165151136263,0.013284164022701262
0.7,0.7636913331920133,0.015499705816188624,0.8421859534314133,0.012152615673598896
0.8,0.7844441128168798,0.015083352502136268,0.8622038214081702,0.015133209832667825
0.9,0.8199265195528623,0.017452004093552614,0.9104097504023672,0.016304228010331243
