,train_ML_rmse_mean,train_ML_rmse_std,test_ML_rmse_mean,test_ML_rmse_std
0.1,0.755437599049321,0.011192412718929094,0.7598039136937855,0.009522305827862463
0.2,0.7568149065809242,0.011206733694164585,0.7700008087060305,0.013284756726149764
0.3,0.7586881572846033,0.011529119164171217,0.7852205089393438,0.013829068252251261
0.4,0.7600400272838914,0.012941646544222257,0.800234620188603,0.014690466721750277
0.5,0.7795957398131748,0.005159347900307861,0.8264865977019576,0.008115924423863963
0.6,0.7625720273244212,0.010967272068803798,0.8248347553065933,0.012588476741323795
0.7,0.7675726701708533,0.012520413619993039,0.8454216302685955,0.01375029578625131
0.8,0.7927616273753151,0.01610599996744776,0.8820245691592898,0.01686575145003396
0.9,0.8227314356153288,0.02162892873881308,0.9060199756089589,0.012106915118572864
