,train_rmse_mean,train_rmse_std,train_mae_mean,train_mae_std,test_rmse_mean,test_rmse_std,test_mae_mean,test_mae_std
0.3,0.25647232,0.0052664867,0.20638207,0.00449735,0.25751582,0.010495848,0.20766214,0.008686853
0.5,0.26437,0.0024008444,0.19577909,0.0023178526,0.26661414,0.009405945,0.19747284,0.008369942
0.7,0.26952332,0.0022658175,0.2004228,0.002397533,0.26900402,0.0069376645,0.2002891,0.0057298522
