,train_ML_f1_mean,train_ML_f1_std,test_ML_f1_mean,test_ML_f1_std
0.1,0.7823781424729301,0.03548328331714332,0.7521313234280759,0.07117057062646998
0.2,0.7291082007854552,0.09301794009989293,0.714725767716162,0.0441887540470268
0.3,0.7080393147225446,0.047904768334576145,0.6350073248320433,0.10227287003005664
0.4,0.6804834421416828,0.02674633753282616,0.6111087279742702,0.0546942413419854
0.5,0.6387315250886679,0.0816048602155306,0.5125200566412704,0.07256430361287564
0.6,0.6408278902740597,0.05024242112092882,0.5738832482226438,0.07880633403511057
0.7,0.5207663384716023,0.06631261657595083,0.5241201063448606,0.09139208925803254
0.8,0.5740893031976624,0.10418791479584417,0.4316664849568661,0.07747760551854921
0.9,0.5162976271848453,0.035529057547391156,0.38674217087260565,0.03967771830352652
