,train_ML_f1_mean,train_ML_f1_std,test_ML_f1_mean,test_ML_f1_std
0.1,0.7600481320460069,0.04190291321375115,0.718456723355981,0.07780887763630615
0.2,0.7478704325528863,0.08939262905174028,0.7064425423203126,0.042729146334460046
0.3,0.6965293654739207,0.036664178443744505,0.6130371247897214,0.07078239397674406
0.4,0.6455808775871544,0.0975888782872368,0.5787927726922033,0.027910075690774007
0.5,0.6283315287088873,0.048070736225292565,0.5178498472569153,0.06992528819792683
0.6,0.6403374460910001,0.09509297190617118,0.5624516113848067,0.0901137320026468
0.7,0.5032728315991196,0.1012213489309576,0.47318322033669447,0.04587375586137164
0.8,0.5176566120012005,0.1023824916591982,0.4181584036164557,0.07129139539034847
0.9,0.5080687134615781,0.025410247315124024,0.3550000944768815,0.03841244809728797
