,train_ML_f1_mean,train_ML_f1_std,test_ML_f1_mean,test_ML_f1_std
0.1,0.7712951592860059,0.04427750607927907,0.7491730543231794,0.06737997001889715
0.2,0.7511023581873574,0.03659510994770798,0.7596685967589641,0.04384263289006275
0.3,0.724676369739395,0.054498685290202534,0.7631562729472623,0.08458195901136462
0.4,0.7392634352458162,0.09946835741290132,0.703357271317616,0.05876044829015045
0.5,0.6738419974182828,0.07801882813415835,0.6228488379496523,0.07552236740583253
0.6,0.7129498359838917,0.0760405895933341,0.6476373767431987,0.07984424993336421
0.7,0.729418162609652,0.07499976919277272,0.6620118600859042,0.09547471636991353
0.8,0.652401101649738,0.05003830250174507,0.5818153695044451,0.12123279508939099
0.9,0.6356824718266366,0.10754398088011899,0.4624683465448709,0.12060891287830797
