,train_ML_f1_mean,train_ML_f1_std,test_ML_f1_mean,test_ML_f1_std
0.1,0.831122037873399,0.03126377941388296,0.8022414835020957,0.0267007639539914
0.2,0.7778102181698936,0.01788077734075865,0.808884366658576,0.04273079924722433
0.3,0.7709267898665321,0.02674385835469086,0.7823311314344884,0.05627930113211702
0.4,0.7545769308259705,0.05985324356985039,0.7694913398925732,0.06340246058962795
0.5,0.734637843568733,0.07615567968201961,0.7128670546245734,0.08736433057416788
0.6,0.7110201691060922,0.07962429396066346,0.6553618308975452,0.06559169078280437
0.7,0.7295100072242053,0.04878717668215688,0.6274841487064975,0.05888405922633916
0.8,0.6329206394695867,0.09010049196344418,0.5429545706972352,0.13202113139482896
0.9,0.6403189708758383,0.17266776922259544,0.46505896185859347,0.06936151707887764
