,train_ML_rmse_mean,train_ML_rmse_std,test_ML_rmse_mean,test_ML_rmse_std
0.1,16.419957880880606,0.10698296053457171,16.81203423396304,0.6812886607833757
0.2,16.34079542738582,0.15626000024158482,16.796623596679886,0.5900364502331858
0.3,16.397707899948472,0.11264646128278613,16.782140001361547,0.5400563037974494
0.4,16.442649345042994,0.1001747194701977,16.806205130903976,0.5272888523233479
0.5,16.40894018946939,0.1352170159679295,16.824845644339966,0.5641721320841591
0.6,16.455216518917535,0.11317264096083467,16.807888527169585,0.49416354331470524
0.7,16.41363893861133,0.11090417476422619,16.636886986007795,0.5100519622820705
0.8,16.351393501236434,0.0787468806516046,16.678759035473014,0.4803093594232732
0.9,16.448674348752785,0.15452420699516556,16.627446465472122,0.5347205091768736
