,train_ML_rmse_mean,train_ML_rmse_std,test_ML_rmse_mean,test_ML_rmse_std
0.1,60800.76505489665,5178.521658475049,101201.5615641711,11888.12480241477
0.2,52898.77279524812,1891.6447756999435,94210.62161956972,10261.904868293885
0.3,49263.11373695635,1074.5319362596474,90216.85192770707,3503.055105490638
0.4,44499.935883653976,1342.8119423769785,87913.79199572683,2245.4130981948483
0.5,35679.52672462825,508.71041657465565,74782.4581985849,4872.167640316022
0.6,30438.651907922256,1298.8298448638152,62705.5200333316,9305.678126380551
0.7,21389.234827267323,667.8459651799477,56197.76653024356,10008.115924503676
0.8,12271.39926549397,357.2780014419799,36300.894928943264,3656.9853047281367
0.9,6385.715383028251,499.8462191116108,29485.243226856837,6986.049103772035
