,train_ML_rmse_mean,train_ML_rmse_std,test_ML_rmse_mean,test_ML_rmse_std
0.1,16.647654070762574,0.09759179089510814,16.767380329934163,0.6823306576199503
0.2,16.555742343158002,0.1161567891179612,16.832212568203836,0.6495279904273268
0.3,16.665206903564634,0.11056947291979101,16.742009340350727,0.6122150739971458
0.4,16.676389602523365,0.09560058086588023,16.864042387446013,0.5411544769145641
0.5,16.657673055351996,0.11452721625462943,16.816842594586383,0.5948366716139537
0.6,16.680470923269702,0.10631019598600154,16.767262683590385,0.49185329716844983
0.7,16.702427517627072,0.1038440891045695,16.756054706555084,0.5152729828430253
0.8,16.65060337238579,0.09227756258416184,16.736055303222106,0.6024026995705017
0.9,16.683825230281023,0.10725781729244563,16.829554824850934,0.5066567862400093
