,random,zero,mean,knn,mice,XGB,missforest,mf,hyper,gain,notmiwae,miwae,tabcsdi,ot
0.3,0.42623 ± 0.009,0.39111 ± 0.013,0.12193 ± 0.005,0.14113 ± 0.004,0.11811 ± 0.005,0.12417 ± 0.016,0.11896 ± 0.007,0.13154 ± 0.009,0.14522 ± 0.049,0.16571 ± 0.059,0.11894 ± 0.004,0.12034 ± 0.004,0.13841 ± 0.007,0.15931 ± 0.005
0.5,0.42204 ± 0.009,0.39161 ± 0.011,0.11772 ± 0.005,0.14371 ± 0.008,0.15542 ± 0.022,0.36280 ± 0.342,0.14856 ± 0.026,0.13308 ± 0.009,0.14116 ± 0.044,0.17525 ± 0.057,0.11894 ± 0.007,0.11950 ± 0.005,0.13511 ± 0.006,0.15630 ± 0.007
0.7,0.42096 ± 0.006,0.39163 ± 0.010,0.11823 ± 0.003,0.13689 ± 0.004,0.15977 ± 0.047,0.34325 ± 0.364,0.14096 ± 0.007,0.13208 ± 0.007,0.13022 ± 0.008,0.21967 ± 0.029,0.12288 ± 0.005,0.12232 ± 0.002,0.13543 ± 0.004,0.15686 ± 0.004
