,train_ML_rmse_mean,train_ML_rmse_std,test_ML_rmse_mean,test_ML_rmse_std
0.1,0.8197180219810104,0.008732866278911403,1.2850038241120092,0.014193904872782779
0.2,0.8532972639879259,0.012288598809821697,1.586529715434514,0.01620891256660722
0.3,1.007606148142131,0.012768335880936666,1.621203121420931,0.014242174011941998
0.4,0.9496586069390434,0.01698722916898117,1.6598744580236535,0.03201843372861518
0.5,0.9962293356333799,0.005779894248554653,1.6790706495472285,0.01988176349139248
0.6,1.0555776278486069,0.014068545416172527,1.6862800231252737,0.051102246520457355
0.7,1.0709234509520291,0.019883349653468548,1.638373521546147,0.0581738830426335
0.8,1.0654881553877633,0.02328206898228395,1.5508221245780165,0.0675423703655386
0.9,1.154059911645162,0.032307461550174506,1.5507874364508065,0.07531086009773405
