,train_ML_rmse_mean,train_ML_rmse_std,test_ML_rmse_mean,test_ML_rmse_std
0.1,0.9033675170810884,0.00936645028350164,1.650401653005638,0.030529342729103806
0.2,0.9672256892465615,0.009803391508056349,2.2620197801754514,0.03320230238895845
0.3,1.0695193762797548,0.010456294827674567,2.5819037584831634,0.05874302414812107
0.4,1.0453573683241084,0.007292121908659516,2.8799986888509226,0.05639845199595649
0.5,1.0681294054665311,0.008572831524807683,3.2511881886142717,0.065796607736274
0.6,1.0985139753351518,0.008193534974001639,3.370578070849666,0.08759195241249292
0.7,1.108980209490849,0.006154237301110032,3.5132516450305653,0.08599413743447346
0.8,1.160042319280736,0.013330851446176364,3.5718268001476767,0.07490323951564379
0.9,1.1396402697290067,0.005549987373836609,3.6866273930595503,0.11334677994314374
