,train_ML_rmse_mean,train_ML_rmse_std,test_ML_rmse_mean,test_ML_rmse_std
0.1,0.7252208074457529,0.008277565238153591,4.225429190867201,0.26982521523313385
0.2,0.7437490587138208,0.013100723934747273,5.929760056413858,0.3313549394012843
0.3,0.9193787586607851,0.018172600146089374,6.96514011850797,0.34122993012160213
0.4,0.8754239833021554,0.02070653499966003,7.517750649383612,0.518647587019356
0.5,0.937396403847476,0.012855021464377456,7.677790425145865,0.44553326896999956
0.6,1.0043896515848847,0.011026423746709977,7.637981818136677,0.4121074769723645
0.7,1.0502453209067046,0.01636601973411114,7.535528485885609,0.3591344885689793
0.8,1.2578808362984333,0.10826651453672366,7.252117108658064,0.24402800887900813
0.9,1.1395091178517496,0.016299469128349748,7.03312155019186,0.36026505201081377
