,train_rmse_mean,train_rmse_std,train_mae_mean,train_mae_std,test_rmse_mean,test_rmse_std,test_mae_mean,test_mae_std
0.3,0.15119231,0.0140148355,0.10341774,0.013708671,0.1341019,0.017889863,0.096736886,0.019020641
0.5,0.15018567,0.015398985,0.10361014,0.015705166,0.12801176,0.017107802,0.08001395,0.01659043
0.7,0.1642354,0.023193642,0.09759618,0.009351893,0.16273476,0.034867004,0.08947792,0.021492945
