,train_ML_f1_mean,train_ML_f1_std,test_ML_f1_mean,test_ML_f1_std
0.1,0.7668610124940877,0.07718997133215874,0.7559157323613628,0.07225797560950939
0.2,0.7452502068362593,0.02828353664688331,0.739810314313142,0.03718472192919126
0.3,0.6434141247398721,0.029385936075402252,0.6447616968637965,0.03347829036215966
0.4,0.5890597091703548,0.0060206504569297395,0.5775810840621084,0.02991959753211107
0.5,0.5918352212093131,0.021161757350059502,0.5870054667033286,0.04486197836642054
0.6,0.5976760974470539,0.013392677585173983,0.5909037832521867,0.020315108129564587
0.7,0.6348248153173768,0.012781685369273847,0.6179658322676511,0.02798796592447001
0.8,0.4884539456652119,0.018702525452711012,0.4838613715437523,0.03189977915450577
0.9,0.48068140922391545,0.05516472372520106,0.4736011579853832,0.07100859075181802
