,train_rmse_mean,train_rmse_std,train_mae_mean,train_mae_std,test_rmse_mean,test_rmse_std,test_mae_mean,test_mae_std
0.1,0.119279526,0.0025306668,0.09197262,0.0030136057,0.12029743,0.008223457,0.09232424,0.00745848
0.2,0.1442577,0.004412657,0.108790144,0.0034719382,0.14492169,0.0147621725,0.109932244,0.010273129
0.3,0.16129103,0.0021276285,0.12560342,0.0015663402,0.16046873,0.0049321763,0.124970116,0.0019399036
0.4,0.155238,0.003476854,0.12145364,0.0023719496,0.1561043,0.006899781,0.12182219,0.0050645894
0.5,0.16743581,0.004713757,0.13277201,0.003769605,0.1655262,0.01040709,0.1308066,0.00787817
0.6,0.17796104,0.0052178395,0.14104143,0.0046153395,0.17829373,0.0087246,0.14091875,0.0076272287
0.7,0.19530311,0.0068690656,0.15703279,0.0059455317,0.19575414,0.006594592,0.15777656,0.005168357
0.8,0.20574546,0.0023157934,0.16278489,0.0014477595,0.2042834,0.00799029,0.16114895,0.00718543
0.9,0.22760966,0.005982581,0.17952374,0.003774755,0.22725578,0.009837373,0.17974956,0.005648277
