,train_ML_f1_mean,train_ML_f1_std,test_ML_f1_mean,test_ML_f1_std
0.1,0.8074858886883544,0.08754404012722573,0.7862843482509122,0.07509427844897038
0.2,0.7766270084000262,0.03310395725118768,0.7776190465386382,0.02654434905960412
0.3,0.6603116175575291,0.03623452667817413,0.6583962955142993,0.0346717838447724
0.4,0.5905137357633504,0.005800621919476068,0.5787261383430442,0.028826470857779722
0.5,0.5952878867500458,0.02826900974446421,0.5940544449263762,0.05206651559578101
0.6,0.6054831833660052,0.013625053298728632,0.592713074737596,0.011517890300962912
0.7,0.6330842018689836,0.009776959225183849,0.6190867073149837,0.021784892583153092
0.8,0.4905138581809651,0.016868653579970902,0.482246842882479,0.027473934759389744
0.9,0.48989267692786864,0.0657576198627859,0.49397732786635107,0.07996421533896256
