,train_ML_rmse_mean,train_ML_rmse_std,test_ML_rmse_mean,test_ML_rmse_std
0.1,10.946966128383185,0.2084331363043473,10.948549863888953,0.8371671908215421
0.2,11.66376655208806,0.20619560319136362,11.587892676057097,0.9765790339715236
0.3,12.623027904620145,0.2488274711542882,12.638730666684998,0.7736305524306498
0.4,12.621155396053265,0.247834285972038,12.783738881663123,0.9738481342837642
0.5,13.868067661368718,0.17724217933848346,13.908076593629707,0.4272407634655677
0.6,14.880396187836567,0.14182693840810282,14.970725396084248,0.5066159073635373
0.7,14.812384956072037,0.12404096586368892,14.898741012607804,0.4885606566954043
0.8,15.83404090204534,0.13552431540794416,15.826348232571203,0.6291568756988416
0.9,16.303940918294295,0.15517174869913442,16.39940586070529,0.599325751215531
