,random,zero,mean,knn,mice,XGB,missforest,mf,hyper,gain,notmiwae,miwae,tabcsdi,ot
concrete_compression,12.74940,10.36178,12.45623,12.46069,12.48224,12.49827,12.38126,12.57457,12.48952,12.56331,12.53255,12.58391,16.77815,12.56010
wine_quality_white,0.77614,0.76006,0.76300,0.76517,0.76232,13925860229883223351584144490496.00000,0.75690,0.76704,0.75824,0.77012,0.79017,0.78825,0.90796,0.77048
wine_quality_red,0.66851,0.65322,0.65051,0.65117,0.65225,0.65308,0.64892,0.65274,0.65012,0.67299,0.66430,0.66182,0.80254,0.65351
california,0.76114,0.72885,0.73454,0.72803,0.72735,0.72732,0.72726,0.72666,0.72837,0.73472,0.77735,0.79615,1.15373,0.73669
yacht_hydrodynamics,8.96818,8.99889,9.02324,9.02919,9.00172,9.00292,9.00403,9.04057,9.01296,11.96210,15.20651,15.17019,14.92048,9.00741
