,random,zero,mean,knn,mice,XGB,missforest,mf,hyper,gain,notmiwae,miwae,tabcsdi,ot
banknote,0.95785,0.99409,0.95120,0.95324,0.96235,0.96306,0.97268,0.94065,0.95550,0.95864,0.94984,0.95499,0.42641,0.93843
climate_model_crashes,0.47769,0.55955,0.47769,0.47769,0.47769,0.47769,0.47769,0.47769,0.47769,0.47769,0.47769,0.47769,0.47769,0.47769
connectionist_bench_sonar,0.79489,0.84506,0.79994,0.80197,0.79731,0.70101,0.79265,0.79470,0.79750,0.79101,0.81286,0.79492,0.52433,0.79009
qsar_biodegradation,0.80362,0.83632,0.82268,0.82155,0.39842,0.81573,0.82342,0.81931,0.80327,0.76327,0.76333,0.81096,0.45820,0.80995
yeast,0.42092,0.51786,0.42724,0.43724,0.44598,0.45068,0.43903,0.40354,0.43579,0.40827,0.12194,0.23131,0.08567,0.43334
