,random,zero,mean,knn,mice,XGB,missforest,mf,hyper,gain,notmiwae,miwae,tabcsdi,ot
banknote,0.88795,0.97790,0.88255,0.92273,0.88426,0.89176,0.92409,0.88680,0.91116,0.89049,0.90948,0.92953,0.48799,0.88548
climate_model_crashes,0.61092,0.75411,0.53940,0.52610,0.53940,0.50989,0.53707,0.51040,0.53747,0.53891,0.47769,0.47769,0.52147,0.52834
connectionist_bench_sonar,0.77738,0.84746,0.79319,0.78990,0.80160,0.75566,0.77375,0.77308,0.77671,0.74851,0.84147,0.83160,0.46105,0.77766
qsar_biodegradation,0.81745,0.84489,0.83510,0.83532,0.83483,0.85315,0.83448,0.82938,0.81276,0.76999,0.82308,0.83701,0.53395,0.82208
yeast,0.42530,0.51078,0.43325,0.44524,0.43714,0.43933,0.43868,0.41860,0.43574,0.37949,0.24305,0.22595,0.10443,0.43295
