,random,zero,mean,knn,mice,XGB,missforest,mf,hyper,gain,notmiwae,miwae,tabcsdi,ot
banknote,0.87749,0.96973,0.89450,0.91539,0.88836,0.89730,0.91218,0.89506,0.90308,0.89345,0.87803,0.90113,0.52590,0.88926
climate_model_crashes,0.50620,0.67483,0.50037,0.47769,0.50037,0.50037,0.47718,0.47769,0.47769,0.49353,0.47769,0.47769,0.48239,0.51622
connectionist_bench_sonar,0.75375,0.79072,0.76509,0.74989,0.76232,0.76293,0.77312,0.75958,0.75978,0.73558,0.78830,0.75977,0.54079,0.76772
qsar_biodegradation,0.79682,0.80847,0.81056,0.80819,0.72351,0.81112,0.81411,0.80472,0.79657,0.74806,0.80208,0.79441,0.51858,0.80324
yeast,0.32465,0.38903,0.35422,0.36778,0.36544,0.36730,0.37025,0.33623,0.36810,0.31590,0.23398,0.15757,0.08651,0.36125
