,random,zero,mean,knn,mice,XGB,missforest,mf,hyper,gain,notmiwae,miwae,tabcsdi,ot
concrete_compression,16.85615,13.81504,16.28575,15.57294,15.75101,15.75984,15.80926,16.87677,15.85417,16.62690,16.12972,16.20498,69810.06407,16.42737
wine_quality_white,0.74665,0.73744,0.73726,0.73989,0.74107,0.74035,0.73598,0.73499,0.73756,0.80674,0.78128,0.79047,0.89178,0.74283
wine_quality_red,0.69357,0.66621,0.71192,0.71260,0.69141,0.68983,0.70007,0.70781,0.70534,0.72868,0.69780,0.70112,108299.64496,0.70995
california,0.81342,0.66428,0.75368,0.83227,0.81797,0.80802,0.81686,0.84477,0.86886,1.44522,0.95464,0.93814,4787.82911,0.82577
yacht_hydrodynamics,13.81400,10.71010,14.94507,14.93491,14.94990,14.94465,14.92046,14.93529,14.94682,15.11698,15.06900,15.07004,74158.85612,14.89337
