,random,zero,mean,knn,mice,XGB,missforest,mf,hyper,gain,notmiwae,miwae,tabcsdi,ot
banknote,0.95589,0.98528,0.9838,0.91341,0.98897,0.98602,0.98381,0.98601,0.98751,0.97865,0.85755,0.88939,0.47804,0.9557
climate_model_crashes,0.47769,0.54526,0.47769,0.47769,0.47769,0.47769,0.47769,0.47769,0.47769,0.47769,0.47769,0.47769,0.47769,0.47769
connectionist_bench_sonar,0.74709,0.80238,0.75999,0.77597,0.77204,0.80195,0.78136,0.75391,0.7622,0.70578,0.77155,0.7996,0.54327,0.77591
qsar_biodegradation,0.75589,0.82196,0.78755,0.78717,0.79239,0.78929,0.79629,0.79189,0.78563,0.74644,0.45164,0.79277,0.46824,0.78104
yeast,0.19137,0.34657,0.27398,0.26232,0.25215,0.28844,0.25678,0.2248,0.18885,0.22292,0.06008,0.10727,0.10563,0.17893
