,random,zero,mean,knn,mice,XGB,missforest,mf,hyper,gain,notmiwae,miwae,tabcsdi,ot
banknote,0.87762,0.98821,0.85617,0.88963,0.87685,0.87318,0.86464,0.86189,0.85617,0.89416,0.71248,0.73434,0.55592,0.84872
climate_model_crashes,0.57111,0.78295,0.47305,0.47461,0.47359,0.47461,0.47407,0.47305,0.47357,0.47461,0.47769,0.47769,0.51234,0.47305
connectionist_bench_sonar,0.68931,0.83369,0.73743,0.73587,0.76546,0.72023,0.71557,0.69585,0.74352,0.68432,0.77091,0.77898,0.49343,0.71144
qsar_biodegradation,0.81298,0.84447,0.82726,0.82661,0.83774,0.83288,0.82181,0.82404,0.81134,0.7845,0.81971,0.82307,0.50516,0.81655
yeast,0.29418,0.51765,0.30132,0.27582,0.31067,0.29406,0.27643,0.28222,0.24262,0.29314,0.13152,0.17549,0.12336,0.24239
