,random,zero,mean,knn,mice,XGB,missforest,mf,hyper,gain,notmiwae,miwae,tabcsdi,ot
concrete_compression,15.01314,12.52052,14.76074,14.45469,13.86901,14.1037,14.64602,14.84258,14.67904,15.0912,15.51512,15.48636,90387.26906,14.72772
wine_quality_white,0.76936,0.74083,0.74817,0.75025,0.74663,0.74718,0.74881,0.74867,0.75089,0.82548,0.78584,0.78165,0.89806,0.75572
wine_quality_red,0.70937,0.66601,0.70081,0.69112,0.68873,0.694,0.69347,0.70088,0.69162,0.72866,0.69618,0.69113,111682.1712,0.70504
california,0.60599,0.60656,0.6488,0.6504,0.64589,0.64793,0.65067,0.64725,0.6508,0.69282,0.73095,0.71457,3130.99671,0.622
yacht_hydrodynamics,12.15353,11.849,12.23788,12.20874,12.00861,12.15306,12.18464,12.23575,12.23119,12.54397,15.08894,15.10075,93861.57863,12.24057
