,random,zero,mean,knn,mice,XGB,missforest,mf,hyper,gain,notmiwae,miwae,tabcsdi,ot
concrete_compression,12.74073,10.51979,12.55847,12.77869,12.47602,12.4349,12.55597,12.64195,12.68361,12.67104,12.70118,12.73905,16.57395,12.7285
wine_quality_white,0.74137,0.71073,0.73009,0.73389,0.72494,0.8113,0.72819,0.73197,0.72806,0.77008,0.76647,0.76879,0.90796,0.7365
wine_quality_red,0.65754,0.63413,0.63687,0.63548,0.63473,0.63618,0.63852,0.63719,0.63562,0.66898,0.6639,0.66067,0.85632,0.64015
california,0.68542,0.67422,0.68055,0.676,0.6755,0.67574,0.67619,0.6746,0.67619,0.69521,0.74981,0.7682,1.20113,0.68121
yacht_hydrodynamics,11.74721,12.45329,11.51075,11.48207,11.85983,11.70545,11.50771,11.57553,11.48156,13.65099,16.68075,16.68614,16.41598,11.50258
