,random,zero,mean,knn,mice,XGB,missforest,mf,hyper,gain,notmiwae,miwae,tabcsdi,ot
concrete_compression,14.75762,14.53346,12.90221,12.96164,12.81380,12.70674,12.75679,13.18877,12.68701,13.73859,13.79763,14.01476,16.78214,13.36234
wine_quality_white,0.83937,0.79575,0.77101,0.77159,0.75872,0.86368,0.75917,0.77658,0.75269,0.83410,0.78867,0.78356,0.90532,0.79894
wine_quality_red,0.73520,0.70182,0.67366,0.69884,0.66766,0.79967,0.66627,0.67368,0.67153,0.69953,0.68346,0.68546,0.85836,0.70665
california,0.97896,0.83667,0.87868,1.01954,0.84677,0.85371,0.83318,0.89021,0.78625,0.87174,0.96818,0.96038,1.12581,0.92535
yacht_hydrodynamics,14.18365,13.45938,13.34865,13.81930,13.41289,13.43063,13.39693,13.54425,13.48134,14.98198,16.40318,16.44590,15.97198,13.57666
