,random,zero,mean,knn,mice,XGB,missforest,mf,hyper,gain,notmiwae,miwae,tabcsdi,ot
concrete_compression,16.35996,15.90225,15.15586,15.47455,14.99511,15.18036,15.52410,15.59519,15.53558,15.56778,16.01396,15.37028,16.63689,15.85939
wine_quality_white,0.89982,0.85147,0.84221,0.85653,0.83825,0.84221,0.84078,0.85077,0.85284,0.85364,0.85149,0.85045,0.90335,0.87199
wine_quality_red,0.82406,0.78319,0.75663,0.79902,0.75702,0.75663,0.77062,0.77444,0.77050,0.78599,0.75969,0.75423,0.86274,0.81110
california,1.16607,1.05941,1.06620,1.11386,1.05453,1.06754,1.04035,1.08408,1.08192,1.09432,1.10963,1.11223,1.19535,1.11303
yacht_hydrodynamics,16.54438,16.25855,15.93357,16.13874,15.98018,15.90487,16.22938,16.11982,16.56222,16.43270,16.52141,16.49918,16.63186,16.21487
