,random,zero,mean,knn,mice,XGB,missforest,mf,hyper,gain,notmiwae,miwae,tabcsdi,ot
banknote,0.70161,0.81497,0.74237,0.79465,0.75644,0.75264,0.80605,0.77882,0.77615,0.79909,0.66693,0.64661,0.63997,0.72973
climate_model_crashes,0.47769,0.47769,0.47769,0.47769,0.47769,0.47769,0.47769,0.47769,0.47769,0.47769,0.47769,0.47769,0.47769,0.47769
connectionist_bench_sonar,0.62458,0.73057,0.70803,0.76947,0.72317,0.67211,0.79768,0.72386,0.73750,0.65035,0.73935,0.74450,0.44085,0.61373
qsar_biodegradation,0.58240,0.71910,0.75760,0.74827,0.79427,0.77972,0.79114,0.76455,0.79509,0.72443,0.73198,0.73637,0.41152,0.72413
yeast,0.09831,0.13177,0.20947,0.16164,0.18955,0.18221,0.18982,0.18711,0.19297,0.17690,0.09138,0.08804,0.08914,0.16952
