,random,zero,mean,knn,mice,XGB,missforest,mf,hyper,gain,notmiwae,miwae,tabcsdi,ot
concrete_compression,14.80500,14.31173,12.69292,12.97887,12.63873,12.59442,12.63044,13.02487,12.53263,13.58516,13.13703,13.19552,16.74201,13.19665
wine_quality_white,0.84717,0.84283,0.79544,0.79591,0.78333,111332380854701604864.00000,0.78682,0.80032,0.77781,0.82501,0.80855,0.81011,0.88583,0.81045
wine_quality_red,0.76768,0.72455,0.68659,0.70121,0.66887,13.99324,0.66674,0.69090,0.67317,0.69619,0.68334,0.68092,0.80546,0.70985
california,1.04796,0.96180,0.90803,1.06809,0.87316,0.88247,0.85777,0.91199,0.81206,0.90282,0.99927,0.98114,1.15308,0.96303
yacht_hydrodynamics,12.18350,11.75895,10.39912,11.54019,10.30750,10.39936,10.29890,10.80868,10.98498,13.39324,15.10750,15.12943,14.90715,10.80556
