,random,zero,mean,knn,mice,XGB,missforest,mf,hyper,gain,notmiwae,miwae,tabcsdi,ot
banknote,0.60238,0.68572,0.64787,0.65902,0.65923,0.66676,0.67349,0.66391,0.65773,0.67095,0.63804,0.61909,0.50398,0.63383
climate_model_crashes,0.47769,0.47718,0.54832,0.47668,0.56929,0.52695,0.47769,0.53340,0.47716,0.47769,0.47769,0.47769,0.47693,0.47664
connectionist_bench_sonar,0.49563,0.65694,0.67210,0.65741,0.72983,0.61844,0.72298,0.72567,0.61951,0.55340,0.73352,0.75480,0.51404,0.64891
qsar_biodegradation,0.57096,0.64497,0.72233,0.60817,0.72663,0.70286,0.74068,0.70933,0.68959,0.67129,0.70484,0.72710,0.51504,0.60530
yeast,0.09192,0.13009,0.16314,0.15118,0.16902,0.15365,0.15263,0.15861,0.15026,0.11587,0.10349,0.09877,0.09249,0.12179
