,random,zero,mean,knn,mice,XGB,missforest,mf,hyper,gain,notmiwae,miwae,tabcsdi,ot
concrete_compression,17.08252,16.29556,16.12671,16.20746,15.91473,15.93569,15.83651,16.65088,15.96137,15.81832,16.50721,16.38628,56197.76653,16.41304
wine_quality_white,0.88459,0.85249,0.84983,0.85862,0.84337,0.84983,0.85048,0.85570,0.85589,0.86740,0.85595,0.85487,28001.23003,0.86791
wine_quality_red,0.80527,0.78874,0.78535,0.80317,0.78735,0.78535,0.77547,0.78198,0.78397,0.79892,0.79793,0.79617,65766.26647,0.81275
california,1.13230,1.02487,1.01767,1.07704,1.02858,1.05411,1.00685,1.05161,1.05632,1.05363,1.08549,1.08393,3520.31237,1.08333
yacht_hydrodynamics,15.11604,14.98104,14.85856,14.99031,14.94062,14.87717,14.74184,14.92084,15.02388,15.21458,15.09817,15.08617,54637.66289,14.88788
