,random,zero,mean,knn,mice,XGB,missforest,mf,hyper,gain,notmiwae,miwae,tabcsdi,ot
banknote,0.60271,0.69104,0.67358,0.69819,0.66102,0.67873,0.69060,0.67834,0.66589,0.67897,0.61741,0.61105,0.55424,0.62160
climate_model_crashes,0.47769,0.47769,0.47769,0.47769,0.47769,0.47769,0.47769,0.47769,0.47769,0.47769,0.47769,0.47769,0.47769,0.47769
connectionist_bench_sonar,0.51381,0.63627,0.66937,0.66265,0.68267,0.60673,0.74047,0.64106,0.66886,0.50934,0.71274,0.73348,0.52022,0.64415
qsar_biodegradation,0.47754,0.57367,0.65615,0.48849,0.69596,0.67559,0.71907,0.64250,0.68288,0.62699,0.66020,0.68009,0.40595,0.52597
yeast,0.08743,0.11574,0.14500,0.09617,0.13520,0.11543,0.12375,0.13294,0.12989,0.10822,0.07435,0.07098,0.07690,0.09593
