,random,zero,mean,knn,mice,XGB,missforest,mf,hyper,gain,notmiwae,miwae,tabcsdi,ot
banknote,0.75055,0.80369,0.80808,0.80796,0.82238,0.79969,0.84806,0.81854,0.84467,0.80227,0.65765,0.65840,0.53077,0.78599
climate_model_crashes,0.49254,0.47667,0.59138,0.56310,0.59138,0.56721,0.57157,0.60004,0.57946,0.52314,0.47769,0.47769,0.53508,0.57266
connectionist_bench_sonar,0.64121,0.70968,0.68835,0.75997,0.75651,0.74900,0.77240,0.72680,0.79637,0.75974,0.80278,0.77563,0.46398,0.72512
qsar_biodegradation,0.69601,0.77477,0.80330,0.81680,0.83490,0.81332,0.81849,0.80213,0.81066,0.74845,0.80030,0.79623,0.49279,0.73796
yeast,0.19863,0.31772,0.34193,0.30783,0.33395,0.34309,0.35646,0.34376,0.33982,0.28345,0.14473,0.15590,0.09709,0.32075
