,random,zero,mean,knn,mice,XGB,missforest,mf,hyper,gain,notmiwae,miwae,tabcsdi,ot
concrete_compression,16.18728,15.40040,15.10186,14.56869,14.44801,14.61508,14.68865,15.33148,14.34063,15.34588,15.85638,15.93071,90216.85193,15.26399
wine_quality_white,0.84474,0.80122,0.78900,0.78852,0.77123,169629007066109181952.00000,0.77747,0.79221,0.76716,0.85000,0.80955,0.80586,24140.03166,0.80839
wine_quality_red,0.77014,0.71943,0.71111,0.72544,0.70138,802485132518.55090,0.69034,0.70940,0.69441,0.73209,0.68657,0.68318,117312.80417,0.73527
california,0.92556,0.78954,0.84350,0.98193,0.83381,0.83112,0.80784,0.87040,0.76221,0.88083,0.94413,0.93869,3508.54652,0.89664
yacht_hydrodynamics,13.36737,12.73472,13.17982,13.40561,13.13873,13.19906,12.98282,13.42522,13.26452,13.47014,15.05475,14.99460,96597.47059,13.18227
