,random,zero,mean,knn,mice,XGB,missforest,mf,hyper,gain,notmiwae,miwae,tabcsdi,ot
banknote,0.80701,0.83578,0.85131,0.83552,0.84114,0.83470,0.86859,0.85678,0.85990,0.85657,0.72312,0.73997,0.51781,0.82396
climate_model_crashes,0.47769,0.47769,0.47769,0.47769,0.47769,0.47769,0.47769,0.47769,0.47769,0.47769,0.47769,0.47769,0.47769,0.47769
connectionist_bench_sonar,0.66606,0.75172,0.76844,0.82405,0.80523,0.80606,0.80036,0.76768,0.81426,0.76294,0.81467,0.79307,0.42206,0.75426
qsar_biodegradation,0.67010,0.75141,0.80086,0.79809,0.81635,0.80138,0.80827,0.79575,0.80654,0.74391,0.78064,0.77541,0.41443,0.74856
yeast,0.17140,0.21863,0.33187,0.27841,0.32616,0.34082,0.34545,0.34017,0.34496,0.30559,0.14400,0.14452,0.08170,0.29024
