,random,zero,mean,knn,mice,XGB,missforest,mf,hyper,gain,notmiwae,miwae,tabcsdi,ot
banknote,0.74828,0.83812,0.78032,0.79420,0.86348,0.84888,0.84415,0.78203,0.85913,0.80737,0.57809,0.57440,0.48077,0.77661
climate_model_crashes,0.51361,0.48893,0.54096,0.52218,0.54046,0.54208,0.52769,0.55125,0.53792,0.55077,0.47769,0.47769,0.54628,0.50982
connectionist_bench_sonar,0.60186,0.67172,0.69763,0.78276,0.75145,0.74978,0.74786,0.72622,0.74476,0.67379,0.73789,0.71221,0.39804,0.71519
qsar_biodegradation,0.61034,0.77032,0.79040,0.81527,0.80904,0.79711,0.80517,0.79427,0.79459,0.73338,0.78839,0.79542,0.49214,0.71484
yeast,0.15344,0.18944,0.26152,0.25221,0.30614,0.28018,0.29234,0.26111,0.21737,0.21349,0.12717,0.11870,0.09938,0.26109
