,random,zero,mean,knn,mice,XGB,missforest,mf,hyper,gain,notmiwae,miwae,tabcsdi,ot
banknote,0.85718,0.91632,0.97267,0.88821,0.88344,0.88575,0.93018,0.96521,0.90868,0.93074,0.76174,0.79392,0.40638,0.93778
climate_model_crashes,0.47769,0.47769,0.51350,0.47664,0.51350,0.51622,0.49765,0.47769,0.52988,0.47769,0.47769,0.47769,0.47769,0.50207
connectionist_bench_sonar,0.72457,0.71941,0.80784,0.81449,0.83133,0.70750,0.80936,0.80209,0.78180,0.76461,0.77034,0.78568,0.46540,0.80798
qsar_biodegradation,0.76835,0.80620,0.82998,0.82450,0.82447,0.82230,0.82267,0.83051,0.82566,0.75539,0.79026,0.79392,0.53199,0.81629
yeast,0.32231,0.33300,0.51926,0.47568,0.47848,0.48670,0.47688,0.51517,0.48211,0.41712,0.21652,0.21103,0.09067,0.46728
