,random,zero,mean,knn,mice,XGB,missforest,mf,hyper,gain,notmiwae,miwae,tabcsdi,ot
banknote,0.81566,0.75608,0.95063,0.85756,0.83663,0.83122,0.87481,0.94005,0.86830,0.87013,0.73966,0.76661,0.52005,0.90138
climate_model_crashes,0.51862,0.56523,0.60042,0.57945,0.60042,0.58217,0.58217,0.60204,0.61327,0.51350,0.47769,0.47769,0.48841,0.60913
connectionist_bench_sonar,0.65203,0.71250,0.77275,0.76614,0.74963,0.75669,0.76540,0.73432,0.75160,0.72271,0.74968,0.74619,0.46750,0.73884
qsar_biodegradation,0.75558,0.80614,0.80183,0.80083,0.80173,0.80666,0.80647,0.81238,0.79614,0.75373,0.77452,0.77329,0.56807,0.80060
yeast,0.24202,0.29663,0.38972,0.34555,0.36223,0.36247,0.37862,0.40609,0.37632,0.33259,0.14141,0.14143,0.09390,0.39226
