,random,zero,mean,knn,mice,XGB,missforest,mf,hyper,gain,notmiwae,miwae,tabcsdi,ot
concrete_compression,14.07268,14.24176,12.68164,13.25424,13.15969,13.22387,13.15880,12.71358,12.87152,13.93479,14.86436,14.77756,95419.54843,13.11110
wine_quality_white,0.80508,0.77065,0.73787,0.74742,0.74448,0.74332,0.74740,0.74783,0.73897,0.80016,0.79628,0.79303,22609.96377,0.76594
wine_quality_red,0.74465,0.69933,0.67410,0.68486,0.68647,0.80615,0.68778,0.68576,0.68534,0.72129,0.68972,0.68978,115327.70053,0.68572
california,0.89168,0.71265,0.69630,0.74948,0.75077,0.75195,0.72545,0.75900,0.70662,0.73941,0.85290,0.84487,3121.62427,0.77881
yacht_hydrodynamics,12.41838,11.60656,11.98588,12.14852,11.95677,11.95550,11.96363,12.04856,12.00785,12.04375,15.16236,15.12710,97614.65480,12.03885
