,random,zero,mean,knn,mice,XGB,missforest,mf,hyper,gain,notmiwae,miwae,tabcsdi,ot
concrete_compression,13.46805,14.89256,12.01304,12.19397,11.70128,11.76330,11.99166,12.56688,12.01257,13.44123,13.09638,13.34429,16.82136,12.65367
wine_quality_white,0.82078,0.81217,0.74328,0.74750,0.73898,0.73848,0.73837,0.74881,0.73687,0.82410,0.76423,0.77268,0.90863,0.79067
wine_quality_red,0.73497,0.73607,0.67592,0.67551,0.66944,0.77538,0.67398,0.68536,0.66570,0.70810,0.69051,0.69380,0.86096,0.72701
california,1.01266,0.89823,0.90679,0.94729,0.82635,0.83425,0.83447,0.92809,0.78868,0.92521,0.98815,1.00230,1.18847,0.95093
yacht_hydrodynamics,14.91407,15.61673,14.91851,15.19206,14.98697,14.90751,15.14843,15.01898,14.97271,15.34889,16.68153,16.65010,16.65459,14.86263
