,random,zero,mean,knn,mice,XGB,missforest,mf,hyper,gain,notmiwae,miwae,tabcsdi,ot
banknote,0.80593,0.82362,0.84212,0.85615,0.89485,0.88715,0.89304,0.85507,0.91506,0.83093,0.65198,0.65092,0.51516,0.81083
climate_model_crashes,0.56155,0.55118,0.65359,0.65746,0.65359,0.63283,0.63171,0.65353,0.64835,0.67386,0.47769,0.47769,0.51247,0.62556
connectionist_bench_sonar,0.69005,0.59386,0.72969,0.84240,0.73696,0.74960,0.76980,0.76354,0.77179,0.70716,0.74917,0.71342,0.47360,0.73376
qsar_biodegradation,0.79032,0.75398,0.79539,0.82116,0.82017,0.82342,0.81442,0.79636,0.82590,0.70872,0.75944,0.76496,0.53774,0.77114
yeast,0.27431,0.19054,0.29805,0.25879,0.32352,0.32962,0.33357,0.29689,0.32050,0.24220,0.13533,0.12952,0.10340,0.27968
