,random,zero,mean,knn,mice,XGB,missforest,mf,hyper,gain,notmiwae,miwae,tabcsdi,ot
concrete_compression,13.59199,15.05937,12.25754,11.97488,11.60645,11.85660,11.88234,12.65345,12.05321,13.42800,12.16693,12.43882,16.81250,12.67223
wine_quality_white,0.83913,0.85932,0.79394,0.78548,0.77131,0.77301,0.77502,0.79299,0.76691,0.83623,0.79167,0.79856,0.88639,0.81412
wine_quality_red,0.73722,0.77137,0.68414,0.67858,0.67759,0.77538,0.67659,0.68954,0.67376,0.71476,0.69414,0.69877,0.81290,0.71058
california,1.06013,1.10036,0.94538,0.96557,0.82635,0.83425,0.86148,0.94721,0.82212,0.94608,1.03623,1.04487,1.15397,0.98342
yacht_hydrodynamics,13.63777,14.72404,12.68719,13.57780,12.69313,12.80941,13.02841,12.92398,12.84258,13.79569,15.12555,15.05013,15.13424,12.63593
