,random,zero,mean,knn,mice,XGB,missforest,mf,hyper,gain,notmiwae,miwae,tabcsdi,ot
concrete_compression,16.97613,16.20263,15.90235,15.03878,14.83357,15.03876,15.04347,16.35881,15.21023,16.12976,16.26819,16.22384,94441.83474,16.05396
wine_quality_white,0.85381,0.80770,0.81229,0.80080,0.77386,0.78615,0.78099,0.81121,0.77680,0.83723,0.81670,0.81498,23230.14996,0.82778
wine_quality_red,0.78123,0.76469,0.75928,0.74791,0.73767,0.79680,0.74194,0.75493,0.73051,0.77428,0.71861,0.71224,119606.65041,0.76750
california,0.95132,0.82755,0.89103,0.91837,0.86900,0.87756,0.84134,0.93845,0.79066,1.10062,0.99765,0.97935,2071.39486,0.93729
yacht_hydrodynamics,14.17855,14.82300,13.94756,14.01731,13.96518,13.94082,13.97762,13.96665,14.03192,13.90737,15.04538,15.06878,90209.27508,14.09096
