,random,zero,mean,knn,mice,XGB,missforest,mf,hyper,gain,notmiwae,miwae,tabcsdi,ot
banknote,0.83985,0.88733,0.96163,0.88052,0.85677,0.86014,0.89753,0.95632,0.90699,0.89317,0.74415,0.77897,0.51469,0.91791
climate_model_crashes,0.65635,0.59208,0.75169,0.69113,0.75169,0.73282,0.68431,0.72190,0.74206,0.61237,0.47769,0.47769,0.49725,0.70617
connectionist_bench_sonar,0.69545,0.72981,0.76716,0.78213,0.77760,0.77451,0.78622,0.75895,0.79710,0.75826,0.77117,0.79913,0.47757,0.75782
qsar_biodegradation,0.78840,0.82042,0.84828,0.84956,0.84701,0.84715,0.83995,0.84535,0.83644,0.75069,0.81686,0.81317,0.50587,0.82824
yeast,0.34975,0.39281,0.50560,0.46498,0.48277,0.48524,0.48247,0.48252,0.49176,0.39788,0.19913,0.19733,0.10702,0.47677
