,random,zero,mean,knn,mice,XGB,missforest,mf,hyper,gain,notmiwae,miwae,tabcsdi,ot
concrete_compression,12.96536,13.22007,10.76971,11.39764,11.13622,11.37980,11.50245,10.85168,11.27052,12.67142,12.45676,12.54857,16.87750,11.47354
wine_quality_white,0.80295,0.76286,0.71559,0.72820,0.72443,0.72537,0.72468,0.72609,0.72704,0.77254,0.76364,0.75968,0.90428,0.75721
wine_quality_red,0.72746,0.69013,0.64341,0.66303,0.66162,0.80615,0.65959,0.65386,0.65481,0.68238,0.68004,0.68422,0.85223,0.67114
california,0.95812,0.76473,0.73590,0.79479,0.75077,0.75195,0.76624,0.77423,0.73654,0.74841,0.88855,0.87962,1.19476,0.79945
yacht_hydrodynamics,13.41294,12.70306,12.25567,13.13226,12.34311,12.35431,12.53891,12.58874,12.50352,13.80224,16.69267,16.72580,16.33537,12.49838
