,train_ML_f1_mean,train_ML_f1_std,test_ML_f1_mean,test_ML_f1_std
0.1,0.6315487499849224,0.03066613146395258,0.5945357304483434,0.08733413518777836
0.2,0.6204129781488088,0.05714709193260285,0.5679437867257271,0.055042204820395305
0.3,0.5226965743195574,0.02219012860783669,0.5003725771244952,0.04728107433398308
0.4,0.511170257324328,0.01863632503614514,0.4771642556226735,0.006733258822546334
0.5,0.4773655293779311,0.001642527687711916,0.4771642556226735,0.006733258822546334
0.6,0.4885930083710505,0.013326622953888813,0.4766625833818708,0.006536546687704701
0.7,0.4773655293779311,0.001642527687711916,0.4776858435681965,0.006069967429577366
0.8,0.4773655293779311,0.001642527687711916,0.4771642556226735,0.006733258822546334
