,train_ML_rmse_mean,train_ML_rmse_std,test_ML_rmse_mean,test_ML_rmse_std
0.1,11.387070135451868,0.4705789686369246,12.056495527741848,0.4694146957031297
0.2,12.34379254704201,0.5317348293285401,13.664665988429942,0.5274796463963449
0.3,12.880580348750419,0.4518231533252418,14.384508748911282,0.6583821581181744
0.4,13.652467682705943,0.5761962652619119,15.027439055562647,0.35593344807491956
0.5,14.292999658268522,0.5386664522093417,15.8014378137055,0.5648338854744205
0.6,15.265363929835889,0.47415962553109503,16.18459678412753,0.6360234248218509
0.7,16.331052982021113,0.5838782451416247,16.270798536146295,0.66764524399187
0.8,16.50553980671165,0.5416061716784705,16.54264981136305,0.5548333592459868
0.9,16.717392584758507,0.5562103693771402,16.43801503450582,0.6282107562301256
