,train_ML_f1_mean,train_ML_f1_std,test_ML_f1_mean,test_ML_f1_std
0.1,0.8153569860153551,0.05222484560792482,0.833512045722572,0.049997770248308024
0.2,0.8046418432643255,0.03426766708418412,0.7716714453793756,0.08730665669855728
0.3,0.8028994662473898,0.022979291078225588,0.7713201981054226,0.06523733861104085
0.4,0.7719705792763081,0.03505246418630304,0.7537136113780025,0.06251287821204501
0.5,0.7619688143185523,0.03412152719134277,0.7141529492992283,0.04937202424891673
0.6,0.7496820719205872,0.03992549251756135,0.6605325933756167,0.14412266973130697
0.7,0.7680728801460509,0.04833792562490156,0.6788389354939269,0.020014382653283393
0.8,0.6716492043854186,0.0367995666314629,0.5754488875098579,0.10841208673948781
0.9,0.6941175853092688,0.06544718744449925,0.3897154814767302,0.049087772395555486
