,train_ML_f1_mean,train_ML_f1_std,test_ML_f1_mean,test_ML_f1_std
0.1,0.8242731834698198,0.041499268112016104,0.8093875770042602,0.034340160844870564
0.2,0.8072403730342064,0.022812312975208474,0.8143162078239456,0.05745425478360876
0.3,0.8118437516861654,0.03917174198042791,0.8061909056645901,0.07270965679232452
0.4,0.8068577101037,0.03421202649415953,0.7677995466965761,0.07098766732034932
0.5,0.8262160995949831,0.03634837899042148,0.757655864173508,0.05256791903314773
0.6,0.7996541790640079,0.0484877248537304,0.7613350890348165,0.043993791172223594
0.7,0.7901505112594464,0.05945673069434803,0.6632018219623355,0.09870157164685998
0.8,0.6439406976512065,0.03522138202827509,0.5442236051363012,0.1374022972899128
0.9,0.5464708086148542,0.09640585979901431,0.48567395462821406,0.03870746253347911
