,train_ML_f1_mean,train_ML_f1_std,test_ML_f1_mean,test_ML_f1_std
0.1,0.7844277558843669,0.05848527187838078,0.7627568294879383,0.08704045477007341
0.2,0.7601513146193662,0.06015055929896394,0.7422066523810162,0.04464691301514447
0.3,0.7822859038126986,0.0782499859191736,0.7605142049994991,0.07744699964706646
0.4,0.7482994008556829,0.07037844097766978,0.7589845929696866,0.07986215182331732
0.5,0.7748363238651143,0.05410665523581048,0.7346889811315475,0.03239409662445512
0.6,0.7585064101780363,0.06515571790016249,0.7145362795447936,0.0754928160520239
0.7,0.7893195132140212,0.038425705065278766,0.6392662992982687,0.09636167717487924
0.8,0.7261673252368332,0.059999561693984786,0.5621260558565153,0.1404926531894867
0.9,0.6941154345387762,0.10194995438339113,0.42204030933747144,0.07187187340114655
