,train_rmse_mean,train_rmse_std,train_mae_mean,train_mae_std,test_rmse_mean,test_rmse_std,test_mae_mean,test_mae_std
0.3,0.1342522,0.0010723135,0.07963236,0.0018567784,0.13461871,0.001686432,0.08354722,0.0026568018
0.5,0.14330328,0.00057869544,0.08917192,0.0006148829,0.14637324,0.0013691185,0.096715026,0.00093366194
0.7,0.15184839,0.0008796018,0.09941633,0.000871129,0.15616067,0.0020104658,0.108016714,0.0015235854
