,train_ML_rmse_mean,train_ML_rmse_std,test_ML_rmse_mean,test_ML_rmse_std
0.1,0.6319683712416633,0.016700462326211748,0.632161321449809,0.01567505213088817
0.2,0.633031223996203,0.01822901324244007,0.633812482381073,0.015890355714222412
0.3,0.6322691608791362,0.01710046525599728,0.6374821096620594,0.01784162348453225
0.4,0.6342955461238322,0.014480767057581893,0.6413282336452208,0.01824916849083025
0.5,0.6351907583485044,0.015432340421045746,0.6479844711346523,0.017051020858596316
0.6,0.6570301213902748,0.02035525159430845,0.8198348631081898,0.026304140534825268
0.7,0.6622008810929679,0.013039216300604542,0.8068356020972342,0.0337490748080794
0.8,0.6818190866355099,0.014985008482874713,0.9165982086231844,0.031644201687831205
