,train_ML_rmse_mean,train_ML_rmse_std,test_ML_rmse_mean,test_ML_rmse_std
0.1,11.746116974266082,0.31399078662712687,11.835526798046576,0.9484380815582055
0.2,12.194043380740942,0.4827853997073548,12.236003813757112,1.74052595425396
0.3,11.773296204871816,0.4341591102415112,11.758947244054418,1.5571354580267749
0.4,13.680342091037982,0.3150951373163708,13.515955646824825,1.1742377430426123
0.5,13.962334366075305,0.5360018693086706,14.003606033794023,2.115814024037494
0.6,14.581244238055536,0.22245768441258107,14.722279227183213,0.9516397779672104
0.7,15.046627767812595,0.31187507075757614,14.959577500580002,1.5487177605761264
0.8,15.027617490458123,0.2900852119573623,14.963951677030144,1.3899382737355972
0.9,14.881473905741268,0.30604110366814075,14.942809207734305,1.4658054229161062
