,train_ML_rmse_mean,train_ML_rmse_std,test_ML_rmse_mean,test_ML_rmse_std
0.1,13.487410109542576,0.33293230462429085,13.254698294458233,1.2531434860666102
0.2,13.66240411207925,0.48889981559209233,13.393616614428433,1.8041384950031325
0.3,13.006405393806876,0.41772946789176707,12.734715204313412,1.4980734122895667
0.4,14.392875899857984,0.34970109220273576,14.188668057371876,1.2644265863562818
0.5,14.521449534214572,0.4674165175620887,14.285690688543792,1.8547754356652695
0.6,14.842550817788497,0.2404466356354389,14.691270627711726,1.2048624706116833
0.7,15.251605738152708,0.294412139315382,14.981036085937202,1.4884089144801318
0.8,15.200457707880224,0.32152824312406153,14.971880663609344,1.4561189051125403
0.9,15.013022717667564,0.2955718949516326,14.844479700359113,1.5627433887283586
