,train_ML_rmse_mean,train_ML_rmse_std,test_ML_rmse_mean,test_ML_rmse_std
0.1,0.7329535477892759,0.003737384679432428,0.7338130216357575,0.010497619893304758
0.2,0.7105530110632843,0.0031765350520156733,0.7147003970574092,0.010155021142613319
0.3,0.7585570791020295,0.002023527568576254,0.7611449035891186,0.005109554954532067
0.4,0.7140977726745689,0.0021584579604973534,0.717534514322032,0.010060301392472958
0.5,0.7314031375961463,0.0035156070993098954,0.7316311832668898,0.01210487336319188
0.6,1.097024235156961,0.0023266370673545303,1.0986720522618483,0.00629259272111097
0.7,1.1081940201971907,0.002530782235750226,1.1131148005381397,0.00757845193346918
0.8,0.9710949778075524,0.0024579728407671535,0.9727869463003043,0.003419733070375245
