,train_ML_rmse_mean,train_ML_rmse_std,test_ML_rmse_mean,test_ML_rmse_std
0.1,0.6752940453677917,0.0022318483832322626,0.677873579559526,0.008369527563849519
0.2,0.6252922375249023,0.0012793503639214432,0.6312502716875351,0.00588193971792834
0.3,0.6797332734875806,0.002708942729411292,0.6854204275601462,0.008612808184767184
0.4,0.6299391751704835,0.001719421858545341,0.6379967326398962,0.0087138456954287
0.5,0.6384984472344336,0.0029143233536005142,0.646518606821121,0.008661483336003232
0.6,0.938396721996218,0.005522630414765823,0.9427635622565091,0.0061381880041675545
0.7,0.9735072385234732,0.004566766032421889,0.9890878676171647,0.005997503241452599
0.8,0.909890911321992,0.0035177716740500678,0.9152107334475786,0.007029861451823212
