,train_rmse_mean,train_rmse_std,train_mae_mean,train_mae_std,test_rmse_mean,test_rmse_std,test_mae_mean,test_mae_std
0.1,0.32939422,0.008397163,0.25383654,0.015686896,0.31776148,0.037178714,0.24507351,0.04567959
0.2,0.1535472,0.015567612,0.121391535,0.013383091,0.15088996,0.021926638,0.12016513,0.018618444
0.3,0.24415569,0.008582542,0.17997715,0.0052934256,0.23641726,0.010773684,0.1755751,0.010238157
0.4,0.3231405,0.011241738,0.2794275,0.012356478,0.32964906,0.015992977,0.28367096,0.017029176
0.5,0.35294017,0.012667322,0.3166872,0.015398291,0.35088065,0.01719535,0.3143309,0.020983338
0.6,0.16284353,0.0048060506,0.12846848,0.0048020063,0.16312648,0.0074284514,0.12768379,0.007129516
0.7,0.24325886,0.00682807,0.19475137,0.006036627,0.23894691,0.009104881,0.19325517,0.009036822
0.8,0.25648496,0.0075891684,0.20968194,0.0069697015,0.25505236,0.0030186987,0.20879349,0.004113295
