,train_ML_rmse_mean,train_ML_rmse_std,test_ML_rmse_mean,test_ML_rmse_std
0.1,0.7273208080374577,0.003418802776244648,0.7553154338427827,0.009491433727228984
0.2,0.785949938968255,0.004575606094584225,0.8075507006439256,0.006398383253359312
0.3,0.8742978401664118,0.0041225764333566095,0.8704032291462995,0.014850329578415958
0.4,0.9098188361884378,0.005772538284981792,0.9184181885157585,0.011982518904093803
0.5,0.9530409573089141,0.0029398377080210774,0.959243022043378,0.01066110712760082
0.6,1.0239198980775188,0.0022453448680896143,1.0324610109678434,0.008925884226054519
0.7,1.042339219702852,0.0011453886914251398,1.0516112430374673,0.017068138293777742
0.8,1.0236980861716298,0.004271897227333472,1.0326605947847152,0.01272185481937427
0.9,1.1192897424748982,0.0022496954823023577,1.1244710228705581,0.005322106433460601
