,train_ML_rmse_mean,train_ML_rmse_std,test_ML_rmse_mean,test_ML_rmse_std
0.1,0.7571842979485506,0.0013240720584254484,0.7667948679386192,0.009774675470397584
0.2,0.8161051356883771,0.004728597862460191,0.8236972509539496,0.008001121876756575
0.3,0.9026510677660033,0.0020314123889854556,0.8902051138236349,0.011956649836818779
0.4,0.9425899988280732,0.005764090797117909,0.9397303607923607,0.01606264993860504
0.5,0.9890451873091608,0.00197349981224205,0.9867337131556029,0.011928165407164099
0.6,1.0600362493704851,0.0027706934679818693,1.059347384653665,0.010262022692075627
0.7,1.0812366638663486,0.0027668290217481386,1.0840767263415956,0.0187188267697004
0.8,1.0674291523890436,0.0031361732414451446,1.0649475598175535,0.012535737465469207
0.9,1.1516312512038756,0.0021437930408644786,1.1596621868231036,0.008486879442318122
