,train_ML_rmse_mean,train_ML_rmse_std,test_ML_rmse_mean,test_ML_rmse_std
0.1,13.542582396722874,0.11070919774753102,13.455373721278722,0.49073456161469314
0.2,14.345877054941104,0.1465519919320181,14.277082647312971,0.6421475646849796
0.3,15.16885215209831,0.15850606066284392,15.101863489353189,0.7090394566847469
0.4,15.260129036995915,0.1259041768166173,15.209707340188302,0.5368523728833751
0.5,15.856461868533382,0.11389139579900583,15.814391854808736,0.4991736105984057
0.6,16.27385197607359,0.13103890061486442,16.246288811621625,0.7161541573737669
0.7,16.152706850020984,0.14420327848006578,16.12670559287238,0.6236915358843708
0.8,16.58207632253006,0.09991895093047676,16.54732487133738,0.5004384266396845
0.9,16.62589931316178,0.12511652696547454,16.607320725360317,0.7147693678651885
