,train_ML_rmse_mean,train_ML_rmse_std,test_ML_rmse_mean,test_ML_rmse_std
0.1,11.318957004138905,0.15253039553243417,11.436850127783208,0.5352675497441772
0.2,12.120139003418885,0.1802523692684842,12.236220810679269,0.6346201348828616
0.3,12.722048982419308,0.18077987984202482,12.902209002218308,0.6961655159670224
0.4,13.096599068918582,0.18699458326698107,13.297384085379608,0.5651895663320814
0.5,14.209481898373259,0.15124497972026668,14.358835239502374,0.4079153851905445
0.6,14.864297131550689,0.11342285910134896,15.019224998845965,0.42239853488358353
0.7,15.058145923292418,0.11416599358424737,15.155855803963911,0.4694602042775573
0.8,15.962413753461874,0.08157806456592856,16.06202466643871,0.5666174384684264
0.9,16.41129772563654,0.11629364765985617,16.42840406220069,0.5415167850023661
