,train_ML_rmse_mean,train_ML_rmse_std,test_ML_rmse_mean,test_ML_rmse_std
0.1,6.966020606683186,0.11282079029776024,8.788404579813374,0.5050340273907366
0.2,7.76557474151505,0.1537390881233562,9.972405215597945,0.8400046199206602
0.3,8.497849035656136,0.16664603071401954,11.003217449955192,0.7480114818540365
0.4,8.76670864743603,0.14602711540471858,11.473023851479276,0.6849091164735752
0.5,9.789811149209333,0.13350033625781985,13.001042795376097,0.6200888651604104
0.6,10.758859329164144,0.15554373636189242,14.208432512963123,0.6729507312334846
0.7,11.0323920204773,0.1085443834515875,14.324333556591053,0.3918595935796522
0.8,12.540379892057494,0.13096762443631976,15.183404528741084,0.49594321083408754
0.9,14.290212327732878,0.09645320663016359,16.007116919731683,0.24457299743823008
