,train_ML_rmse_mean,train_ML_rmse_std,test_ML_rmse_mean,test_ML_rmse_std
0.1,10.597393879362233,0.45010008623966874,10.597393879362233,0.45010008623966874
0.2,10.597393879362233,0.45010008623966874,10.597393879362233,0.45010008623966874
0.3,10.602439215307454,0.45171914679795927,10.523716241449291,0.4318462515744965
0.4,10.891196586092494,0.4543815727106549,10.91731596699722,0.41882162090872793
0.5,10.769192333246831,0.48860733199060563,10.879548627156998,0.40987731951792516
0.6,11.208606521898972,0.5115620538224636,11.450204646099891,0.3971288011466805
0.7,11.726619811849492,0.4846685280758474,12.787565383195377,0.4852922994891162
0.8,11.524315219314484,0.5424874314365752,12.145858019632907,0.4754591370414034
