,train_ML_rmse_mean,train_ML_rmse_std,test_ML_rmse_mean,test_ML_rmse_std
0.1,10.445794032216414,0.7782817311595428,10.445794032216414,0.7782817311595428
0.2,10.445794032216414,0.7782817311595428,10.445794032216414,0.7782817311595428
0.3,10.4488540160086,0.7755888619217294,10.36730093218355,0.7690108442708253
0.4,10.59724060825738,0.7762266717553586,10.890314420444206,0.7561975268763267
0.5,10.454690887126425,0.7695837123278768,10.50170447418527,0.7825124565664237
0.6,11.226204844640847,0.6824667057442543,13.063579092240468,0.76307343649282
0.7,11.274735991525471,0.6127387111491259,17.451204967400802,0.8206668120023722
0.8,10.808276992336499,0.6244111408855115,12.546456191594809,0.6687314076499239
