,RD,ZR,Mean,KNN,MF,Mice,MisF,XGB,OT,HI,GAIN,Mi,NMi,CSDI
Cali,1.0695193762797548,0.9336808229197938,0.7758923476112254,0.924095331371112,0.7396732512926695,0.7548890139193831,0.737224882370178,0.7551501399051533,0.7963914809200705,0.7319519504763142,0.7618964241931145,2.561479343472816,2.588784906967344,1.1539775415510196
Concre,13.039592002334256,12.150867412281269,10.951079482483834,11.1043783498349,11.029231813627513,10.706933356552568,10.889508175721497,10.739689811791306,11.03545370034328,10.79536466926259,12.06150181035339,14.22068636076333,13.501512881968646,16.69900168902936
Red,0.7213413447834387,0.7061052353386275,0.6584388450881724,0.6610901967662965,0.6584531542625365,0.6522706867745555,0.6510311876528798,0.7007727158492136,0.660700538226975,0.6525425801096343,0.6871455834259941,0.7291485858835134,0.7295295061026839,0.8159655660408383
White,0.810453235699154,0.7993526327615607,0.761181102379998,0.7587677502066561,0.7587180517260298,0.7586881572846033,0.7559169785748958,0.847890122633762,0.7684404613550502,0.7569234782100829,0.7853277175694778,0.8788619106213611,0.818458842543252,0.8856047019768738
Yacht,9.691256746338308,11.787556358684517,9.139990724337833,9.35701814253574,9.478365212645816,9.105431581415331,9.113208925039169,9.203289946900517,9.107769482084834,9.216337536646156,12.3785972110207,11.82595957909803,12.275185076576108,16.08191168900834
