,RD,ZR,Mean,KNN,MF,Mice,MisF,XGB,OT,HI,GAIN,Mi,NMi,CSDI
Bank,0.9365547445255474,0.9205069674850697,0.9248865295288653,0.9708241539482415,0.9511506303915063,0.9788613138686131,0.9861393497013935,0.98614200398142,0.9212528201725283,0.9890617120106171,0.9080637027206372,0.8723450564034506,0.9023065693430657,0.444934306569343
Climate,0.9148148148148147,0.9148148148148147,0.9148148148148147,0.9148148148148147,0.9148148148148147,0.9148148148148147,0.9148148148148147,0.9148148148148147,0.9148148148148147,0.9148148148148147,0.9148148148148147,0.9148148148148147,0.9148148148148147,0.9148148148148147
Qsar,0.7582938388625592,0.7772511848341233,0.8312796208530806,0.8350710900473933,0.823696682464455,0.842654028436019,0.8369668246445497,0.823696682464455,0.8208530805687204,0.8417061611374408,0.7781990521327014,0.7990521327014217,0.8009478672985783,0.6625592417061611
Sonar,0.6401330376940133,0.6677383592017738,0.7688470066518848,0.8068736141906874,0.773059866962306,0.835809312638581,0.8215077605321508,0.7824833702882483,0.7454545454545455,0.8361419068736142,0.7252771618625277,0.7831485587583149,0.8023281596452329,0.45543237250554325
Yeast,0.35930630630630633,0.3995225225225225,0.5457027027027027,0.4650270270270271,0.5288648648648648,0.5261981981981982,0.5302612612612612,0.516081081081081,0.48381081081081073,0.5248558558558558,0.46084684684684685,0.43255855855855857,0.42782882882882883,0.29253153153153155
