,RD,ZR,Mean,KNN,MF,Mice,MisF,XGB,OT,HI,GAIN,Mi,NMi,CSDI
Cali,1.0502453209067046,0.7599512673698221,0.8705636063071236,0.9203195641854173,0.7876170887610667,0.8356119489924032,0.7886371918082347,0.8429863747073705,0.8729537779955183,0.7674827135160265,0.8981214108623787,1.7547536631426706,1.9248697977733351,2.3979884720352476
Concre,17.01199098768077,26.719384768319706,14.581395254334282,14.536395269582943,14.917017770979509,14.248027313559865,14.24980356917439,14.368368678374598,14.625622273230132,14.38094335596457,18.273412153464648,15.035136680978372,15.262270037386553,39.45496312425405
Red,0.7770176588557822,0.7241087255887133,0.756132377765929,0.7251963176031544,0.7487068570377813,0.7662666688757807,0.7843971884124565,0.756132377765929,0.7360191280391221,0.7756710532639364,0.7500827346306025,0.9261729902075746,0.913227628999671,5.56574912907636
White,0.8579865097775989,0.8327316044454672,0.7931414458895258,0.790485324621607,0.7977058659461319,0.7978828530661735,0.8041857615673752,0.7931414458895258,0.7962488528877227,0.7897519426974875,0.8245601350421646,0.9241264670612315,0.8813415477050983,6.0107800641908415
Yacht,14.268206771696072,14.934396971263158,14.01411837657827,14.113224065368252,14.100989411094508,14.031594667833579,14.090333356925106,14.184498254415246,14.070720135374756,14.212587678935108,14.211056184350838,14.532731989141931,14.631802348885989,18.29313171139626
