,train_ML_f1_mean,train_ML_f1_std,test_ML_f1_mean,test_ML_f1_std
0.1,0.9867555926938936,0.014416420893066367,0.9665509173774106,0.01367650661243377
0.2,0.9205977392231901,0.06087458211506038,0.7801053137365251,0.03329988300189323
0.3,0.9525373051589675,0.03697447727560389,0.8796225988462687,0.026787638372403014
0.4,0.960792165616357,0.01622315949984144,0.8509388761896792,0.038329502023542524
0.5,0.941353460071017,0.023194412011701655,0.8150944564310049,0.06543261137461057
0.6,0.8000557303605861,0.07062399664845727,0.45477603447882,0.024828287342545163
0.7,0.8600415342265698,0.05214311592690569,0.7549470672867562,0.0413885568589329
0.8,0.8073291721288879,0.09987391490869124,0.46945823741298626,0.03795385710626789
