,train_ML_f1_mean,train_ML_f1_std,test_ML_f1_mean,test_ML_f1_std
0.1,0.3791904941734246,0.028584670144545733,0.34882742485192186,0.018800194743973053
0.2,0.3145646618372585,0.03442178145753122,0.26794710045655346,0.03558705665601689
0.3,0.269104313815617,0.01568770884908233,0.2330557711928737,0.04372762787506641
0.4,0.19879766159360052,0.012548323724982907,0.21231038615145162,0.026404154726032487
0.5,0.15884333135520542,0.006535886124292133,0.1633045809497535,0.008206781874413982
0.6,0.17031898504123427,0.011350613155094594,0.17014512445264218,0.030793494648332326
0.7,0.10881598360137837,0.00580515716907168,0.10524115218088163,0.008695914683228473
0.8,0.09022248353844813,0.004424125024790237,0.0889799046530331,0.016985299207623584
0.9,0.08026545811347767,0.0017967159450591917,0.08268297220719197,0.010770496753777654
