,train_ML_f1_mean,train_ML_f1_std,test_ML_f1_mean,test_ML_f1_std
0.1,0.5850368692420107,0.0678210907279917,0.6247144476436083,0.10138644532034598
0.2,0.553135032962248,0.04014921702059453,0.5361834849389873,0.04974659204542624
0.3,0.5674221987802041,0.0559668785224168,0.5144809996316452,0.0753610374800037
0.4,0.518619376055127,0.08361512239037365,0.4776858435681965,0.006069967429577366
0.5,0.5146000502919801,0.0468793356682435,0.4776858435681965,0.006069967429577366
0.6,0.4776858435681965,0.006069967429577366,0.4987197116608881,0.038832442878835076
0.7,0.4771642556226735,0.006733258822546334,0.47411432914262,0.006565056758654037
0.8,0.4776858435681965,0.006069967429577366,0.4771642556226735,0.006733258822546334
0.9,0.4776858435681965,0.006069967429577366,0.4776858435681965,0.006069967429577366
