,train_ML_f1_mean,train_ML_f1_std,test_ML_f1_mean,test_ML_f1_std
0.1,0.4771642556226735,0.006733258822546334,0.522537722735271,0.05882690280480906
0.2,0.4776858435681965,0.006069967429577366,0.5162208262384644,0.04791772795158865
0.3,0.4776858435681965,0.006069967429577366,0.528069232998239,0.10381534577001968
0.4,0.4776858435681965,0.006069967429577366,0.4924857525540352,0.02947964332676677
0.5,0.4776858435681965,0.006069967429577366,0.4766625833818708,0.006536546687704701
0.6,0.4776858435681965,0.006069967429577366,0.5008468628756717,0.04305577872359773
0.7,0.4776858435681965,0.006069967429577366,0.48290728363393554,0.014787603045021334
0.8,0.4776858435681965,0.006069967429577366,0.4766625833818708,0.006536546687704701
0.9,0.4776858435681965,0.006069967429577366,0.4776858435681965,0.006069967429577366
