,train_ML_rmse_mean,train_ML_rmse_std,test_ML_rmse_mean,test_ML_rmse_std
0.1,0.5908182052514493,0.005090393865125029,0.6945354332517473,0.019456457684838235
0.2,0.606316206004111,0.00717854451067356,0.7170462851733947,0.028234139195207064
0.3,0.6062102380549155,0.006154178551579141,0.7189102582379644,0.017021829685896495
0.4,0.6377815690194886,0.008235152115696219,0.7656687141725743,0.023631124786791864
0.5,0.6220476204566824,0.007245227471565981,0.7464539177496488,0.024382657820380623
0.6,0.6473628574535933,0.006943801896060065,0.7715423812434962,0.023864209994948125
0.7,0.6937773309079687,0.00769337420319298,0.8130969807432015,0.020880649241106115
0.8,0.7313749529911286,0.010117324966137715,0.8374568851633709,0.03467237305046206
0.9,0.7701930396347041,0.01007532828621474,0.8357110252072465,0.03965508314008087
