,train_rmse_mean,train_rmse_std,train_mae_mean,train_mae_std,test_rmse_mean,test_rmse_std,test_mae_mean,test_mae_std
0.1,0.2183708766175779,0.0027346874120113118,0.1763460080386817,0.0016303443802118437,0.2168662764916725,0.009927004403350995,0.17529472574217442,0.00715787864965727
0.2,0.2207876420165915,0.0024888050729724646,0.1791788361686666,0.0022769231384301004,0.21975574711765047,0.006877328943902228,0.17859385302315503,0.00646743699405959
0.3,0.21383302540469112,0.001776539823166755,0.172800869726715,0.0012931500247256305,0.21351528081608998,0.005943267199423436,0.17252627159346998,0.004995700594036361
0.4,0.2177881469536998,0.0033719806775826863,0.1748361777821432,0.0014519042745020521,0.21668791586849118,0.0035306966184991307,0.17420713159248277,0.0025149112462421273
0.5,0.2584713683654136,0.005396442287833284,0.19611604628052345,0.0031594969598477732,0.26061162438373897,0.006812596241107579,0.1973889056503741,0.003860759674869194
0.6,0.25937084753060746,0.006709649430618984,0.20022895041703226,0.0036718634708460705,0.26610583818887007,0.00538829886783789,0.20536836087255184,0.0026246246398253285
0.7,0.24347755816560487,0.00520155077317509,0.18831654101981654,0.002235387206024834,0.2435713782403845,0.010078368419270314,0.1872601472723229,0.006182022071640205
0.8,0.23563308658136814,0.006689194097003426,0.18536889815370983,0.001670423506476097,0.24368033936342165,0.010726685994905442,0.18760458410555922,0.0027861414312503625
0.9,0.22925467067856173,0.0012958373910422908,0.17963419408457762,0.0011945492647147267,0.230248942262708,0.0030015079746001957,0.17978603624204645,0.0036141799771006616
