,train_ML_rmse_mean,train_ML_rmse_std,test_ML_rmse_mean,test_ML_rmse_std
0.1,0.7322573382841601,0.008396646564470386,0.7957719429296407,0.0088570387495851
0.2,0.7353002491788652,0.008325214803740688,0.8473461217961269,0.008418508751684069
0.3,0.7396732512926695,0.008938886945928795,0.9250058791546933,0.011668107958451069
0.4,0.7583996002207941,0.007398805390784513,0.9976365506824176,0.011409070165015458
0.5,0.7815389619297717,0.010954756456498215,1.1014738531841664,0.016105832281364592
0.6,0.7844792595154868,0.00830844879457341,1.0985800817497622,0.01211415883349304
0.7,0.8273123076721675,0.011234894839028824,1.3109779188821342,0.04450157536214777
0.8,0.842212837238509,0.017451388063187738,1.2013743358756908,0.02127974673835603
0.9,0.8343221551781774,0.018975765909354816,1.1969466420617692,0.011253643796839305
