,train_ML_rmse_mean,train_ML_rmse_std,test_ML_rmse_mean,test_ML_rmse_std
0.1,0.8063764932040606,0.0060845121384317325,0.8076074103767492,0.018742359983714603
0.2,0.8475871301538147,0.011056951720348058,0.8458419039467605,0.016038619457944166
0.3,0.9026288418737858,0.024127661537006653,0.9028177720063821,0.028254327627507268
0.4,0.9468576024251169,0.010148611903918352,0.9465856628389142,0.016823070495602967
0.5,0.9930850183212285,0.006135964998205189,0.9975269564266623,0.007728233323693019
0.6,1.0753464300086857,0.023325599781462984,1.0747773436404802,0.027337248548417285
0.7,1.1071425535367179,0.019361046474921765,1.1110557457037875,0.024687434379897802
0.8,1.0759847563115796,0.009203457437390025,1.0807675461745625,0.01777753964557013
0.9,1.137610729776538,0.003233430762326698,1.1396049288059587,0.006737879368325976
