,train_rmse_mean,train_rmse_std,train_mae_mean,train_mae_std,test_rmse_mean,test_rmse_std,test_mae_mean,test_mae_std
0.1,0.18034962,0.027861899,0.100004435,0.018169047,0.18180718,0.027276538,0.100045405,0.018079871
0.2,0.13185228,0.009851467,0.080857314,0.00603414,0.13172023,0.011207375,0.080855526,0.0070605343
0.3,0.14363346,0.0060828617,0.088775404,0.0045305393,0.1437619,0.007354833,0.08860712,0.0051464573
0.4,0.16210885,0.035171203,0.099476725,0.023640981,0.16312191,0.0330862,0.099977426,0.022047415
0.5,0.15291934,0.020943103,0.09017426,0.011472147,0.15346617,0.02160887,0.090427615,0.012080956
0.6,0.2054503,0.038548753,0.12534934,0.022193853,0.20707348,0.038569275,0.12640044,0.022744572
0.7,0.22861965,0.048079077,0.13987271,0.028796373,0.22632453,0.046949428,0.13828114,0.027776755
0.8,0.22617319,0.024139497,0.1375974,0.014064411,0.22621866,0.024204621,0.13773626,0.014364639
0.9,0.2423434,0.04086596,0.14891016,0.026513238,0.24209848,0.039925683,0.14866653,0.025947364
