,train_ML_rmse_mean,train_ML_rmse_std,test_ML_rmse_mean,test_ML_rmse_std
0.1,0.8942751870116089,0.013012742904622437,0.9843692729857315,0.028462429126157672
0.2,0.9104640622988022,0.012781480912044601,0.9843692729857315,0.028462429126157672
0.3,0.905160011471069,0.013194989300908304,0.9843692729857315,0.028462429126157672
0.4,0.8997064975740022,0.013783428468695428,0.9843692729857315,0.028462429126157672
0.5,0.9087424904719986,0.011210990688750741,0.9843692729857315,0.028462429126157672
0.6,0.8985918860641208,0.013442760086408037,0.9843692729857315,0.028462429126157672
0.7,0.9059288941828519,0.014593629645787708,0.9843692729857315,0.028462429126157672
0.8,0.8875384443953397,0.013319600633127204,0.9843692729857315,0.028462429126157672
