,random,zero,mean,knn,mice,XGB,missforest,mf,hyper,gain,notmiwae,miwae,tabcsdi,ot
0.1,0.65855,0.65079,0.65109,0.65048,0.65067,0.65081,0.64935,0.65248,0.65032,0.67646,0.66397,0.66413,0.80579,0.65395
0.2,0.67777,0.65354,0.65486,0.65319,0.65344,0.65520,0.65088,0.65724,0.65306,0.67243,0.66472,0.66766,0.80348,0.65292
0.3,0.66851,0.65322,0.65051,0.65117,0.65225,0.65308,0.64892,0.65274,0.65012,0.67299,0.66430,0.66182,0.80254,0.65351
0.4,0.64898,0.64948,0.64866,0.64948,0.64945,0.64985,0.64926,0.64852,0.64944,0.67668,0.65930,0.65305,0.80633,0.64889
0.5,0.70516,0.65227,0.67676,0.66646,0.66056,0.66492,0.66927,0.67774,0.66892,0.68181,0.67927,0.67457,0.79886,0.68317
0.6,0.66499,0.65001,0.66604,0.66539,0.66585,0.66515,0.66637,0.66546,0.66548,0.68589,0.68073,0.67822,0.80122,0.66721
0.7,0.66685,0.65487,0.66565,0.66411,0.66311,0.66302,0.66571,0.66645,0.66420,0.68339,0.68288,0.68019,0.80139,0.66642
0.8,0.66415,0.66003,0.66273,0.66300,0.66339,0.66288,0.66260,0.66331,0.66443,0.68783,0.68461,0.68139,0.80108,0.66336
