,random,zero,mean,knn,mice,XGB,missforest,mf,hyper,gain,notmiwae,miwae,tabcsdi,ot
0.1,0.64333,0.63169,0.63760,0.63413,0.63304,0.63367,0.63385,0.63882,0.63493,0.67609,0.66975,0.66433,0.87191,0.64195
0.2,0.66655,0.63237,0.64290,0.64503,0.63958,0.64173,0.64209,0.64472,0.64415,0.67554,0.66921,0.67091,0.85286,0.64675
0.3,0.65754,0.63413,0.63687,0.63548,0.63473,0.63618,0.63852,0.63719,0.63562,0.66898,0.66390,0.66067,0.85632,0.64015
0.4,0.64623,0.63586,0.63655,0.63931,0.63712,0.63747,0.63797,0.63846,0.63956,0.67800,0.66156,0.65758,0.86152,0.63906
0.5,0.65939,0.63511,0.64167,0.64921,0.64524,0.64735,0.64625,0.64315,0.64905,0.68503,0.67363,0.67445,0.83964,0.65101
0.6,0.67767,0.64410,0.67308,0.67400,0.67147,0.67206,0.67066,0.67387,0.67343,0.70274,0.68498,0.68083,0.84086,0.67866
0.7,0.67843,0.64121,0.66686,0.67166,0.66730,0.66458,0.66913,0.67072,0.67093,0.70056,0.69014,0.68816,0.84165,0.67296
0.8,0.67844,0.66493,0.66230,0.66636,0.66085,0.66492,0.66595,0.66123,0.67226,0.70345,0.69150,0.67966,0.84022,0.67155
