,random,zero,mean,knn,mice,XGB,missforest,mf,hyper,gain,notmiwae,miwae,tabcsdi,ot
0.1,0.66759,0.65990,0.66939,0.66441,0.66361,0.66655,0.66692,0.67164,0.66759,0.71655,0.67734,0.67667,115175.61467,0.67325
0.2,0.68719,0.66734,0.67731,0.68145,0.67767,0.68170,0.67328,0.68331,0.67928,0.71294,0.67870,0.68471,121323.29721,0.67093
0.3,0.68202,0.66411,0.66967,0.66342,0.67017,0.66767,0.66611,0.67305,0.66784,0.69941,0.68352,0.68374,115503.51584,0.66730
0.4,0.66370,0.65976,0.67830,0.67458,0.66341,0.67148,0.67931,0.67576,0.67134,0.72250,0.67821,0.67181,113988.17447,0.67487
0.5,0.70937,0.66601,0.70081,0.69112,0.68873,0.69400,0.69347,0.70088,0.69162,0.72866,0.69618,0.69113,111682.17119,0.70504
0.6,0.68889,0.65733,0.70030,0.70736,0.69677,0.68856,0.69608,0.69135,0.69987,0.72365,0.70374,0.69343,108185.69879,0.70205
0.7,0.69357,0.66621,0.71192,0.71260,0.69141,0.68983,0.70007,0.70781,0.70534,0.72868,0.69780,0.70112,108299.64496,0.70995
0.8,0.70030,0.66999,0.68389,0.69780,0.67287,0.67753,0.69860,0.68710,0.70859,0.71492,0.69654,0.69785,102965.17701,0.69828
