,RD,ZR,Mean,KNN,MF,Mice,MisF,XGB,OT,HI,GAIN,Mi,NMi,CSDI
0.1,0.55153,0.0516,0.14449,0.09066,0.14509,0.07945,0.08832,0.08413,0.17632,0.10074,0.07809,0.08512,0.09295,0.12664
0.2,0.53287,0.06081,0.20576,0.14648,0.20815,0.13797,0.16559,0.13859,0.22178,0.16494,0.1803,0.13979,0.1525,0.16533
0.3,0.50719,0.08085,0.16907,0.1242,0.17296,0.10717,0.11144,0.11067,0.19877,0.12699,0.10846,0.11303,0.11718,0.12417
0.4,0.51172,0.08202,0.22555,0.15023,0.21914,0.13826,0.17443,0.14113,0.25007,0.15991,0.16024,0.15644,0.15891,0.15261
0.5,0.4868,0.11447,0.25803,0.19661,0.2532,0.16907,0.19993,0.17501,0.27625,0.20069,0.20537,0.19058,0.19782,0.18251
0.6,0.47312,0.15995,0.25018,0.20972,0.25283,0.19124,0.22371,0.19915,0.27067,0.22611,0.23235,0.20198,0.22316,0.12992
0.7,0.45765,0.17768,0.20871,0.18187,0.18894,0.16755,0.17917,0.1711,0.2298,0.19436,0.17711,0.15482,0.17526,0.1092
0.8,0.45022,0.203,0.25182,0.21444,0.2383,0.19492,0.23395,0.19064,0.27221,0.23691,0.24465,0.20057,0.21971,0.11147
