,mean,knn,mice,XGB,missforest,mf,hyper,gain,notmiwae,miwae,tabcsdi,ot
0.1,0.14449 ± 0.004,0.09066 ± 0.008,0.07945 ± 0.004,0.08413 ± 0.005,0.08832 ± 0.006,0.14509 ± 0.005,0.10074 ± 0.002,0.07809 ± 0.010,0.09295 ± 0.004,0.08512 ± 0.008,0.12664 ± 0.006,0.17632 ± 0.008
0.2,0.20576 ± 0.003,0.14648 ± 0.006,0.13797 ± 0.004,0.13859 ± 0.004,0.16559 ± 0.011,0.20815 ± 0.006,0.16494 ± 0.015,0.18030 ± 0.044,0.15250 ± 0.007,0.13979 ± 0.009,0.16533 ± 0.007,0.22178 ± 0.008
0.3,0.16907 ± 0.003,0.12420 ± 0.005,0.10717 ± 0.005,0.11067 ± 0.004,0.11144 ± 0.006,0.17296 ± 0.008,0.12699 ± 0.004,0.10846 ± 0.018,0.11718 ± 0.012,0.11303 ± 0.017,0.12417 ± 0.003,0.19877 ± 0.005
0.4,0.22555 ± 0.003,0.15023 ± 0.005,0.13826 ± 0.003,0.14113 ± 0.002,0.17443 ± 0.004,0.21914 ± 0.008,0.15991 ± 0.003,0.16024 ± 0.023,0.15891 ± 0.013,0.15644 ± 0.006,0.15261 ± 0.010,0.25007 ± 0.006
0.5,0.25803 ± 0.002,0.19661 ± 0.004,0.16907 ± 0.002,0.17501 ± 0.005,0.19993 ± 0.004,0.25320 ± 0.007,0.20069 ± 0.006,0.20537 ± 0.040,0.19782 ± 0.008,0.19058 ± 0.006,0.18251 ± 0.009,0.27625 ± 0.011
0.6,0.25018 ± 0.004,0.20972 ± 0.003,0.19124 ± 0.003,0.19915 ± 0.002,0.22371 ± 0.005,0.25283 ± 0.006,0.22611 ± 0.005,0.23235 ± 0.017,0.22316 ± 0.005,0.20198 ± 0.007,0.12992 ± 0.007,0.27067 ± 0.006
0.7,0.20871 ± 0.002,0.18187 ± 0.004,0.16755 ± 0.005,0.17110 ± 0.004,0.17917 ± 0.006,0.18894 ± 0.002,0.19436 ± 0.003,0.17711 ± 0.039,0.17526 ± 0.009,0.15482 ± 0.012,0.10920 ± 0.006,0.22980 ± 0.004
0.8,0.25182 ± 0.003,0.21444 ± 0.002,0.19492 ± 0.003,0.19064 ± 0.005,0.23395 ± 0.009,0.23830 ± 0.006,0.23691 ± 0.008,0.24465 ± 0.027,0.21971 ± 0.007,0.20057 ± 0.011,0.11147 ± 0.005,0.27221 ± 0.005
