,train_rmse_mean,train_rmse_std,train_mae_mean,train_mae_std,test_rmse_mean,test_rmse_std,test_mae_mean,test_mae_std
0.1,0.5804725921216717,0.002272808628059593,0.5747296033091743,0.002079453798796199,0.5836853845840961,0.008365470579179756,0.5781977713847606,0.00986051598464532
0.2,0.43673105911772103,0.0036746531317261187,0.3995522585871808,0.004201309259127734,0.4347802785093878,0.014227515639266405,0.3975360387809098,0.014725207560094367
0.3,0.522830226501686,0.001961439824057399,0.5103357431657427,0.002105499395449823,0.5210553831872994,0.010188673772282204,0.5087813765672475,0.010655050134559592
0.4,0.4525965834619057,0.0046705679847193916,0.3931288282367896,0.004876032025434293,0.45436003085664806,0.02036942333807577,0.39352093446266545,0.017073467467947013
0.5,0.3476543520801864,0.008034137703897798,0.3063573107782524,0.008153053958811314,0.34553190623906394,0.01446398817353456,0.30581104818746885,0.013533187105986116
0.6,0.49152646725224197,0.004205852295823624,0.4144404502452687,0.004019060931443803,0.48990855758446594,0.01585513600967026,0.41310795822444424,0.013245163871111448
0.7,0.2971156726461556,0.003832700875603747,0.26909411911568526,0.004009737775008347,0.2986773216594011,0.004173562049326244,0.2704410895084168,0.0053971385357502715
0.8,0.4203783508836258,0.007772675950893475,0.39153740809837223,0.006561025124964758,0.4210884756436116,0.020796560823960815,0.39238265874598727,0.019059645313333765
