,train_rmse_mean,train_rmse_std,train_mae_mean,train_mae_std,test_rmse_mean,test_rmse_std,test_mae_mean,test_mae_std
0.3,0.10635547,0.002861375,0.053340964,0.00079284806,0.11434466,0.0044157826,0.056871016,0.005578822
0.5,0.13130027,0.0034246237,0.07033617,0.0020758456,0.13937107,0.003380738,0.07201131,0.0035450887
0.7,0.15602091,0.005102835,0.0844489,0.002211794,0.15668039,0.006979262,0.08565116,0.0027965265
