,train_rmse_mean,train_rmse_std,train_mae_mean,train_mae_std,test_rmse_mean,test_rmse_std,test_mae_mean,test_mae_std
0.1,0.11507966,0.002759445,0.06833991,0.0015246001,0.12982205,0.009022051,0.080320574,0.0041856524
0.2,0.116383865,0.0018550222,0.06837054,0.0010543857,0.1289171,0.007140367,0.078495406,0.0034416395
0.3,0.12554105,0.0010124265,0.07330125,0.0010461848,0.13324626,0.0027168111,0.07926214,0.0022792278
0.4,0.12490058,0.001182217,0.07445749,0.0006328134,0.13069338,0.004043863,0.07845612,0.0020153064
0.5,0.12116317,0.001521309,0.07598938,0.0009776753,0.12551752,0.004542307,0.079549536,0.0029613846
0.6,0.119413696,0.00033533547,0.07760002,0.0003118222,0.12335934,0.0018760937,0.08059373,0.0023841085
0.7,0.12800519,0.0015514811,0.07923635,0.00065257703,0.13027434,0.004235757,0.08180342,0.002208006
0.8,0.13024667,0.001714304,0.08067835,0.0010533961,0.13262296,0.005058734,0.08284441,0.00359453
0.9,0.13292213,0.0016945235,0.083082385,0.0009777936,0.13647303,0.0052643605,0.087456584,0.0039024658
