,train_ML_f1_mean,train_ML_f1_std,test_ML_f1_mean,test_ML_f1_std
0.1,0.8541409590521181,0.008202638265933282,0.8393901383678694,0.03584832129088974
0.2,0.8435757760596557,0.009520428929218562,0.816587964330669,0.03590788846790493
0.3,0.8414998553148795,0.012745847148010896,0.8021273786620338,0.03418676228168725
0.4,0.8168134928498869,0.01193577384700985,0.7904674309360757,0.036489715952626074
0.5,0.8265423292080515,0.010123972406570824,0.7877599843718396,0.04567730028804951
0.6,0.7979560164732609,0.00678321077161861,0.7534257053418905,0.04722189128777501
0.7,0.7429258216585239,0.009442928452605505,0.7093253759697327,0.04302053931350771
0.8,0.718781823145287,0.015884174675401624,0.6720249450319233,0.05000914809977609
0.9,0.6052901772347496,0.017838106469750425,0.5290929855545216,0.060975745051552475
