,train_ML_f1_mean,train_ML_f1_std,test_ML_f1_mean,test_ML_f1_std
0.1,0.80800083518895,0.007108426141954351,0.800618901604406,0.044719654102191836
0.2,0.7969715845493603,0.008711141418423026,0.7862045312324907,0.040323559387331516
0.3,0.7831385324897762,0.00663062793828131,0.7699039802896696,0.04948805293201531
0.4,0.7624806127063029,0.01038451645983826,0.7447460918840941,0.037858883230193624
0.5,0.7644238431321948,0.017883637740225455,0.7521226826311472,0.06429664157905181
0.6,0.7223977046697169,0.004579701083480799,0.702094636348391,0.04359338359434248
0.7,0.6501487955787988,0.0105046835930171,0.6413690875369958,0.04673069251035143
0.8,0.6026899247453399,0.015575967680811598,0.5972477598385023,0.06807718941099444
0.9,0.4695126672979887,0.014038363417080924,0.4869963496640457,0.048202756207496
