,train_ML_f1_mean,train_ML_f1_std,test_ML_f1_mean,test_ML_f1_std
0.1,0.838101897422286,0.005672693541719809,0.8295051117077671,0.03672036081335409
0.2,0.8241586416178341,0.005999178571940582,0.8148720637901624,0.032256801923760466
0.3,0.8123646493628369,0.007337220424036688,0.7957494385554617,0.04087835764572601
0.4,0.7871934525684873,0.010665913170979868,0.7648380817345165,0.04272792768932603
0.5,0.7834675138404357,0.012931919292074908,0.7645469835161662,0.05800066711558954
0.6,0.7507353608316893,0.007761361609327695,0.7136972287634309,0.04320345926879731
0.7,0.6672829727465478,0.016001673710034536,0.6425047305633514,0.016177228820559702
0.8,0.5535914975764963,0.030698614222053063,0.5356333249899379,0.05989727195515952
0.9,0.39808541184250207,0.0033632619056764585,0.39842406976903394,0.007541615391697323
