,train_ML_f1_mean,train_ML_f1_std,test_ML_f1_mean,test_ML_f1_std
0.1,0.8089480697283902,0.052408114526768586,0.8097710690868587,0.06459890730395625
0.2,0.8005163115048948,0.045629510791715046,0.7903491536204982,0.07024839161110198
0.3,0.7698525842043171,0.04936817403765227,0.7403243670452891,0.03829083170999283
0.4,0.7801541868983729,0.05719199402759384,0.7269620312105003,0.07576621996223287
0.5,0.7576915648850633,0.07268480908047943,0.6463692419454226,0.09235613361869129
0.6,0.7308990479630514,0.058936268520302065,0.643451858347419,0.0715452651502845
0.7,0.7363951863951863,0.0703603749308304,0.6389316740605115,0.04857162582092467
0.8,0.6378294018081683,0.09700657857029348,0.49276979734122595,0.07569248078502186
0.9,0.46761620699002104,0.09471052471624616,0.5296345141430951,0.08782532011611327
