,train_ML_f1_mean,train_ML_f1_std,test_ML_f1_mean,test_ML_f1_std
0.1,0.18127624745253712,0.02035229809170013,0.1834748858824043,0.021587636406503796
0.2,0.17259608634108572,0.03547558587254627,0.16391194818680516,0.03088476327545324
0.3,0.14137397429154158,0.009798231742392078,0.14473348457920743,0.008201506157058225
0.4,0.13175648409999435,0.00466536652651529,0.1358797331315722,0.006848182154401134
0.5,0.11841634634554625,0.008416661242191719,0.12136543549173448,0.008414255250069955
0.6,0.11456629530471416,0.005765667932428452,0.12179818191876488,0.011283609090527415
0.7,0.1017670476987242,0.009386960030769899,0.10349233242226644,0.008477584966928967
0.8,0.08670922219014038,0.018374183767191573,0.08607360463985637,0.02608357559232164
0.9,0.08935829302019704,0.014103382066378178,0.08964551300037286,0.01792361735527206
