,train_ML_f1_mean,train_ML_f1_std,test_ML_f1_mean,test_ML_f1_std
0.1,0.13380664432561107,0.008507914389112057,0.14040544781009082,0.009834589202289456
0.2,0.11497283187865907,0.013809691824130294,0.12650243768361635,0.015507181532506156
0.3,0.12519772598973977,0.0020676240865381995,0.12955812937398173,0.017735863054798982
0.4,0.1142791125737495,0.00998217819813027,0.11541715945689576,0.01876974542828444
0.5,0.0954660255145579,0.016456727501659572,0.09809532028621923,0.010542278890688539
0.6,0.0919195130005673,0.007156626324048073,0.10100118078600606,0.016272513439828287
0.7,0.08507449594360256,0.010101435278832338,0.08352202029715423,0.008332639949651846
0.8,0.0648696011546032,0.00737278417237777,0.07076194528084774,0.01833568467104635
0.9,0.0804899597234699,0.00989414705904174,0.08030943395266524,0.009168861861373867
