,train_ML_f1_mean,train_ML_f1_std,test_ML_f1_mean,test_ML_f1_std
0.1,0.7891633989779495,0.09033962742273753,0.7963189005259161,0.09239256481542044
0.2,0.7560363947909887,0.06356263177826266,0.7822218900826472,0.08415174981585818
0.3,0.7175876547163672,0.07180780710070378,0.7902725381414701,0.0907109768408731
0.4,0.6812878858600628,0.05090116864591007,0.7834213429449142,0.05857796414899269
0.5,0.7744793043347478,0.08060599137692379,0.7854952694751213,0.050205263845952815
0.6,0.6722903387969367,0.0819459750951746,0.7219578628126448,0.05984039017339414
0.7,0.7653305852342994,0.06861571519652297,0.7082954921098874,0.07654628134638974
0.8,0.7388535335766498,0.04391159892231559,0.6735773493448072,0.05584342687230143
