,train_ML_f1_mean,train_ML_f1_std,test_ML_f1_mean,test_ML_f1_std
0.1,0.553875892067455,0.025987102909469876,0.4756083133710227,0.02225855866137442
0.2,0.5315349173660737,0.027463049483834278,0.4481933501108343,0.03157938951058309
0.3,0.5745903191464447,0.02001578166941466,0.5178079509226805,0.030559596697871276
0.4,0.6517221541366036,0.0137324797023826,0.5940536566564545,0.01977226782508362
0.5,0.6816760788276331,0.00850969324581078,0.6399749386297955,0.017158250939771434
0.6,0.4723525724465614,0.03155884970654788,0.41585107449798525,0.03890196118955031
0.7,0.6094027251519135,0.01014913669075613,0.5542420138225216,0.030772839962895523
0.8,0.47593717164017313,0.012124612272681745,0.4127157505163698,0.015337931038578176
0.9,0.515995656247576,0.007361781973337648,0.465376603968876,0.01859589709110926
