,train_ML_f1_mean,train_ML_f1_std,test_ML_f1_mean,test_ML_f1_std
0.1,0.5346077121621341,0.013039762590640071,0.5259166199240545,0.03778260875732797
0.2,0.5329831237580139,0.012767802719838536,0.5413059375851764,0.021149467581197817
0.3,0.5367806698170162,0.008079627263926765,0.5642023975126177,0.015591445536900953
0.4,0.5356067761015681,0.011035377222901759,0.5124087353629427,0.024215754231171494
0.5,0.5229052853355349,0.01632319582721814,0.5119639149631592,0.025123727986534602
0.6,0.5243798067813163,0.008853937643943327,0.49963584042379194,0.019685322702213046
0.7,0.5079858363419071,0.03335641029022863,0.5093741838380281,0.0428263980734835
0.8,0.5072422902452605,0.014229098622076946,0.49173651462015233,0.033653307960953095
0.9,0.48612155629563797,0.0213492199690284,0.47683476525032786,0.02634916949352657
