,train_ML_f1_mean,train_ML_f1_std,test_ML_f1_mean,test_ML_f1_std
0.1,0.9500718917736046,0.005888903271900686,0.7124528543281285,0.03335104580879816
0.2,0.9810837727850386,0.0036960413003622643,0.6440902293795672,0.024851900499883364
0.3,0.98648277556393,0.0027920429496957255,0.6652090566523328,0.016980140911278325
0.4,0.9795442312206422,0.007971278963109842,0.6454912619364187,0.035357248188401
0.5,0.9768998221238224,0.005287563151740312,0.6218753916390855,0.027342112516434074
0.6,0.9578375261542694,0.006075060331874534,0.6065933621824006,0.02305514616772167
0.7,0.9172283568496354,0.0033422187191803504,0.5875865377065976,0.04721297841164562
0.8,0.8426928505232757,0.01640162797608262,0.5293497288066404,0.017714681658289363
0.9,0.6965384314658047,0.02106052297177671,0.5438514288478083,0.025533389895508577
