,train_ML_f1_mean,train_ML_f1_std,test_ML_f1_mean,test_ML_f1_std
0.1,0.7373417199840736,0.006954871650878064,0.6945554599217301,0.037492763763772606
0.2,0.6911436391342949,0.007528387345887752,0.6368929400206174,0.04000394248337895
0.3,0.694498532929215,0.0060972190493968,0.6672295805354144,0.037497295950044085
0.4,0.7254309375881466,0.014036948821275645,0.6832580771532528,0.03457135440863043
0.5,0.6825775420169098,0.01035226856423034,0.6328917330585162,0.018131145272256576
0.6,0.6631445887253004,0.007664004880256799,0.5863199270036649,0.03890076164008166
0.7,0.6439017392197692,0.014649402162471445,0.6066531501901224,0.047520874509505345
0.8,0.5863759981225243,0.025897194531186277,0.5326882417328329,0.02459711965050912
0.9,0.6122451431277032,0.021749563967182268,0.5391932394536613,0.019168073695424295
