,train_ML_rmse_mean,train_ML_rmse_std,test_ML_rmse_mean,test_ML_rmse_std
0.1,0.6262479219757562,0.007870131249386987,0.6265990871916235,0.008670722306239113
0.2,0.6428515698797204,0.005925944257236581,1.2438836285271093,0.1198341472624494
0.3,0.6268372756949667,0.007884150205320213,0.6278877772726779,0.008774760086623078
0.4,0.6547432970616937,0.008826664352444053,1.5276264343264052,0.21541491046073313
0.5,0.6598933966013676,0.007561181556531259,1.6598272221711716,0.25265359883366545
0.6,1.1877353403741124,0.1015053580581275,2.9910918013883796,0.35004891435392205
0.7,1.3165747889921104,0.05947291526902498,2.91278129828606,0.41956066094510575
0.8,1.4510092196291589,0.16482919868534054,1.9655356936123158,0.07908287513088973
