,train_ML_rmse_mean,train_ML_rmse_std,test_ML_rmse_mean,test_ML_rmse_std
0.1,0.6753911194254639,0.0069831420233485994,0.6749455301868256,0.007463463123651395
0.2,0.6797559532472176,0.005982063700094995,0.6712589298760159,0.0073398413310264135
0.3,0.675900316087829,0.007077909442885668,0.6746498187824045,0.00710412582533224
0.4,0.6812178567390215,0.006979985925538426,0.6748276461048295,0.007582206611987979
0.5,0.6857246425442792,0.00700670807718004,0.686460087601983,0.007033587941759404
0.6,1.3069461087509981,0.030419103110405434,1.485208822196849,0.030416561461286042
0.7,1.552329182536105,0.06012445935976359,1.4091675484097514,0.0314101800793552
0.8,1.8102668776747677,0.11096336730483823,1.6720401148678934,0.03392669100835264
