,train_ML_rmse_mean,train_ML_rmse_std,test_ML_rmse_mean,test_ML_rmse_std
0.1,0.7295638690424349,0.00834483500680594,0.7290100625631305,0.009084665761629578
0.2,0.7298245870889086,0.0076629407765298205,0.7284646638487564,0.00858653697787891
0.3,0.7296519579229045,0.008367188003707792,0.7266389032219689,0.008344510671050935
0.4,0.7300744108362363,0.008227122242270403,0.7298059802151862,0.008027529011302699
0.5,0.7351309583801963,0.00896747917393142,0.7407524465814048,0.007509510214954645
0.6,0.8517119349108304,0.006789983176586151,1.278477760830911,0.022287718832319493
0.7,0.9113262605043724,0.009810915148284003,1.3018994468956253,0.009858233631992282
0.8,1.049091268115737,0.013387187233339683,1.636798748555708,0.03493602650354662
