,train_ML_rmse_mean,train_ML_rmse_std,test_ML_rmse_mean,test_ML_rmse_std
0.1,6.723671628816961,0.09837328290222422,8.407914021749,0.4982034982387694
0.2,7.54639330233465,0.1280009290875106,9.818127115546435,0.8881666881067588
0.3,8.482486393278482,0.20040310652829882,10.83736312010993,0.5763345990433346
0.4,8.762920058950336,0.2262396553412093,11.60465059529871,0.7155578642287254
0.5,9.639554696962396,0.15480607807693486,13.21526247427479,0.43600065222805107
0.6,11.072595782708477,0.27453868741047266,14.976525926025015,0.3602849977364908
0.7,11.181918672105386,0.12756702766463868,14.980986507533165,0.4262650004502393
0.8,12.723788381428111,0.19183817973482517,16.425446529207782,0.6867924041435496
0.9,14.359662331891798,0.156109777131295,19.547196763092266,5.191003905670076
