,train_ML_rmse_mean,train_ML_rmse_std,test_ML_rmse_mean,test_ML_rmse_std
0.1,11.031522147403365,0.19484495644940453,11.01782095748349,0.7474578808917857
0.2,11.691129835562126,0.26181116553555317,11.670274306343453,1.0476376340619002
0.3,12.69782355902905,0.22183809186419592,12.594420797294806,0.724706424558773
0.4,12.909081757381657,0.25411255760614293,13.020505248406248,0.8040445877506843
0.5,13.895245237690819,0.24996350244819002,13.845114747037238,0.5982984486365868
0.6,15.103589834648085,0.4637127895433692,15.321657934728043,0.24648714387697998
0.7,15.125646969509512,0.24660465884652158,15.200352630564925,0.6556601256922949
0.8,16.081034582085508,0.2729942711388296,16.240672091717023,0.8293807037227597
0.9,16.45607636400488,0.2070779133938176,16.670406017858568,0.5378318747529058
