,train_rmse_mean,train_rmse_std,train_mae_mean,train_mae_std,test_rmse_mean,test_rmse_std,test_mae_mean,test_mae_std
0.3,0.13405475,0.0016713728,0.07520029,0.001194481,0.13458282,0.004578328,0.075688474,0.0025354086
0.5,0.13035324,0.0014603098,0.07410023,0.0010664864,0.13111877,0.0046208887,0.074648365,0.0022707107
0.7,0.12986422,0.0016591183,0.07402508,0.0010431665,0.13056934,0.004888095,0.07440978,0.002218402
