,train_ML_rmse_mean,train_ML_rmse_std,test_ML_rmse_mean,test_ML_rmse_std
0.1,0.751609688961167,0.023229656460638612,0.7537091817067151,0.026224778183898005
0.2,0.7481566417882644,0.024418136597409438,0.7488335796040421,0.024239627822458625
0.3,0.7731510914987505,0.022907459115791572,0.7681964650108599,0.02197826178352353
0.4,0.760277667980476,0.02488886248899581,0.7605962454943562,0.02000575235374818
0.5,0.7598358999659454,0.03860377149164977,0.7617072173336525,0.029042183582781708
0.6,1.0127378666882443,0.06397680016446135,1.0152825403800196,0.06415953810455569
0.7,0.9983005734435452,0.0571611219693429,0.9989764193681457,0.05414335756183875
0.8,1.0447416508486114,0.05642425829691704,1.0420465937014494,0.05129373724650531
