,train_ML_rmse_mean,train_ML_rmse_std,test_ML_rmse_mean,test_ML_rmse_std
0.1,0.6926179623203186,0.028116993884946984,0.6991148916100423,0.02453652907677296
0.2,0.700006782450065,0.01841456805061193,0.704345574052984,0.017452076120928403
0.3,0.7233245448700789,0.01462632151164492,0.7247171792329753,0.018232787329712747
0.4,0.7143965640703746,0.025086265514323428,0.7166423930729042,0.02283936894256712
0.5,0.7101627939296291,0.030091193510312916,0.7145724955675814,0.023812225246647344
0.6,0.9635293419604014,0.06448425978577399,0.9664275529061503,0.06739786563749246
0.7,0.9322986648003349,0.036550591738227625,0.9381419481351368,0.031355770965746266
0.8,0.9389390043827424,0.03142265442328805,0.9378843050627182,0.032120726941565335
