,train_ML_f1_mean,train_ML_f1_std,test_ML_f1_mean,test_ML_f1_std
0.1,0.8690136056342107,0.01331133257021102,0.7721679736255325,0.03023890475475476
0.2,0.8676322137811356,0.017357000513858974,0.7493520163309204,0.04568445973354561
0.3,0.8822041165430019,0.015105225399948071,0.7677197026543457,0.07607767271358919
0.4,0.8643875763094195,0.011632651826203818,0.734197888404305,0.03085029977852463
0.5,0.8500775205689104,0.022947447665700775,0.6987191826654297,0.06967256028548574
0.6,0.8717332431312179,0.007170237461506549,0.7489180399347541,0.0791099033265095
0.7,0.8659374861200249,0.025175044566374247,0.7726846339389895,0.10909803381261907
0.8,0.8673367220970014,0.017936631695247892,0.78652687174107,0.015331011774933291
