,train_ML_f1_mean,train_ML_f1_std,test_ML_f1_mean,test_ML_f1_std
0.1,0.9539357703726286,0.01808922735016366,0.8044057492894702,0.057301436367909575
0.2,0.943169875741337,0.007040408139813191,0.7798730247154932,0.05633949109432106
0.3,0.9500736652247899,0.009073726790550962,0.7900853901627896,0.05064439796745088
0.4,0.9472970991885422,0.00910913574912289,0.7917907354443463,0.043964780780704406
0.5,0.9165223919626706,0.01955724099398541,0.7329119502277399,0.05633080769866568
0.6,0.9339375565097054,0.008295321591137054,0.8077156139114523,0.03731823914482632
0.7,0.9391180205523,0.012180127281453483,0.7759122606038071,0.09937977397490327
0.8,0.9230926850912529,0.016229431736489292,0.7906272055166916,0.014743598259104877
