,train_ML_f1_mean,train_ML_f1_std,test_ML_f1_mean,test_ML_f1_std
0.1,0.770661204793678,0.011894580348714103,0.7653115195601411,0.031918610565491466
0.2,0.6946130243002415,0.0049249851366933665,0.6889321709123106,0.01720848721737846
0.3,0.6683286154521745,0.00982044621230198,0.6588816408257158,0.03520886168846994
0.4,0.7138610548244386,0.006457517167479977,0.7079251201680019,0.02900011052534925
0.5,0.6832600003929091,0.0029584416233970254,0.6758211467398978,0.019262482198606053
0.6,0.5336292903964731,0.0046233305439609615,0.5203837593052236,0.015078703679466758
0.7,0.5879108261489485,0.008777120703448734,0.5762368472428002,0.023453128798566817
0.8,0.4379366868687319,0.004010840995952722,0.43283242007675976,0.01604550220405913
0.9,0.44977562585045094,0.01692900429814592,0.44262009022166016,0.01436853553707461
