,random,zero,mean,knn,mice,XGB,missforest,mf,hyper,gain,notmiwae,miwae,tabcsdi,ot
0.3,0.41326 ± 0.020,0.57741 ± 0.049,0.28636 ± 0.018,0.29215 ± 0.021,0.24455 ± 0.013,0.26350 ± 0.010,0.25465 ± 0.018,0.30213 ± 0.024,0.25477 ± 0.025,0.52987 ± 0.050,0.26943 ± 0.009,0.27164 ± 0.023,0.39702 ± 0.037,0.30469 ± 0.022
0.5,0.41924 ± 0.013,0.58487 ± 0.029,0.29083 ± 0.008,0.33319 ± 0.015,0.32998 ± 0.059,0.36566 ± 0.043,0.29685 ± 0.014,0.31728 ± 0.017,0.31726 ± 0.046,0.54689 ± 0.025,0.27637 ± 0.005,0.27535 ± 0.009,0.40458 ± 0.024,0.33555 ± 0.040
0.7,0.42217 ± 0.007,0.58398 ± 0.018,0.29506 ± 0.012,0.32334 ± 0.020,0.46034 ± 0.302,0.42937 ± 0.125,0.35016 ± 0.033,0.31742 ± 0.013,0.36894 ± 0.039,0.57601 ± 0.028,0.29960 ± 0.017,0.30051 ± 0.012,0.41588 ± 0.022,0.33237 ± 0.032
