,RD,ZR,Mean,KNN,MF,Mice,MisF,XGB,OT,HI,GAIN,Mi,NMi,CSDI
0.3,0.41326,0.57741,0.28636,0.29215,0.30213,0.24455,0.25465,0.2635,0.30469,0.25477,0.52987,0.27164,0.26943,0.39702
0.5,0.41924,0.58487,0.29083,0.33319,0.31728,0.32998,0.29685,0.36566,0.33555,0.31726,0.54689,0.27535,0.27637,0.40458
0.7,0.42217,0.58398,0.29506,0.32334,0.31742,0.46034,0.35016,0.42937,0.33237,0.36894,0.57601,0.30051,0.2996,0.41588
