,train_rmse_mean,train_rmse_std,train_mae_mean,train_mae_std,test_rmse_mean,test_rmse_std,test_mae_mean,test_mae_std
0.1,0.29384452,0.0077874917,0.2494574,0.010867187,0.37238687,0.025082447,0.35251272,0.024267899
0.2,0.4130401,0.010781666,0.38427633,0.0095224595,0.40567097,0.012635919,0.3840397,0.014118602
0.3,0.34090525,0.006502172,0.31723574,0.006958886,0.39447957,0.015588267,0.37576777,0.015626855
0.4,0.42775926,0.007417477,0.40876827,0.0072428253,0.47228345,0.016147608,0.45077306,0.01734455
0.5,0.38434112,0.0035357457,0.36433315,0.003323931,0.40435952,0.015674602,0.38482773,0.014980206
0.6,0.37276405,0.0040262407,0.33706743,0.0042316476,0.37481356,0.013934971,0.33932704,0.014436342
0.7,0.42365557,0.0062346524,0.39030215,0.006447242,0.41971216,0.014757976,0.38759905,0.014549867
0.8,0.39222994,0.0031763343,0.3551479,0.003250333,0.39517698,0.016538693,0.35785985,0.017142905
