,train_ML_f1_mean,train_ML_f1_std,test_ML_f1_mean,test_ML_f1_std
0.1,0.9439773810180787,0.001702520089492313,0.9354786459488613,0.010446652889482209
0.2,0.9111160808435766,0.008031410386631674,0.9058707442966005,0.024653952710308142
0.3,0.8978212415050212,0.007458899459825537,0.886798567294286,0.025655835522667494
0.4,0.8566479001242511,0.005616877690929324,0.8353310210141573,0.02632329483118848
0.5,0.8720797293090076,0.003927844784221568,0.8618890545399553,0.025021231213162638
0.6,0.8881459201857007,0.007604987286418203,0.8807832984834137,0.018584675122952005
0.7,0.919000386764052,0.0072329593122160305,0.9204599342945328,0.019803515112877586
0.8,0.7819491958807117,0.0035957607230569515,0.7792614711986754,0.009988817396289217
