,train_rmse_mean,train_rmse_std,train_mae_mean,train_mae_std,test_rmse_mean,test_rmse_std,test_mae_mean,test_mae_std
0.3,0.14599106,0.0019857986,0.10679221,0.0019083603,0.1649784,0.009234736,0.12076368,0.0054998985
0.5,0.1565289,0.0010400685,0.11548784,0.0011795773,0.1682727,0.0072202226,0.12417445,0.0055721095
0.7,0.17266864,0.0015813881,0.12805302,0.00083682424,0.18164508,0.0129992375,0.13538921,0.008712448
