,train_ML_f1_mean,train_ML_f1_std,test_ML_f1_mean,test_ML_f1_std
0.1,0.8026300788550284,0.03569900816830982,0.7933258908625087,0.02578976184804397
0.2,0.8011556152062507,0.038231686255814974,0.7808046820758434,0.032551460582105396
0.3,0.786082986622632,0.03591648130957828,0.709578206167812,0.03193169007385097
0.4,0.7781674297861327,0.0327432819145774,0.6746457252298231,0.04585320179553498
0.5,0.7865257074629192,0.02814580356306075,0.6824199989620061,0.04269523970742461
0.6,0.7618788696584428,0.042997822364421866,0.609906725831759,0.02775833028154962
0.7,0.7585930104093478,0.03285203174464214,0.5322705477014881,0.05145340152920534
0.8,0.7295792297780108,0.064307552465157,0.5319838458847531,0.02665970361145492
0.9,0.7085422674926893,0.023146354371945888,0.48761869597580165,0.04178961014688676
