,train_ML_rmse_mean,train_ML_rmse_std,test_ML_rmse_mean,test_ML_rmse_std
0.1,10.477839854774405,0.7811131443339535,10.921385860491508,0.8449520774496624
0.2,10.620181032513631,0.7204072396271834,11.645212016411058,1.006515676901873
0.3,10.706933356552568,0.7373056423840926,12.625414935224487,0.7539263861425337
0.4,11.014173994324908,0.8281381887074747,13.122480058870536,0.9068759730778266
0.5,11.149761894581848,0.6572784017050259,14.228521220514377,0.5440478520207079
0.6,11.71580892963558,0.6556788841038295,15.277810708732002,0.4578760765566761
0.7,11.598837974889875,0.5768100479375733,15.186064214101856,0.5896020594854114
0.8,12.379917301223083,1.042820883005638,16.791075688388144,1.3640744733981975
0.9,13.067057479072426,0.40979557289208907,17.049086173089457,0.5438317682513782
