,train_ML_rmse_mean,train_ML_rmse_std,test_ML_rmse_mean,test_ML_rmse_std
0.1,0.6664396397891652,0.006954349841470318,0.6747417774267694,0.026319242567097573
0.2,0.681914537497346,0.005885553510816286,0.6901773238080449,0.024251537439681906
0.3,0.6835748796363766,0.008135539475860515,0.690903635029031,0.031725525316918704
0.4,0.7040560781743108,0.007691664244483231,0.7109482628663095,0.030834311131549167
0.5,0.7124331645462415,0.009924798119239596,0.7239612363315151,0.03284732448580568
0.6,0.7208327690526878,0.0062558999317405455,0.7244693194639036,0.02211392383854159
0.7,0.7599258303739871,0.006832930262069785,0.7646813076826844,0.02951132288040683
0.8,0.7749898255732285,0.004540432004600522,0.7846463097160437,0.029302948271635897
0.9,0.792067413102054,0.006908193688743887,0.8008965189266067,0.03315529439167803
