,train_ML_rmse_mean,train_ML_rmse_std,test_ML_rmse_mean,test_ML_rmse_std
0.1,0.6759956246970564,0.011386200150885224,0.6869768750686186,0.026362003440398803
0.2,0.6994582410034785,0.005583266762870348,0.7103614844762006,0.02754785495026422
0.3,0.6991766423684129,0.00988640987790259,0.7094043566637982,0.0409125420870731
0.4,0.7183772000597737,0.00592135597051868,0.7256303758164137,0.030537820165158845
0.5,0.7387355427155704,0.008637202528717946,0.7493460607172138,0.03222322231214459
0.6,0.7331963967241636,0.005357620205553898,0.7350316897695536,0.019436985109596225
0.7,0.7808917358879628,0.008534963017152421,0.7819839343057441,0.03466957579745151
0.8,0.7997560126978129,0.007686677069814504,0.8071482845321312,0.03140752689302996
0.9,0.8093835771332649,0.007789181142586828,0.8233227896101194,0.03359948269858899
