,train_ML_f1_mean,train_ML_f1_std,test_ML_f1_mean,test_ML_f1_std
0.1,0.9771046799551243,0.010234941960439729,0.8398594088018244,0.020004731679624854
0.2,0.9570058901569872,0.012664446839846967,0.7132266815079211,0.02614463646777509
0.3,0.9674970989840151,0.010762348053610697,0.6768736447264321,0.017514494916625704
0.4,0.9366877909800401,0.02083742227130991,0.5443329131935261,0.01486031809167635
0.5,0.9178660275155266,0.02601840608946856,0.44022686991678944,0.014501974537699504
0.6,0.9417571415422236,0.01458662270541726,0.4918691796671224,0.027795291230086533
0.7,0.9276801380728188,0.014974164388106889,0.3407895920134548,0.009450983332349689
0.8,0.6901408404277432,0.09770569813595001,0.318020185825178,0.005305231703734348
0.9,0.448288486121065,0.025908628498874944,0.310794632640731,0.0075911727970115785
