,train_ML_f1_mean,train_ML_f1_std,test_ML_f1_mean,test_ML_f1_std
0.1,0.8073955999758246,0.03584567022315543,0.8665173420539501,0.01738481654727201
0.2,0.7212641921010541,0.016810534649261674,0.7534018546882135,0.017977045271955226
0.3,0.3986636813581018,0.007332769450705778,0.6797309687071996,0.013510680398997993
0.4,0.6427645812093757,0.04063664277859492,0.6148722163292755,0.00915066828304324
0.5,0.40137055143709893,0.012859274730880445,0.429273446184715,0.01864633857021133
0.6,0.4338221278321514,0.03871865931400068,0.4877221642515597,0.034766175150831385
0.7,0.6190575499017015,0.04401804250371449,0.3421822365995758,0.024120551658062348
0.8,0.37605021466170896,0.020921476869120895,0.3209867697161684,0.008252256490322143
0.9,0.4726732837554146,0.124338942408022,0.3122594570491994,0.009494488144822913
