,train_rmse_mean,train_rmse_std,train_mae_mean,train_mae_std,test_rmse_mean,test_rmse_std,test_mae_mean,test_mae_std
0.1,0.10060482,0.0011113369,0.05141917,0.0005167971,0.10116305,0.0038628879,0.051861096,0.0016623888
0.2,0.10812757,0.002601174,0.055464327,0.00062491413,0.107787505,0.0024366332,0.055213552,0.00081435853
0.3,0.12060286,0.0005516248,0.06639354,0.0006744397,0.12048998,0.0018001549,0.06640933,0.0011692361
0.4,0.121466495,0.004833352,0.06633482,0.002767122,0.121260285,0.0041072466,0.066259995,0.0028407897
0.5,0.1250237,0.0010607007,0.06711445,0.0017069408,0.12545273,0.001799691,0.06736599,0.0016384987
0.6,0.14902702,0.0060691745,0.08160683,0.00076469965,0.1493067,0.0060946946,0.081781305,0.0008615519
0.7,0.14663318,0.019194648,0.080670446,0.009180022,0.14719395,0.01945125,0.081071176,0.009124735
0.8,0.17480847,0.011537671,0.096361,0.004010714,0.1752803,0.011882278,0.09676782,0.0038262568
0.9,0.1924459,0.0085800635,0.1063272,0.0060008056,0.19223024,0.008541651,0.106027044,0.006224697
