,train_ML_rmse_mean,train_ML_rmse_std,test_ML_rmse_mean,test_ML_rmse_std
0.1,0.7670344598885068,0.003786050877972952,0.7672660261608395,0.006461927583518903
0.2,0.7958720185616197,0.0030035969080619467,0.7960613723485729,0.009816084074678775
0.3,0.8611892420132341,0.007428391450255734,0.8577712291625785,0.011205110804141171
0.4,0.8979773887427898,0.018370261640557394,0.8982222860774268,0.02582639294016203
0.5,0.9136117518980422,0.006542155146781198,0.9177806295112992,0.010739983519147327
0.6,1.018076374846468,0.006226832409282839,1.0212243529064016,0.0065120535135964885
0.7,1.0335945567909655,0.014199305556858426,1.034823947545497,0.008676314657559425
0.8,1.0486621228879507,0.01712104063885833,1.0478424701575002,0.011421094589087688
0.9,1.1288714824346244,0.009207859458309363,1.132462317597457,0.006728284249397289
