,train_ML_f1_mean,train_ML_f1_std,test_ML_f1_mean,test_ML_f1_std
0.1,0.5003725771244953,0.04728107433398308,0.5334594100832113,0.04677934698005464
0.2,0.4776858435681965,0.006069967429577366,0.4935340926821657,0.0285752196216913
0.3,0.4776858435681965,0.006069967429577366,0.4935340926821657,0.0285752196216913
0.4,0.4776858435681965,0.006069967429577366,0.4771642556226735,0.006733258822546334
0.5,0.4776858435681965,0.006069967429577366,0.47257353895448934,0.006613952358244652
0.6,0.4776858435681965,0.006069967429577366,0.4766625833818708,0.006536546687704701
0.7,0.4776858435681965,0.006069967429577366,0.4776858435681965,0.006069967429577366
0.8,0.4776858435681965,0.006069967429577366,0.5521116332064252,0.0750799819134768
