,train_ML_f1_mean,train_ML_f1_std,test_ML_f1_mean,test_ML_f1_std
0.1,0.6394686729937005,0.09410086746241444,0.5808806930992125,0.08791713095062152
0.2,0.6156938721194589,0.044499366230213125,0.5162208262384644,0.04791772795158865
0.3,0.5146000502919801,0.0468793356682435,0.5003725771244952,0.04728107433398308
0.4,0.5328468492226118,0.08021501811083304,0.4771642556226735,0.006733258822546334
0.5,0.4776858435681965,0.006069967429577366,0.5353820410916774,0.04624358281313204
0.6,0.47718417132739377,0.0058955496106883635,0.5047622263601192,0.050843007463198885
0.7,0.4776858435681965,0.006069967429577366,0.5329865291898065,0.07674649115939115
0.8,0.4776858435681965,0.006069967429577366,0.653998090611989,0.07212362102019253
