,train_ML_f1_mean,train_ML_f1_std,test_ML_f1_mean,test_ML_f1_std
0.1,0.8009927731476811,0.07150040713137157,0.7280158269176098,0.06857031675433538
0.2,0.7697520875239163,0.08489372968049133,0.6108624386445204,0.04393572252862585
0.3,0.7411229922381672,0.05334516146245357,0.4971269143231963,0.04222910750767544
0.4,0.7736558865878811,0.04789925135729829,0.4766625833818708,0.006536546687704701
0.5,0.550582185593954,0.05084163886081982,0.5296958633940447,0.05693399587515543
0.6,0.7235604248300731,0.09297079962059562,0.4771642556226735,0.006733258822546334
0.7,0.4776858435681965,0.006069967429577366,0.528293049650592,0.07423691532826765
0.8,0.5114517947616541,0.061485022403157064,0.5745552636779234,0.09574288968797193
