,train_ML_rmse_mean,train_ML_rmse_std,test_ML_rmse_mean,test_ML_rmse_std
0.1,9.091192642991741,0.8450767886117115,10.251499511203829,1.1140621005835745
0.2,9.129046848181451,0.8278356661429365,10.755757819704764,1.6979890283797083
0.3,9.478365212645816,0.6127473310555175,10.811842297915412,1.3492329470404387
0.4,9.432325252105624,0.8565282668254798,12.299723136660841,1.0514586101077332
0.5,9.918973124714293,0.6886074330780311,12.830830347219035,2.315462738693853
0.6,9.641376016184784,0.8014125621472874,13.71003675592812,0.8526942528022704
0.7,9.978189274131694,0.9201270790831365,14.80793247071405,1.7718538866369837
0.8,10.109970921211652,0.9018465755148273,14.594991407029681,1.6383630795777835
0.9,10.16492022824129,1.1121658821948386,15.828763024291323,1.8644969809287921
