,train_ML_rmse_mean,train_ML_rmse_std,test_ML_rmse_mean,test_ML_rmse_std
0.1,12.758618664158579,1.8246794518848626,12.837647516473556,1.6467827932759742
0.2,13.048888845235416,1.8329714204711862,13.067555720277795,2.1612610798859913
0.3,12.886169637313719,1.729829216284425,13.172858156550777,2.0407432646431682
0.4,13.883053511655154,1.8648050510434924,13.70945026606741,1.6484812945218794
0.5,14.03259300322846,1.8750690835241843,14.36079843452151,2.243902863869651
0.6,14.854394112697197,1.9611824700322302,14.875735283833407,1.2372607304939394
0.7,15.553197982739324,1.8349158670955799,15.276383929160612,2.1802237253346632
0.8,16.267594829394948,1.9304854092724895,15.616955879436276,1.7415116311089438
0.9,16.295408052956443,1.7934992500192317,15.971867885616263,1.9153136801659856
