,train_ML_rmse_mean,train_ML_rmse_std,test_ML_rmse_mean,test_ML_rmse_std
0.1,12.200245804522229,1.3890634920551277,12.306189663003794,1.3692229734223442
0.2,12.311256637406293,1.4812373794368545,12.540971684726069,1.6978773930115683
0.3,12.913218488218376,1.4454424380224036,12.65480644487143,1.455448978452113
0.4,13.026733708665617,1.5880421743696416,13.314113751923164,1.3872419323204819
0.5,13.361664028993715,1.426570779362423,13.48598704115959,1.9251411567896903
0.6,13.48472103043045,1.4634358528471636,13.923001177111592,1.3616577105156709
0.7,14.100989411094508,1.5132867804602816,14.589188873101417,1.6051195362969461
0.8,14.246371422112722,1.6087243201345185,14.559279930978807,1.6266100057622401
0.9,14.435340804364978,1.5602981139681662,14.945829536443517,1.5203348749507977
