,RD,ZR,Mean,KNN,MF,Mice,MisF,XGB,OT,HI,GAIN,Mi,NMi,CSDI
0.3,0.46874,0.30899,0.14743,0.14743,0.17028,0.14743,0.14743,0.14743,0.1765,0.14542,0.28723,0.30161,9.58994,0.1253
0.5,0.45092,0.36678,0.13664,0.13664,0.20892,0.13664,0.13664,0.13664,0.17156,0.13986,0.30622,0.304,8.20276,0.13521
0.7,0.51139,0.25632,0.20767,0.20767,0.22779,0.20767,0.20767,0.20767,0.20878,0.18284,0.24787,0.2779,8.46268,0.1461
