,train_ML_f1_mean,train_ML_f1_std,test_ML_f1_mean,test_ML_f1_std
0.1,0.9594401880688588,0.014182566605456767,0.9320059429663704,0.016417277170703175
0.2,0.9549545928921083,0.016493012474496766,0.8785082322478018,0.02607954832472107
0.3,0.9451825171806487,0.016189319114926475,0.7994206120779108,0.01123654720014594
0.4,0.8860012829953046,0.017627415106923883,0.76246755633078,0.017924320391297977
0.5,0.923378253867434,0.018012344172610016,0.7672564261585854,0.023257161555497435
0.6,0.8659659742219379,0.016681810163285214,0.6700398285246804,0.03677158846652015
0.7,0.831226543841515,0.031248768715497116,0.6482237148158625,0.026250218867740246
0.8,0.799751886151071,0.02481232480834243,0.538542481579632,0.015047636256659369
0.9,0.6346202525000406,0.06415771373264406,0.4345362205851223,0.016720188963739894
