,train_ML_f1_mean,train_ML_f1_std,test_ML_f1_mean,test_ML_f1_std
0.1,0.9786519707350891,0.007833999982371298,0.9444644343642263,0.012178510990728609
0.2,0.9727627917584807,0.008925017684555342,0.8836945460237813,0.02514471134894815
0.3,0.9682376475215166,0.00986839831865062,0.808382371491032,0.010891402170542687
0.4,0.9165518446765807,0.009069590482834929,0.7577736264282444,0.018922269450616636
0.5,0.9555324302046697,0.012086329837708031,0.7699326351843014,0.02063753789377186
0.6,0.8867994190579346,0.02060590338073651,0.6597454677990437,0.027408426486205548
0.7,0.83885773594602,0.035185578786636945,0.6248048217213951,0.02620336769951878
0.8,0.7982713736739239,0.024144952168104902,0.5357596831745932,0.017027119238695838
0.9,0.7534903878561947,0.055465946819808806,0.436861379930191,0.015893170400994548
