,train_ML_rmse_mean,train_ML_rmse_std,test_ML_rmse_mean,test_ML_rmse_std
0.1,0.6584851413243618,0.005629647631834174,0.6635877188335139,0.021349489089573525
0.2,0.6636503591005203,0.0061698747246386595,0.6693721521264064,0.02442369411737785
0.3,0.6621560410529083,0.006665115024736177,0.6667406523201318,0.025826211893899418
0.4,0.6933988102906319,0.004949248407020528,0.6960071985002806,0.023798333623232255
0.5,0.7155111216313622,0.006482554906418488,0.7223983306572368,0.02576839710457426
0.6,0.7160597542703668,0.005284225709233679,0.7191299343693502,0.016182928752406327
0.7,0.7576296554289874,0.007364076809157997,0.7556754692883014,0.02924066053902432
0.8,0.7835214211545443,0.011698059836629431,0.7854928088455926,0.028541521196084454
0.9,0.7996068724846684,0.00789189517932598,0.8040105013389247,0.02912400895448709
