,train_ML_rmse_mean,train_ML_rmse_std,test_ML_rmse_mean,test_ML_rmse_std
0.1,0.5937489236078632,0.005032897698345178,0.6459798659175231,0.01860996944009566
0.2,0.6057489554721044,0.00422397455610771,0.6576155852156383,0.01679631471545098
0.3,0.6149354660162354,0.006786029706055893,0.6662721273020186,0.02076661999116741
0.4,0.654572909949722,0.005421179703634473,0.696333948430411,0.025936372449438604
0.5,0.6656821578548549,0.009483053706097958,0.7190877517183164,0.034668347489796955
0.6,0.6872737355775125,0.003268105141549277,0.7306371800738016,0.011924063687897092
0.7,0.7446716371447045,0.009827445788291422,0.7706205323321151,0.03686820112591353
0.8,0.7709860893777527,0.007480138496159607,0.7962831830388402,0.022949307496418308
0.9,0.8045966498641292,0.010748835712206887,0.8410700043252793,0.034695205224587834
