,train_ML_f1_mean,train_ML_f1_std,test_ML_f1_mean,test_ML_f1_std
0.1,0.9553671647884207,0.01660369693479304,0.8191094030370939,0.039998747936162996
0.2,0.9539847799207642,0.01585205022980786,0.7845703881034714,0.0628541352799869
0.3,0.9447476439711646,0.009748822283819378,0.7946950191737939,0.04060632836186663
0.4,0.9459799228279906,0.0060658820423853945,0.786301887719176,0.040007503498981294
0.5,0.9085684656943431,0.02159660565912639,0.7673908025692364,0.04191780938985874
0.6,0.9232179647969883,0.009668883054793704,0.7902622524818406,0.040596924206549
0.7,0.9062956306960459,0.010660959502144962,0.7539055468349083,0.07137439476888431
0.8,0.9123608509491963,0.01878908881958535,0.80196358051662,0.03969027529277088
