,train_rmse_mean,train_rmse_std,train_mae_mean,train_mae_std,test_rmse_mean,test_rmse_std,test_mae_mean,test_mae_std
0.3,0.41462547,0.003018547,0.3397722,0.0033415528,0.42457634,0.008841286,0.34719372,0.0082138
0.5,0.4138496,0.0008032336,0.33798337,0.00074110273,0.42083377,0.0051819785,0.34404963,0.005100416
0.7,0.41493434,0.0010123716,0.33865625,0.001084012,0.42039037,0.0053476887,0.34388533,0.005198422
