,train_ML_f1_mean,train_ML_f1_std,test_ML_f1_mean,test_ML_f1_std
0.1,0.2978280903879785,0.12548123999259392,0.35498596742500566,0.03887593863505671
0.2,0.3428575611184307,0.07190229940487228,0.3671452242241162,0.04773110903843976
0.3,0.3471558811705463,0.06287469532950356,0.38051154427250916,0.04110592151026406
0.4,0.441205956348169,0.09911497009456328,0.43000656841640456,0.06042979625250873
0.5,0.4467187484211254,0.06499238726968169,0.41790477305941953,0.042293984449420834
0.6,0.44757290646356085,0.07345622460387861,0.5242990125968848,0.06304232312939394
0.7,0.3220549022127969,0.0478444207534129,0.4505990007602911,0.08631684191477533
0.8,0.4122253936539651,0.062473228780953745,0.5007459272081977,0.03502616504199931
0.9,0.35058006447805146,0.029618389644013386,0.4418736727888811,0.03077418235916477
