,train_ML_f1_mean,train_ML_f1_std,test_ML_f1_mean,test_ML_f1_std
0.1,0.3461562577345104,0.03285662454468368,0.46440309456702905,0.06007814492597444
0.2,0.35679059079084235,0.03706123452177644,0.4479047347417467,0.038727065217455434
0.3,0.3461562577345104,0.03285662454468368,0.42527980307989066,0.061967477418141875
0.4,0.3461562577345104,0.03285662454468368,0.5019128226356712,0.061898751205235455
0.5,0.37749766149791303,0.037775234553603036,0.4607765040582378,0.09648531012474511
0.6,0.3567336230089784,0.04087313945278182,0.47758401019270574,0.06949296184441262
0.7,0.4477724902707327,0.054425351120856384,0.45951899423765646,0.05415989384678468
0.8,0.3888559325978681,0.08053471729955887,0.5116556547550621,0.04076571657033313
0.9,0.3439880927424427,0.033625174552729134,0.4905409073113157,0.062199323673705044
