,train_ML_f1_mean,train_ML_f1_std,test_ML_f1_mean,test_ML_f1_std
0.1,0.3461562577345104,0.03285662454468368,0.3461562577345104,0.03285662454468368
0.2,0.3461562577345104,0.03285662454468368,0.3461562577345104,0.03285662454468368
0.3,0.30939652181455457,0.036611889364730935,0.3461562577345104,0.03285662454468368
0.4,0.35049602925037915,0.03073195570821962,0.3461562577345104,0.03285662454468368
0.5,0.3109768206007358,0.03753452681060564,0.3461562577345104,0.03285662454468368
0.6,0.30939652181455457,0.036611889364730935,0.3461562577345104,0.03285662454468368
0.7,0.3461562577345104,0.03285662454468368,0.3461562577345104,0.03285662454468368
0.8,0.31590445832249114,0.0400558444602373,0.3461562577345104,0.03285662454468368
0.9,0.3461562577345104,0.03285662454468368,0.3548590719146351,0.03746102771946492
