,train_ML_f1_mean,train_ML_f1_std,test_ML_f1_mean,test_ML_f1_std
0.1,0.622202687375656,0.026919565035951963,0.5945357304483434,0.08733413518777836
0.2,0.6117543228855922,0.05006438798737111,0.5652197118699511,0.05400243581779307
0.3,0.5220436388386309,0.026198642527473174,0.47718417132739377,0.0058955496106883635
0.4,0.5383248930767646,0.048755108791393685,0.49985098917897225,0.047619938192351934
0.5,0.4773655293779311,0.001642527687711916,0.4771642556226735,0.006733258822546334
0.6,0.48772700789621776,0.020988566037158363,0.4776858435681965,0.006069967429577366
0.7,0.4773655293779311,0.001642527687711916,0.4776858435681965,0.006069967429577366
0.8,0.4773655293779311,0.001642527687711916,0.4776858435681965,0.006069967429577366
