,train_ML_f1_mean,train_ML_f1_std,test_ML_f1_mean,test_ML_f1_std
0.1,0.9322974114686826,0.017464867514057836,0.930581852719379,0.022721159589227196
0.2,0.916765143272543,0.01795983137062769,0.9167067912700155,0.01557172419576826
0.3,0.8826117545865213,0.03059945185719972,0.8780333539430174,0.035966712206903145
0.4,0.7927438397508162,0.02613695901311224,0.7900346748846072,0.0426486165158054
0.5,0.7134517525600275,0.025197974251594684,0.7045079545450176,0.06388747877110365
0.6,0.9076184494088473,0.022232539876357104,0.8906945143135463,0.04824432027419213
0.7,0.8340425221544695,0.02565531838963749,0.8395046222035054,0.0351645512952417
0.8,0.5582088073861984,0.020568405088490612,0.5566329551170812,0.02577604633623506
