,train_ML_f1_mean,train_ML_f1_std,test_ML_f1_mean,test_ML_f1_std
0.1,0.868382912391328,0.009191437198712371,0.8411066800627227,0.041503749913803276
0.2,0.8716041324821416,0.008656776226556046,0.8529487321738799,0.02806261343635667
0.3,0.869068911095385,0.007197688290238951,0.8321583489424308,0.02120087390898945
0.4,0.8660765439476819,0.005797469757271673,0.8420293067187952,0.028215234697397704
0.5,0.8710722050811934,0.01011359470011623,0.8448351664024687,0.03764989514913781
0.6,0.8576276202514282,0.005946584451317481,0.8244026513506195,0.035938416311819626
0.7,0.8621773383215497,0.0045316572702031625,0.8407633206908287,0.02790945245847381
0.8,0.8593874207534388,0.006568216240640934,0.8433052535185214,0.023980288731932795
