,train_ML_f1_mean,train_ML_f1_std,test_ML_f1_mean,test_ML_f1_std
0.1,0.8180821502349838,0.007119893964248561,0.8058188975365219,0.035858972534516996
0.2,0.8102699701326246,0.008833605181751034,0.7989951155059398,0.039139599525311125
0.3,0.813651471688128,0.006817685871028736,0.8060441886941403,0.04062479389770366
0.4,0.8224745965042602,0.00656614942854178,0.8149529600116778,0.03398868082508422
0.5,0.8266983812500053,0.007937884896154084,0.8090741618254877,0.031530776579612334
0.6,0.8363534794228069,0.005263142478643523,0.8147330879193435,0.03615915440149797
0.7,0.819166118882246,0.005645545492960846,0.8143635477840563,0.04621355915334911
0.8,0.8330576611462994,0.0050350897546331775,0.8286202659799429,0.037180447469052004
