,train_rmse_mean,train_rmse_std,train_mae_mean,train_mae_std,test_rmse_mean,test_rmse_std,test_mae_mean,test_mae_std
0.1,1.0,0.0,1.0,0.0,1.0,0.0,1.0,0.0
0.2,1.0,0.0,1.0,0.0,1.0,0.0,1.0,0.0
0.3,1.0,0.0,1.0,0.0,1.0,0.0,1.0,0.0
0.4,1.0,0.0,1.0,0.0,0.9999298,0.00014047623,0.9998595,0.00028090476
0.5,0.99473,8.865433e-05,0.99454576,9.119438e-05,0.99464095,0.00033148052,0.9944091,0.00039091185
0.6,0.98625106,8.0462436e-05,0.98534167,9.149388e-05,0.986282,0.00042240723,0.98533994,0.00051716744
0.7,0.95661604,0.00021840575,0.9522046,0.00024986954,0.9567126,0.0008144092,0.9522886,0.00096044654
0.8,0.93419516,0.00016183099,0.92629814,0.00020744317,0.9341652,0.0004434236,0.9262835,0.0005732342
