,train_ML_f1_mean,train_ML_f1_std,test_ML_f1_mean,test_ML_f1_std
0.1,0.3921321398072547,0.036893297759081255,0.24133851630541625,0.0391386790203372
0.2,0.5079593222827646,0.06020705839488256,0.5085288585900385,0.06194536927472939
0.3,0.433540284348624,0.04308425425834669,0.32408576996993954,0.03365583288807605
0.4,0.3446217985154111,0.06251282853486301,0.24843702402133463,0.05810033407512773
0.5,0.23337572204275664,0.04953512271910638,0.1505403671778706,0.0398060072911852
0.6,0.30674440406790165,0.028724611825569093,0.30079336665802203,0.017576839094004454
0.7,0.2427265287694278,0.04399412730696742,0.12813402601910176,0.013380734578113155
0.8,0.33488446627129836,0.08322453918838144,0.20797449072701507,0.04257512862977071
