,train_ML_f1_mean,train_ML_f1_std,test_ML_f1_mean,test_ML_f1_std
0.1,0.9933491429467083,0.0027895531704183792,0.9555011501340456,0.010431154060542024
0.2,0.9852818700070426,0.0073194406002137745,0.9090120239843709,0.024042335558439903
0.3,0.988211942694982,0.00588174741780533,0.8490166937522053,0.020850683568108843
0.4,0.9815909393231912,0.0023808367316461875,0.7820798515891939,0.0214318799046068
0.5,0.9859305865977843,0.007921895142215364,0.7906235416505859,0.010500901014620189
0.6,0.9552244874207242,0.007990057279090329,0.6894759102331443,0.03523542835557926
0.7,0.9404457359573687,0.03138986538600128,0.6812052150505581,0.02451286713537917
0.8,0.7576237984073486,0.07235677902010576,0.5103795414664232,0.026295593614077732
0.9,0.6243591987134579,0.09601166915277827,0.45070017927105377,0.023552838483047872
