,train_ML_rmse_mean,train_ML_rmse_std,test_ML_rmse_mean,test_ML_rmse_std
0.1,0.675661826716626,0.007324759701358323,0.7294485035419778,0.0071404720364522745
0.2,0.6844107364915063,0.007265099541566946,0.7727875692773727,0.00989239446022322
0.3,0.6911942840490758,0.008624774051473265,0.8825679908908736,0.0141705796988453
0.4,0.6975490008045717,0.013290830518185033,0.902116306135324,0.014746894025676398
0.5,0.7331539380188223,0.005986706227528976,1.034749631836891,0.029155811182595505
0.6,0.7200548053702593,0.012971415051333946,1.074057442081667,0.008913790189256197
0.7,0.7681044524724732,0.02715545150900166,1.1890746023432386,0.05984758850413891
0.8,0.8815141413105596,0.01847968107343171,1.2658349266760287,0.08573199344843488
0.9,0.922637084314039,0.0898471458466241,1.2683411412223848,0.07816432941240448
