,train_ML_rmse_mean,train_ML_rmse_std,test_ML_rmse_mean,test_ML_rmse_std
0.1,0.6578289868849162,0.03489691134223675,0.7741136688074887,0.12734212833474545
0.2,0.7634892642630409,0.13019635014549805,0.8602866326243082,0.22049969044093742
0.3,0.6877343040261504,0.02668816067413677,0.9179761140764716,0.035150256506063356
0.4,0.7119166778926931,0.021250551926106885,1.1599188316538753,0.32555369613291196
0.5,0.9349324058095245,0.15963637302194844,1.2635689095635771,0.2285854016142543
0.6,0.7763140655565953,0.056455798598073065,1.1653292156023183,0.029182962943500628
0.7,0.8429863747073705,0.08389180962642268,1.25526004102769,0.080970709367721
0.8,0.9534546680211433,0.03662804717419144,3.1143030694277307,1.887853848065544
0.9,0.9306287259151027,0.026809741356612234,2.4135122693841824,1.3827591834491462
