,train_ML_rmse_mean,train_ML_rmse_std,test_ML_rmse_mean,test_ML_rmse_std
0.1,10.31690212716749,0.24320709030736826,10.350557505369116,0.849258576580545
0.2,10.411222373508673,0.35923275405406757,10.261863733286301,1.387858777514908
0.3,10.352936534149233,0.2587515586385046,10.399358818845934,1.21833057715001
0.4,12.533688370943405,0.3339790128312344,12.074318729488965,0.9795449257511598
0.5,13.455333186177478,0.5883482691013524,13.268852063481669,1.4143444977125812
0.6,13.918781466737943,0.5318538032509939,13.504448184101639,0.9691079615318904
0.7,14.962258602993222,0.29018706679379175,14.90194630048158,1.302040956831024
0.8,15.122920975346755,0.5237326570944825,15.418443073611808,1.7986259813342478
0.9,15.255736026581875,0.34425950231290836,15.301764780025806,1.379931987115441
