,train_ML_rmse_mean,train_ML_rmse_std,test_ML_rmse_mean,test_ML_rmse_std
0.1,12.934882408354582,0.3072297703103216,12.657644286565542,1.2578543213543014
0.2,13.122313238561187,0.3725619109644791,12.771148866855427,1.6137670570375902
0.3,13.439585555831192,0.29977420540499095,13.199059158120587,1.5200510686244393
0.4,14.313122674882123,0.3231078798075432,13.934520123555012,1.4207652039575056
0.5,14.527620677608109,0.35858013600659255,14.190910975660458,1.69305642249834
0.6,14.857625479931041,0.32068378389136926,14.564276427295828,1.2991894308420768
0.7,15.16081230892093,0.32353816176483413,14.877173671645792,1.4422480832805122
0.8,15.336355784640489,0.4111179960003518,15.07888879707869,1.4933963030008417
0.9,15.398740771336833,0.3100861731108344,15.068097942226174,1.5759233730186177
