,train_ML_rmse_mean,train_ML_rmse_std,test_ML_rmse_mean,test_ML_rmse_std
0.1,13.502433502854942,0.32192921686808657,13.24152420036765,1.4653376263845381
0.2,13.909734613471803,0.5120088377747269,13.517599263720268,2.06074812821386
0.3,13.71886516660771,0.41811665904175227,13.430630171496343,2.0148459753632273
0.4,15.17588142720231,0.4931545737774983,14.81422529882498,1.5568128310322906
0.5,15.537691308699866,0.46236859982000245,15.146744174395355,1.843423079072769
0.6,15.99048326015135,0.3843001105956337,15.665147359086614,1.6692567731514258
0.7,16.442885472516934,0.4280269856233486,15.904869539422231,1.662774762469164
0.8,16.77915530187203,0.4397241868592784,16.114618344732584,1.970430450456024
0.9,16.951439144085562,0.3315146940364518,16.378057631540628,2.0962293854068084
