,random,zero,mean,knn,mice,XGB,missforest,mf,hyper,gain,notmiwae,miwae,tabcsdi,ot
0.3,0.41743 ± 0.008,0.31908 ± 0.005,0.13372 ± 0.005,0.13126 ± 0.004,0.11256 ± 0.010,0.10954 ± 0.007,0.11036 ± 0.006,0.14133 ± 0.004,0.10802 ± 0.006,0.14654 ± 0.032,0.10768 ± 0.006,0.10690 ± 0.005,0.15579 ± 0.004,0.16683 ± 0.006
0.5,0.41754 ± 0.006,0.31947 ± 0.004,0.13437 ± 0.006,0.15054 ± 0.004,0.11672 ± 0.007,0.14065 ± 0.005,0.11975 ± 0.007,0.14378 ± 0.005,0.12555 ± 0.019,0.18738 ± 0.064,0.11772 ± 0.006,0.11656 ± 0.006,0.15621 ± 0.005,0.17417 ± 0.012
0.7,0.41652 ± 0.002,0.32034 ± 0.003,0.13379 ± 0.004,0.15516 ± 0.003,0.13047 ± 0.005,0.15815 ± 0.012,0.13695 ± 0.003,0.14590 ± 0.006,0.14385 ± 0.016,0.20760 ± 0.041,0.12878 ± 0.005,0.12585 ± 0.003,0.15574 ± 0.003,0.17588 ± 0.012
