,train_ML_f1_mean,train_ML_f1_std,test_ML_f1_mean,test_ML_f1_std
0.1,0.10152261900608628,0.046991570123116715,0.06638106032287097,0.026098821265292064
0.2,0.2556379577663853,0.028784127413857573,0.10754388205369517,0.01847375911215951
0.3,0.13351362990386992,0.03491204289972925,0.08408439833728668,0.020011768134768824
0.4,0.07890725383550964,0.036496981511757565,0.05687035068035977,0.02578566280866339
0.5,0.1061917220322022,0.037083946121956396,0.04158614807959631,0.009326228738598882
0.6,0.11123195045014447,0.05484270891810019,0.07610981017301054,0.019958443300158515
0.7,0.08704060992984455,0.03591630064718873,0.02964325385272153,0.006942719934418852
0.8,0.0986719403702538,0.05061958550506528,0.03186912271831146,0.005440551582790795
