,train_ML_f1_mean,train_ML_f1_std,test_ML_f1_mean,test_ML_f1_std
0.1,0.15831567649879372,0.0279207458010554,0.04952402577620313,0.01114463855125756
0.2,0.2627361563731472,0.03291333531370871,0.13171309776088452,0.011966235159641986
0.3,0.1506421301027244,0.02863268401111007,0.08609489554479155,0.027091109992030172
0.4,0.12545933246922034,0.04122438693511617,0.03557889509372245,0.011134425456366072
0.5,0.14810614863038837,0.03884024404394335,0.022508926554761284,0.009596718391363581
0.6,0.12324913677974891,0.024273415938343368,0.07386946684056707,0.022906645891881294
0.7,0.09545632944211155,0.017245004051771,0.027205629558939036,0.012768539308526394
0.8,0.11997578461964178,0.03975647443105018,0.02891515725377832,0.010865690701942043
