,train_ML_f1_mean,train_ML_f1_std,test_ML_f1_mean,test_ML_f1_std
0.1,0.08030185004323827,0.04504007435234705,0.05648888100126437,0.014807762988645423
0.2,0.2996285973783115,0.01752210886597036,0.11466272634831398,0.0165762818558359
0.3,0.081561908492014,0.06760606154159583,0.05533691091952962,0.009363093937455462
0.4,0.06713809938309853,0.022846741635140194,0.06664954233541591,0.03494877845274323
0.5,0.09036840118671556,0.04014222257753555,0.00412269602660715,0.002169121760997769
0.6,0.06832248258409837,0.06677094170271505,0.05677196165001016,0.010974916296225795
0.7,0.06594816046546727,0.01962243048694992,0.008679328665237438,0.012257764679955041
0.8,0.06501787342279956,0.02377926023423128,0.006453876845081506,0.007833145666527328
