,train_ML_rmse_mean,train_ML_rmse_std,test_ML_rmse_mean,test_ML_rmse_std
0.1,0.5837222582914556,0.005168845833533283,0.6336698683121817,0.019044856381114538
0.2,0.584693451437398,0.005211065851149562,0.6417315791073838,0.017452503865798524
0.3,0.5864424270133128,0.004897873979725403,0.6361756787261938,0.018396064121156
0.4,0.584317234705417,0.005825390089659489,0.6374653436889345,0.018509099681601637
0.5,0.5984319893884997,0.007734689047799124,0.6473482203423981,0.01564197827532034
0.6,0.620253603606795,0.005457555992849224,0.6720617723040219,0.024661685662935303
0.7,0.6171975478334384,0.005730161908260776,0.6645834416409764,0.020666844135321306
0.8,0.61772340598589,0.005197801917966633,0.6649164398248042,0.012660052187661768
