,random,zero,Mean,MF,KNN,MICE,Missforest,XGB,OT,Hyper,GAIN,notmiwae,miwae,tabcsdi
concrete_compression,13.59199431135518,15.059372733539103,12.257539559215136,12.65344813470045,11.974875994862586,11.60645415004347,11.882340578779536,11.856600903133463,12.672228260152021,12.053213503447399,13.186216953888609,14.196335805150614,14.157318749366482,16.69710583759522
wine_quality_white,0.8391324503222963,0.8593249694733084,0.793943880297535,0.7929879724457616,0.785478173900637,0.7713140460258503,0.7750228866262975,0.7730133657812982,0.8141201242464076,0.7669122351953488,0.8362273299810026,0.8663012668839425,0.8987437386186189,0.8855531621286732
wine_quality_red,0.7372211023445875,0.771368778406359,0.6841355288930008,0.6895405868649208,0.6785761059029751,0.6775924730352578,0.6765881031809927,,0.7105823786454869,0.673757016390551,0.7147624838133387,0.7296501361634766,0.715445359228702,0.8086449455858421
california,1.0601316091776902,1.1003563013494322,0.9453803267826346,0.9472063806829445,0.9655692261508598,0.9468095180139672,0.8614752593293723,0.9069480551701996,0.9834203009868425,0.8221249922972733,0.9460800982426237,2.3833597601809666,1.9411257808337141,1.1540277930674918
yacht_hydrodynamics,13.637774431122548,14.724038128745992,12.687191060068603,12.923984018979397,13.57780122034276,12.69313178003215,13.028406629837338,12.80941321241471,12.63593353166284,12.842581525587898,13.366630845452846,13.730530357136166,13.700214591697222,15.071751744411642
