,train_ML_rmse_mean,train_ML_rmse_std,test_ML_rmse_mean,test_ML_rmse_std
0.1,10.211130034927987,0.12178000396918566,10.335722222893951,0.44182520790326096
0.2,10.648345717617783,0.13729924961202644,10.764758659664778,0.502336396262439
0.3,12.399783331453325,0.11864731232757252,12.55847462893242,0.46088431439686833
0.4,12.21661862698728,0.10899625680398732,12.353769263881151,0.3516698153743575
0.5,11.524286219534677,0.16928619831173217,11.617840814209453,0.5258044795887739
0.6,12.096300560543202,0.17389888228555003,12.155977337135383,0.4627161092225532
0.7,11.368105219280343,0.15500662236706556,11.446003111955878,0.46723812581673013
0.8,10.889632423183594,0.15629936782573034,10.997593275813468,0.5024331687216244
