,train_ML_rmse_mean,train_ML_rmse_std,test_ML_rmse_mean,test_ML_rmse_std
0.1,6.1016331044333345,0.14519788259962196,7.426727155543469,0.6225723660711987
0.2,5.862251829646366,0.10732845922070275,7.1897057123608645,0.5192622626207455
0.3,7.628052290064441,0.12364897096168036,9.244463082772926,0.5896371478978959
0.4,8.66948103355042,0.1282731790424695,10.522720093043521,0.3844759658024342
0.5,6.472708150932471,0.10161242352970883,7.930249550509883,0.46694541821586844
0.6,6.698650083160342,0.045029294319228724,8.071516974286245,0.31182806551018344
0.7,6.521273533159291,0.08521817148929062,8.104793557391204,0.3254418279976034
0.8,6.367460021881439,0.11359426048896507,7.755598496041392,0.4839344628461638
