,train_ML_rmse_mean,train_ML_rmse_std,test_ML_rmse_mean,test_ML_rmse_std
0.1,10.663921715070314,0.15496305249285072,10.698281687220192,0.5626980807314038
0.2,10.12517069568472,0.12844373904507725,10.228580126537945,0.5356872652785877
0.3,12.423519301801429,0.14171123858223605,12.456226171922186,0.525718539045705
0.4,12.609271830473732,0.11831115007412465,12.6754700425236,0.41627274069465797
0.5,11.728500395452443,0.10599902321282315,11.802871259648105,0.4320687644204468
0.6,12.434972880778204,0.11537275855036322,12.477891919306314,0.44032071318536903
0.7,11.686549029087114,0.1425381065660971,11.749730477086421,0.5348352531367314
0.8,11.669228713033615,0.1430878139182818,11.689073944434716,0.554797913530489
