,train_ML_rmse_mean,train_ML_rmse_std,test_ML_rmse_mean,test_ML_rmse_std
0.1,0.6686872342703514,0.02246544867773351,0.6720769237487284,0.02125789269741374
0.2,0.6810742489808431,0.02349337326826125,0.6810217272076651,0.026728106586531106
0.3,0.673215785325308,0.02348932262732412,0.6722083467573011,0.023073747766530775
0.4,0.6849336467187055,0.03338503176989993,0.6645847193958252,0.01989776613579172
0.5,0.6884144407554181,0.014313016421415548,0.689599083036579,0.012137022729446586
0.6,0.6924442619268512,0.024825574263564274,0.7004210697221411,0.02085057240029072
0.7,0.6988372422215005,0.01580814586183432,0.7029369361513533,0.01530656679458724
0.8,0.716112279196663,0.020560356422776337,0.7611115228063308,0.013579819108789871
