,train_ML_rmse_mean,train_ML_rmse_std,test_ML_rmse_mean,test_ML_rmse_std
0.1,0.7703878655750751,0.03595525704155345,0.6717487470260304,0.02727154547642534
0.2,0.7833416136992983,0.0255995239617952,0.6840559966936561,0.025625698131213175
0.3,0.781820615785273,0.034296950208279095,0.6700990469983601,0.024491521259380332
0.4,0.8087326267288828,0.04928919987559513,0.6657809840643735,0.02046632084576725
0.5,0.8717918509110195,0.03261075751454001,0.6947898746426286,0.012378208051754996
0.6,1.0110598484083406,0.08732653412473547,0.7270021458943274,0.02195377208571962
0.7,0.8725403387353333,0.07756622773905812,0.7344496855257401,0.013903457036120883
0.8,0.9325920796658655,0.06696737727592676,0.7998173950159875,0.02499136573237639
