,train_ML_rmse_mean,train_ML_rmse_std,test_ML_rmse_mean,test_ML_rmse_std
0.1,0.6261997330068223,0.008114868281915755,0.6271010278886557,0.008678151298371578
0.2,0.6368547599539198,0.00467490198118044,0.6534441169905822,0.008413675328509082
0.3,0.6191721211361411,0.006451463742529805,0.6490082025407315,0.011310623389146405
0.4,0.640919818293282,0.0075420487010336565,0.6533696935821507,0.007856743988120052
0.5,0.6464704682137328,0.005843314752097472,0.6841336782490657,0.006493339107951156
0.6,1.3716668903112939,0.14277238800135,1.7226443082983658,0.0542926009848047
0.7,2.304425927236546,0.12508964898643193,1.6922083744764902,0.05719730014930746
0.8,2.4299971481124416,0.1289945027292539,1.9348245595773688,0.04222816804472225
