,train_ML_rmse_mean,train_ML_rmse_std,test_ML_rmse_mean,test_ML_rmse_std
0.1,0.6754079210307458,0.007005188300847123,0.6752969047785509,0.007257915467941932
0.2,0.6809051466622869,0.0068500459679459004,0.6830087161861698,0.0066753966018563565
0.3,0.6781258906761971,0.007192859104977799,0.6883471530528373,0.008276278172677069
0.4,0.6796677050587103,0.006890999348469508,0.6783784235112793,0.006717692471445241
0.5,0.6858034973829716,0.0074364152991112055,0.6859146569294832,0.006686219586247951
0.6,1.5265937501525193,0.01605074190744205,1.4606668035227544,0.03593697293689803
0.7,1.9034492063478274,0.015252868874190617,1.452482474116276,0.03807846288802703
0.8,2.202889765478605,0.018612723547862923,1.6222419275946116,0.008624642459514232
