,RD,ZR,Mean,KNN,MF,Mice,MisF,XGB,OT,HI,GAIN,Mi,NMi,CSDI
Cali,0.9613707937032748,0.9480845991410835,0.960681775651436,0.9606819133749254,0.9853843031537028,0.9606819133749254,0.9606819133749254,0.960681775651436,0.9575477852196024,0.9606819133749254,1.0078221064010329,3.8864098505290388,4.576837710419227,1.0461682689727758
Concre,12.939822786988199,13.720845902787161,12.756657689578892,12.756657872016408,12.920379797088904,12.756657872016408,12.756657872016408,12.756657689578892,12.892894128845018,12.756657872016408,12.766308179651897,18.59949510279098,20.97550399562367,17.07436137629754
Red,0.7543846858830825,0.8304357709006501,0.7573180916396138,0.7573181076659441,0.7674979864696647,0.7573181076659441,0.7573181076659441,0.7573180916396138,0.7680911193611524,0.7573181076659441,0.7742319968441127,0.8821425966728764,1.049427819095944,0.8039808716167848
White,0.7613836732844492,0.8628001053362858,0.7616158203906525,0.761615818941892,0.7644321801493729,0.761615818941892,0.761615818941892,0.7616158203906525,0.762035667174598,0.761615818941892,0.7803402241087066,0.9118706203509064,1.4747267879304946,0.9133399888418436
Yacht,9.016521525072896,9.225431007004511,8.926598433709476,8.926598444021128,9.630427040536683,8.926598444021128,8.926598444021128,8.926598433709476,9.25155704810575,8.926598444021128,10.864917173865328,14.27623978062709,27.04606446845421,15.330382536133243
