,RD,ZR,Mean,KNN,MF,Mice,MisF,XGB,OT,HI,GAIN,Mi,NMi,CSDI
Cali,1.0918391472952296,1.1589464862388488,1.105053477060726,1.105053477060726,1.3707038111912055,1.105053477060726,1.105053477060726,1.105053477060726,1.1141193356285335,1.105053477060726,1.217895461579813,2.315149369463801,1.3303844727821488,1.1947702149869897
Concre,14.66471738124353,15.672925448486087,14.888912006815314,14.888912006815314,15.572735565164063,14.888912006815314,14.888912006815314,14.888912006815314,14.633398883273088,14.888912006815314,15.149827962525155,15.591082734864404,19.069703098834925,16.739866304709107
Red,0.7173935291482176,0.8231221803541884,0.720004162240407,0.720004162240407,0.7531511417272532,0.720004162240407,0.720004162240407,0.720004162240407,0.718514697598424,0.720004162240407,0.7538305203119385,0.9731047601460059,0.8922889666165481,0.8409982281840378
White,0.7883202368348344,1.176807332585567,0.8634068078953725,0.8634068078953725,0.9317583978959286,0.8634068078953725,0.8634068078953725,0.8634068078953725,0.7641277231398274,0.8634068078953725,0.9978048685570589,1.046865831592459,1.6579704861518643,0.8857623807315214
Yacht,17.00839845800927,16.630680039276804,16.614672093807783,16.614672093807783,16.631754599900457,16.614672093807783,16.614672093807783,16.614672093807783,16.621927766701088,16.614672093807783,16.67270663300897,16.517298932212842,17.121780125653256,17.12185737719249
