,train_ML_f1_mean,train_ML_f1_std,test_ML_f1_mean,test_ML_f1_std
0.1,0.4776858435681965,0.006069967429577366,0.5157191539976618,0.04829788313031315
0.2,0.4776858435681965,0.006069967429577366,0.4935340926821657,0.0285752196216913
0.3,0.4776858435681965,0.006069967429577366,0.5071891300312965,0.05567597877779134
0.4,0.4776858435681965,0.006069967429577366,0.49301250473664265,0.029009790719585423
0.5,0.4776858435681965,0.006069967429577366,0.4989946659324559,0.05631497633669345
0.6,0.4776858435681965,0.006069967429577366,0.47718417132739377,0.0058955496106883635
0.7,0.4776858435681965,0.006069967429577366,0.4776858435681965,0.006069967429577366
0.8,0.4776858435681965,0.006069967429577366,0.554513509660387,0.07405399157293281
