,train_rmse_mean,train_rmse_std,train_mae_mean,train_mae_std,test_rmse_mean,test_rmse_std,test_mae_mean,test_mae_std
0.1,0.12820378,0.0025337634,0.08662715,0.0038822053,0.12663727,0.005644135,0.08409551,0.004549659
0.2,0.16927436,0.010847413,0.13146766,0.0073594865,0.16532704,0.0071379025,0.12824112,0.0074784593
0.3,0.12473997,0.0038370974,0.08637856,0.0044529405,0.12417487,0.0034678143,0.084774084,0.004804898
0.4,0.14778562,0.009198264,0.10577395,0.0063547124,0.15260562,0.009801685,0.10839391,0.008187354
0.5,0.18008791,0.009933653,0.14503768,0.008965765,0.18250662,0.008975629,0.14525759,0.0077225426
0.6,0.12757894,0.005131368,0.09591071,0.0039107595,0.12991601,0.006724944,0.09753768,0.005134606
0.7,0.105045654,0.004238467,0.07568823,0.003051152,0.109197,0.0064792354,0.078412876,0.0044382242
0.8,0.10872052,0.0024019019,0.079798296,0.0018558446,0.11147487,0.0054256595,0.08087126,0.003642944
