,train_ML_rmse_mean,train_ML_rmse_std,test_ML_rmse_mean,test_ML_rmse_std
0.1,0.673173320858402,0.0038811742734495515,0.871906554664668,0.019550278276946068
0.2,0.6693322845834377,0.005866483453875685,0.8528606209717525,0.018909997036596064
0.3,0.663478163149658,0.00620696198644275,0.8563152714822534,0.016011767568964955
0.4,0.6682018698615669,0.007881805532045691,0.8615231094561153,0.028118863208450123
0.5,0.6576299865897914,0.00719833629085486,0.8396441722628698,0.027296453743761287
0.6,0.6454116613477663,0.010644750116787408,0.8408643909048216,0.03330056557678695
0.7,0.670423401735805,0.01021643563168423,0.841652453597268,0.028763258154377705
0.8,0.6718275714936283,0.009775415087647513,0.8402183254328357,0.02625774849318429
