,train_ML_rmse_mean,train_ML_rmse_std,test_ML_rmse_mean,test_ML_rmse_std
0.1,12.75939357627823,0.6319072032418429,12.973594295680519,0.6266899889042779
0.2,12.832456678016404,0.6038904531554569,13.485717095491514,0.7562610651898497
0.3,13.797528901636266,0.5915956958086803,13.791267041992768,0.6560153535253846
0.4,13.608688457533566,0.6061697233249722,14.12977664169382,0.6867151157350679
0.5,13.723873811016919,0.5558481117250452,14.505818902515733,0.5443362092602108
0.6,14.256291003003785,0.4318447899671441,15.722053564110748,0.2628107133739547
0.7,14.368368678374598,0.6484531891173942,15.439377200150847,0.7201075018098906
0.8,14.807142407956402,0.6540119556349605,16.32600086749164,0.8181780688151148
0.9,15.283695455183514,0.6362732890513988,17.009720641164506,1.0347806307062393
