,train_ML_f1_mean,train_ML_f1_std,test_ML_f1_mean,test_ML_f1_std
0.1,0.9084038430586897,0.015561785252562804,0.7752465493528793,0.10068572188128565
0.2,0.9084038430586897,0.015561785252562804,0.7752465493528793,0.10068572188128565
0.3,0.9084038430586897,0.015561785252562804,0.7752465493528793,0.10068572188128565
0.4,0.9084038430586897,0.015561785252562804,0.7752465493528793,0.10068572188128565
0.5,0.9084038430586897,0.015561785252562804,0.7752465493528793,0.10068572188128565
0.6,0.9084038430586897,0.015561785252562804,0.7752465493528793,0.10068572188128565
0.7,0.9084038430586897,0.015561785252562804,0.7752465493528793,0.10068572188128565
0.8,0.9084038430586897,0.015561785252562804,0.7752465493528793,0.10068572188128565
0.9,0.9084038430586897,0.015561785252562804,0.7752465493528793,0.10068572188128565
