,random,zero,mean,knn,mice,XGB,missforest,mf,hyper,gain,notmiwae,miwae,tabcsdi,ot
0.1,0.76223 ± 0.055,0.77914 ± 0.078,0.79964 ± 0.037,0.80445 ± 0.053,0.82674 ± 0.027,0.72955 ± 0.226,0.82200 ± 0.019,0.78767 ± 0.026,0.81714 ± 0.025,0.79294 ± 0.029,0.84034 ± 0.049,0.81188 ± 0.070,0.46182 ± 0.109,0.80294 ± 0.012
0.2,0.75541 ± 0.078,0.66222 ± 0.084,0.78737 ± 0.044,0.82139 ± 0.040,0.78078 ± 0.019,0.80356 ± 0.033,0.81168 ± 0.025,0.77459 ± 0.035,0.80450 ± 0.035,0.78851 ± 0.071,0.78269 ± 0.064,0.77973 ± 0.069,0.49467 ± 0.027,0.76218 ± 0.025
0.3,0.66606 ± 0.034,0.75172 ± 0.066,0.76844 ± 0.037,0.82405 ± 0.048,0.80523 ± 0.044,0.80606 ± 0.035,0.80036 ± 0.034,0.76768 ± 0.041,0.81426 ± 0.064,0.76294 ± 0.051,0.81467 ± 0.036,0.79307 ± 0.054,0.42206 ± 0.088,0.75426 ± 0.030
0.4,0.68378 ± 0.026,0.68507 ± 0.065,0.73577 ± 0.068,0.78315 ± 0.039,0.76964 ± 0.051,0.74070 ± 0.078,0.75138 ± 0.076,0.74069 ± 0.075,0.73960 ± 0.082,0.72126 ± 0.066,0.70383 ± 0.081,0.71050 ± 0.104,0.44765 ± 0.086,0.71169 ± 0.096
0.5,0.62458 ± 0.056,0.73057 ± 0.074,0.70803 ± 0.064,0.76947 ± 0.041,0.72317 ± 0.088,0.67211 ± 0.066,0.79768 ± 0.049,0.72386 ± 0.057,0.73750 ± 0.057,0.65035 ± 0.094,0.73935 ± 0.077,0.74450 ± 0.066,0.44085 ± 0.080,0.61373 ± 0.077
0.6,0.59052 ± 0.063,0.64267 ± 0.091,0.72913 ± 0.075,0.73121 ± 0.068,0.73035 ± 0.043,0.67187 ± 0.073,0.74515 ± 0.061,0.67713 ± 0.084,0.73030 ± 0.116,0.60389 ± 0.150,0.78771 ± 0.060,0.74495 ± 0.055,0.41948 ± 0.037,0.61981 ± 0.041
0.7,0.51381 ± 0.063,0.63627 ± 0.074,0.66937 ± 0.061,0.66265 ± 0.085,0.68267 ± 0.092,0.60673 ± 0.031,0.74047 ± 0.082,0.64106 ± 0.089,0.66886 ± 0.083,0.50934 ± 0.123,0.71274 ± 0.109,0.73348 ± 0.086,0.52022 ± 0.063,0.64415 ± 0.047
0.8,0.48021 ± 0.073,0.53746 ± 0.077,0.57170 ± 0.055,0.61178 ± 0.066,0.58278 ± 0.104,0.58222 ± 0.016,0.60878 ± 0.091,0.55363 ± 0.115,0.54272 ± 0.113,0.44531 ± 0.080,0.62807 ± 0.029,0.59207 ± 0.089,0.50348 ± 0.057,0.58616 ± 0.066
0.9,0.53804 ± 0.079,0.55070 ± 0.104,0.50172 ± 0.047,0.54607 ± 0.055,0.55747 ± 0.031,0.45447 ± 0.087,0.50740 ± 0.047,0.48160 ± 0.078,0.39594 ± 0.071,0.53939 ± 0.075,0.49161 ± 0.064,0.61058 ± 0.079,0.47451 ± 0.069,0.51745 ± 0.111
