,random,zero,mean,knn,mice,XGB,missforest,mf,hyper,gain,notmiwae,miwae,tabcsdi,ot
0.1,0.72882,0.74759,0.76536,0.75769,0.73965,0.74573,0.75983,0.76913,0.74958,0.71725,0.77528,0.76088,0.48767,0.75174
0.2,0.73272,0.64895,0.75048,0.75832,0.75628,0.76029,0.77067,0.73246,0.72163,0.72557,0.71912,0.72780,0.51030,0.73451
0.3,0.65445,0.73483,0.72622,0.76024,0.75558,0.76501,0.76777,0.74798,0.77110,0.73465,0.74074,0.74500,0.44616,0.74013
0.4,0.65790,0.66344,0.68309,0.76472,0.68056,0.74620,0.73235,0.70892,0.72977,0.67454,0.69326,0.72243,0.50652,0.73239
0.5,0.62994,0.67193,0.67901,0.74736,0.70622,0.65736,0.73206,0.70748,0.74185,0.65675,0.72952,0.75031,0.47374,0.61271
0.6,0.58255,0.64055,0.70522,0.75081,0.72736,0.67370,0.74281,0.65390,0.71841,0.55634,0.73943,0.74128,0.41848,0.60114
0.7,0.49759,0.66225,0.68222,0.67715,0.69668,0.64006,0.73280,0.67105,0.67056,0.58119,0.70277,0.71478,0.47338,0.64183
0.8,0.50812,0.51995,0.59139,0.63382,0.55538,0.53641,0.60558,0.55290,0.49821,0.52282,0.61226,0.62026,0.49934,0.55793
0.9,0.52482,0.54075,0.61734,0.56513,0.56517,0.44021,0.59376,0.53093,0.45554,0.56673,0.51111,0.55790,0.41450,0.55353
