,mean,knn,mice,XGB,missforest,mf,hyper,gain,notmiwae,miwae,tabcsdi,ot
0.1,0.76536 ± 0.054,0.75769 ± 0.068,0.73965 ± 0.073,0.74573 ± 0.067,0.75983 ± 0.056,0.76913 ± 0.075,0.74958 ± 0.075,0.71725 ± 0.067,0.77528 ± 0.080,0.76088 ± 0.066,0.48767 ± 0.095,0.75174 ± 0.045
0.2,0.75048 ± 0.058,0.75832 ± 0.055,0.75628 ± 0.060,0.76029 ± 0.059,0.77067 ± 0.043,0.73246 ± 0.064,0.72163 ± 0.057,0.72557 ± 0.080,0.71912 ± 0.074,0.72780 ± 0.068,0.51030 ± 0.032,0.73451 ± 0.032
0.3,0.72622 ± 0.074,0.76024 ± 0.052,0.75558 ± 0.044,0.76501 ± 0.074,0.76777 ± 0.037,0.74798 ± 0.055,0.77110 ± 0.085,0.73465 ± 0.082,0.74074 ± 0.061,0.74500 ± 0.059,0.44616 ± 0.051,0.74013 ± 0.059
0.4,0.68309 ± 0.098,0.76472 ± 0.053,0.68056 ± 0.089,0.74620 ± 0.085,0.73235 ± 0.087,0.70892 ± 0.114,0.72977 ± 0.108,0.67454 ± 0.069,0.69326 ± 0.060,0.72243 ± 0.086,0.50652 ± 0.081,0.73239 ± 0.097
0.5,0.67901 ± 0.034,0.74736 ± 0.080,0.70622 ± 0.042,0.65736 ± 0.041,0.73206 ± 0.044,0.70748 ± 0.069,0.74185 ± 0.041,0.65675 ± 0.083,0.72952 ± 0.097,0.75031 ± 0.060,0.47374 ± 0.116,0.61271 ± 0.076
0.6,0.70522 ± 0.077,0.75081 ± 0.085,0.72736 ± 0.032,0.67370 ± 0.051,0.74281 ± 0.027,0.65390 ± 0.086,0.71841 ± 0.063,0.55634 ± 0.111,0.73943 ± 0.059,0.74128 ± 0.088,0.41848 ± 0.054,0.60114 ± 0.050
0.7,0.68222 ± 0.071,0.67715 ± 0.084,0.69668 ± 0.088,0.64006 ± 0.050,0.73280 ± 0.082,0.67105 ± 0.093,0.67056 ± 0.059,0.58119 ± 0.077,0.70277 ± 0.095,0.71478 ± 0.097,0.47338 ± 0.029,0.64183 ± 0.053
0.8,0.59139 ± 0.093,0.63382 ± 0.052,0.55538 ± 0.078,0.53641 ± 0.047,0.60558 ± 0.111,0.55290 ± 0.087,0.49821 ± 0.111,0.52282 ± 0.122,0.61226 ± 0.047,0.62026 ± 0.097,0.49934 ± 0.063,0.55793 ± 0.092
0.9,0.61734 ± 0.053,0.56513 ± 0.093,0.56517 ± 0.039,0.44021 ± 0.071,0.59376 ± 0.072,0.53093 ± 0.116,0.45554 ± 0.071,0.56673 ± 0.058,0.51111 ± 0.028,0.55790 ± 0.036,0.41450 ± 0.071,0.55353 ± 0.052
