,random,zero,mean,knn,mice,XGB,missforest,mf,hyper,gain,notmiwae,miwae,tabcsdi,ot
0.1,0.76034,0.72120,0.76988,0.81477,0.80451,0.78681,0.82866,0.77927,0.79457,0.76917,0.83640,0.78113,0.41863,0.75537
0.2,0.72756,0.66914,0.75924,0.75349,0.79953,0.78979,0.78804,0.78751,0.76398,0.75129,0.78482,0.76311,0.52618,0.72088
0.3,0.64121,0.70968,0.68835,0.75997,0.75651,0.74900,0.77240,0.72680,0.79637,0.75974,0.80278,0.77563,0.46398,0.72512
0.4,0.63805,0.64769,0.65973,0.78063,0.72227,0.75871,0.75120,0.67306,0.73466,0.68522,0.70262,0.72361,0.51918,0.66388
0.5,0.63785,0.65951,0.65766,0.75813,0.71001,0.65042,0.78596,0.67300,0.73202,0.67305,0.76318,0.74654,0.42623,0.58317
0.6,0.57753,0.66297,0.67956,0.71188,0.74844,0.69403,0.72650,0.65641,0.67264,0.54244,0.75794,0.77719,0.42989,0.60314
0.7,0.49563,0.65694,0.67210,0.65741,0.72983,0.61844,0.72298,0.72567,0.61951,0.55340,0.73352,0.75480,0.51404,0.64891
0.8,0.54725,0.54188,0.63120,0.62099,0.55618,0.59855,0.59642,0.53511,0.50470,0.45675,0.63790,0.63485,0.47900,0.55246
0.9,0.52665,0.53215,0.67215,0.52876,0.53443,0.50717,0.63039,0.54027,0.46460,0.49925,0.47692,0.56819,0.50684,0.54690
