,random,zero,mean,knn,mice,XGB,missforest,mf,hyper,gain,notmiwae,miwae,tabcsdi,ot
0.1,0.76223,0.77914,0.79964,0.80445,0.82674,0.72955,0.82200,0.78767,0.81714,0.79294,0.84034,0.81188,0.46182,0.80294
0.2,0.75541,0.66222,0.78737,0.82139,0.78078,0.80356,0.81168,0.77459,0.80450,0.78851,0.78269,0.77973,0.49467,0.76218
0.3,0.66606,0.75172,0.76844,0.82405,0.80523,0.80606,0.80036,0.76768,0.81426,0.76294,0.81467,0.79307,0.42206,0.75426
0.4,0.68378,0.68507,0.73577,0.78315,0.76964,0.74070,0.75138,0.74069,0.73960,0.72126,0.70383,0.71050,0.44765,0.71169
0.5,0.62458,0.73057,0.70803,0.76947,0.72317,0.67211,0.79768,0.72386,0.73750,0.65035,0.73935,0.74450,0.44085,0.61373
0.6,0.59052,0.64267,0.72913,0.73121,0.73035,0.67187,0.74515,0.67713,0.73030,0.60389,0.78771,0.74495,0.41948,0.61981
0.7,0.51381,0.63627,0.66937,0.66265,0.68267,0.60673,0.74047,0.64106,0.66886,0.50934,0.71274,0.73348,0.52022,0.64415
0.8,0.48021,0.53746,0.57170,0.61178,0.58278,0.58222,0.60878,0.55363,0.54272,0.44531,0.62807,0.59207,0.50348,0.58616
0.9,0.53804,0.55070,0.50172,0.54607,0.55747,0.45447,0.50740,0.48160,0.39594,0.53939,0.49161,0.61058,0.47451,0.51745
