,random,zero,mean,knn,mice,XGB,missforest,mf,hyper,gain,notmiwae,miwae,tabcsdi,ot
0.1,0.76034 ± 0.033,0.72120 ± 0.070,0.76988 ± 0.042,0.81477 ± 0.031,0.80451 ± 0.056,0.78681 ± 0.085,0.82866 ± 0.053,0.77927 ± 0.040,0.79457 ± 0.036,0.76917 ± 0.055,0.83640 ± 0.073,0.78113 ± 0.025,0.41863 ± 0.057,0.75537 ± 0.046
0.2,0.72756 ± 0.090,0.66914 ± 0.082,0.75924 ± 0.068,0.75349 ± 0.061,0.79953 ± 0.058,0.78979 ± 0.070,0.78804 ± 0.058,0.78751 ± 0.038,0.76398 ± 0.060,0.75129 ± 0.048,0.78482 ± 0.080,0.76311 ± 0.071,0.52618 ± 0.115,0.72088 ± 0.056
0.3,0.64121 ± 0.111,0.70968 ± 0.043,0.68835 ± 0.075,0.75997 ± 0.038,0.75651 ± 0.035,0.74900 ± 0.051,0.77240 ± 0.034,0.72680 ± 0.057,0.79637 ± 0.072,0.75974 ± 0.044,0.80278 ± 0.067,0.77563 ± 0.043,0.46398 ± 0.105,0.72512 ± 0.069
0.4,0.63805 ± 0.049,0.64769 ± 0.088,0.65973 ± 0.079,0.78063 ± 0.044,0.72227 ± 0.044,0.75871 ± 0.046,0.75120 ± 0.079,0.67306 ± 0.051,0.73466 ± 0.058,0.68522 ± 0.054,0.70262 ± 0.085,0.72361 ± 0.049,0.51918 ± 0.076,0.66388 ± 0.120
0.5,0.63785 ± 0.065,0.65951 ± 0.071,0.65766 ± 0.081,0.75813 ± 0.065,0.71001 ± 0.051,0.65042 ± 0.056,0.78596 ± 0.015,0.67300 ± 0.062,0.73202 ± 0.034,0.67305 ± 0.073,0.76318 ± 0.118,0.74654 ± 0.071,0.42623 ± 0.075,0.58317 ± 0.066
0.6,0.57753 ± 0.074,0.66297 ± 0.082,0.67956 ± 0.077,0.71188 ± 0.071,0.74844 ± 0.027,0.69403 ± 0.054,0.72650 ± 0.057,0.65641 ± 0.106,0.67264 ± 0.139,0.54244 ± 0.084,0.75794 ± 0.062,0.77719 ± 0.066,0.42989 ± 0.098,0.60314 ± 0.008
0.7,0.49563 ± 0.037,0.65694 ± 0.060,0.67210 ± 0.046,0.65741 ± 0.042,0.72983 ± 0.070,0.61844 ± 0.056,0.72298 ± 0.093,0.72567 ± 0.097,0.61951 ± 0.072,0.55340 ± 0.089,0.73352 ± 0.087,0.75480 ± 0.083,0.51404 ± 0.113,0.64891 ± 0.050
0.8,0.54725 ± 0.103,0.54188 ± 0.091,0.63120 ± 0.067,0.62099 ± 0.018,0.55618 ± 0.084,0.59855 ± 0.035,0.59642 ± 0.075,0.53511 ± 0.108,0.50470 ± 0.111,0.45675 ± 0.114,0.63790 ± 0.028,0.63485 ± 0.064,0.47900 ± 0.097,0.55246 ± 0.052
0.9,0.52665 ± 0.057,0.53215 ± 0.097,0.67215 ± 0.034,0.52876 ± 0.065,0.53443 ± 0.072,0.50717 ± 0.102,0.63039 ± 0.031,0.54027 ± 0.128,0.46460 ± 0.089,0.49925 ± 0.043,0.47692 ± 0.014,0.56819 ± 0.076,0.50684 ± 0.047,0.54690 ± 0.074
