,mean,knn,mice,XGB,missforest,mf,hyper,gain,notmiwae,miwae,tabcsdi,ot
0.1,0.21041 ± 0.019,0.14987 ± 0.011,0.11128 ± 0.011,59.01577 ± 117.713,0.12391 ± 0.007,0.19542 ± 0.015,0.13606 ± 0.009,0.18354 ± 0.018,0.14907 ± 0.012,0.14783 ± 0.011,0.26298 ± 0.023,0.23369 ± 0.017
0.2,0.21198 ± 0.016,0.15539 ± 0.007,0.18119 ± 0.017,0.16921 ± 0.019,0.12668 ± 0.006,0.19963 ± 0.012,0.14969 ± 0.005,0.20217 ± 0.014,0.15544 ± 0.010,0.15701 ± 0.016,0.25131 ± 0.016,0.23854 ± 0.015
0.3,0.20709 ± 0.015,0.15785 ± 0.008,0.54816 ± 0.642,0.21748 ± 0.006,0.13375 ± 0.008,0.19966 ± 0.018,0.14855 ± 0.010,0.23432 ± 0.015,0.15548 ± 0.013,0.15915 ± 0.013,0.24734 ± 0.019,0.23157 ± 0.015
0.4,0.21063 ± 0.015,0.17123 ± 0.011,0.97876 ± 0.757,0.25785 ± 0.020,0.14201 ± 0.010,0.20483 ± 0.013,0.16029 ± 0.008,0.28789 ± 0.009,0.15857 ± 0.008,0.16289 ± 0.012,0.24974 ± 0.015,0.23566 ± 0.011
0.5,0.21301 ± 0.014,0.18805 ± 0.008,0.44434 ± 0.272,0.29608 ± 0.016,0.15581 ± 0.007,0.20915 ± 0.016,0.16969 ± 0.010,0.36821 ± 0.015,0.16481 ± 0.010,0.16292 ± 0.010,0.24874 ± 0.012,0.23952 ± 0.013
0.6,0.21413 ± 0.012,0.20359 ± 0.010,0.69089 ± 0.295,0.31524 ± 0.022,0.16945 ± 0.008,0.21268 ± 0.012,0.17969 ± 0.008,0.43597 ± 0.012,0.17153 ± 0.009,0.17123 ± 0.008,0.24928 ± 0.011,0.24025 ± 0.011
0.7,0.21222 ± 0.011,0.22770 ± 0.008,0.61302 ± 0.598,0.32347 ± 0.036,0.18610 ± 0.011,0.21565 ± 0.014,0.19502 ± 0.003,0.44948 ± 0.017,0.17981 ± 0.007,0.17783 ± 0.011,1.02896 ± 1.547,0.24089 ± 0.011
0.8,0.21498 ± 0.012,0.24361 ± 0.011,0.25389 ± 0.023,0.31357 ± 0.037,0.22580 ± 0.010,0.22283 ± 0.016,0.22661 ± 0.013,0.43170 ± 0.014,0.20107 ± 0.011,0.19781 ± 0.010,8.84627 ± 16.306,0.24878 ± 0.017
0.9,0.22208 ± 0.014,0.24598 ± 0.011,0.27754 ± 0.018,1.17538 ± 1.419,0.23841 ± 0.010,0.23987 ± 0.013,0.27206 ± 0.018,0.43209 ± 0.021,1.22801 ± 0.174,0.22382 ± 0.015,39.07074 ± 21.646,0.26431 ± 0.012
