,mean,knn,mice,XGB,missforest,mf,gain,mcflow,notmiwae,miwae,tabcsdi
0.1,0.20522 ± 0.004,0.15017 ± 0.003,0.11062 ± 0.003,400.25677 ± 800.149,0 ± 0,0.16322 ± 0.003,0.16530 ± 0.011,0 ± 0,0 ± 0,0 ± 0,0 ± 0
0.2,0.20894 ± 0.005,0.15086 ± 0.002,0.12877 ± 0.003,0.16213 ± 0.007,0 ± 0,0.16597 ± 0.002,0.20567 ± 0.008,0 ± 0,0 ± 0,0 ± 0,0 ± 0
0.3,0.20325 ± 0.004,0.15542 ± 0.002,0.13450 ± 0.003,0.19359 ± 0.002,0 ± 0,0.17040 ± 0.002,0.24843 ± 0.006,0 ± 0,0 ± 0,0 ± 0,0 ± 0
0.4,0.20690 ± 0.004,0.16989 ± 0.001,0.14515 ± 0.001,0.22349 ± 0.005,0 ± 0,0.18508 ± 0.004,0.29619 ± 0.004,0 ± 0,0 ± 0,0 ± 0,0 ± 0
0.5,0.20844 ± 0.004,0.18364 ± 0.001,0.15734 ± 0.002,0.23019 ± 0.005,0 ± 0,0.19546 ± 0.005,0.32510 ± 0.013,0 ± 0,0 ± 0,0 ± 0,0 ± 0
0.6,0.21027 ± 0.003,0.19961 ± 0.002,0.17165 ± 0.003,0.23749 ± 0.005,0 ± 0,0.20420 ± 0.002,0.34840 ± 0.016,0 ± 0,0 ± 0,0 ± 0,0 ± 0
0.7,0.20866 ± 0.003,0.22394 ± 0.003,0.18848 ± 0.002,0.23712 ± 0.002,0 ± 0,0.20507 ± 0.003,0.35344 ± 0.020,0 ± 0,0 ± 0,0 ± 0,0 ± 0
0.8,0.21128 ± 0.003,0.24283 ± 0.003,0.22054 ± 0.002,0.24869 ± 0.003,0 ± 0,0.21169 ± 0.003,0.32758 ± 0.011,0 ± 0,0 ± 0,0 ± 0,0 ± 0
0.9,0.21891 ± 0.002,0.24422 ± 0.004,0.24753 ± 0.004,1.43098 ± 2.088,0 ± 0,0.22649 ± 0.003,0.42564 ± 0.015,0 ± 0,0 ± 0,0 ± 0,0 ± 0
