,train_rmse_mean,train_rmse_std,train_mae_mean,train_mae_std,test_rmse_mean,test_rmse_std,test_mae_mean,test_mae_std
0.3,0.12419452,0.0017883105,0.07417406,0.0025659767,0.12482383,0.0035049336,0.07393547,0.0052957623
0.5,0.13463265,0.0019398557,0.08350342,0.0032128836,0.1343068,0.0015917987,0.08299623,0.0037161454
0.7,0.14214551,0.0011130185,0.092261136,0.0031802298,0.14176233,0.0017196022,0.09196113,0.0035529188
