,train_ML_f1_mean,train_ML_f1_std,test_ML_f1_mean,test_ML_f1_std
0.1,0.8055598054979545,0.07231492773756687,0.8099044725218565,0.054076402982978874
0.2,0.7329756236238338,0.0638906739036797,0.733005559715165,0.061090653000022754
0.3,0.6611453733895158,0.026932781379899306,0.6576465637637127,0.04842914108969428
0.4,0.5887071521186276,0.01337845034893529,0.5791101132765627,0.029230991189093145
0.5,0.603452583672776,0.03301456651952684,0.5915077966464389,0.059512031562702766
0.6,0.5793413109812615,0.0538902467846868,0.5655277546146064,0.05774616391773041
0.7,0.6405343354225337,0.013129773845996189,0.6380448940396934,0.03430252721714847
0.8,0.45960749355061503,0.05058981618268393,0.4652239970005875,0.06591647109688255
0.9,0.5229995607629091,0.04045119025331706,0.5059132609710482,0.020117376748891847
