,train_rmse_mean,train_rmse_std,train_mae_mean,train_mae_std,test_rmse_mean,test_rmse_std,test_mae_mean,test_mae_std
0.1,0.122800194,0.0040549035,0.095633484,0.0036590241,0.12650298,0.011456378,0.097666346,0.010178333
0.2,0.14904061,0.004147777,0.11276903,0.0040109614,0.14575033,0.011686919,0.10919829,0.00527038
0.3,0.16932212,0.008481976,0.13282126,0.0061047813,0.16570291,0.0066518574,0.12975118,0.002887322
0.4,0.15115047,0.0026198337,0.11780498,0.002182628,0.15001014,0.0062683793,0.116205715,0.004537479
0.5,0.16666088,0.0035694693,0.12993822,0.0016674366,0.1668698,0.006359041,0.1302392,0.0059358324
0.6,0.17250223,0.006472646,0.13766587,0.0058767656,0.17111108,0.0049890378,0.13689943,0.0031750223
0.7,0.21235795,0.0057649077,0.17159417,0.007368965,0.21198277,0.01012296,0.17097034,0.009329071
0.8,0.25327843,0.10818098,0.19156206,0.067344934,0.25903672,0.11956498,0.19418454,0.074031204
0.9,1.4170316,1.083803,0.9132764,0.6944931,1.4177592,1.0904813,0.9159296,0.6981775
