,train_ML_rmse_mean,train_ML_rmse_std,test_ML_rmse_mean,test_ML_rmse_std
0.1,0.6636024774816798,0.024916803243315386,0.6655908974170024,0.020670267379653478
0.2,0.6839698005988505,0.024389254425975584,0.6685236573092601,0.018311536941691364
0.3,0.6701495024136643,0.020671757513703024,0.6677277896772449,0.020988830978269552
0.4,0.6798571674372915,0.03181534828397891,0.6683250822395659,0.01929965767372579
0.5,0.7562931276903424,0.028422943576566065,0.6784388459496615,0.016302590568515612
0.6,0.9361819154012178,0.043322489444434516,0.6991918571273174,0.020278997803735037
0.7,0.7601571448160654,0.041299993981072154,0.7392880044727139,0.026002072868619396
0.8,1.1198885497333397,0.09733370631070763,0.7677564464216676,0.022650161077559093
