,train_ML_f1_mean,train_ML_f1_std,test_ML_f1_mean,test_ML_f1_std
0.1,0.9940979145340169,0.00499075923887781,0.8989554483790283,0.007347534541517544
0.2,0.9764676792477246,0.015070178568938457,0.8418560095933338,0.017883855137303086
0.3,0.9742595795109388,0.012896799418594026,0.7345986652397378,0.02275111810930674
0.4,0.9602034754554385,0.020675063476747944,0.6879745632792899,0.016858041763495722
0.5,0.935145878448609,0.030348771224943245,0.6309414407678589,0.029602267591547014
0.6,0.9124173140471201,0.01866500576276663,0.6062615359826116,0.030291435984662527
0.7,0.8402732228472314,0.050480575907105925,0.5592223033167396,0.025286261829635517
0.8,0.5202486974076075,0.047812230486441495,0.5315364706169536,0.024158031821989744
0.9,0.5488098895107536,0.0839165337161064,0.5263520903593838,0.03528202194585077
