,train_ML_rmse_mean,train_ML_rmse_std,test_ML_rmse_mean,test_ML_rmse_std
0.1,0.9048054137322608,0.03771978665617845,0.9045392161228809,0.03059115734615319
0.2,0.9455595770632204,0.061821411745951106,0.9457814965884108,0.06080231047545526
0.3,0.9792248656957672,0.04625492296877025,0.9811435011487211,0.032543852565705834
0.4,1.0306431137158332,0.03582521091749137,1.0283138172291713,0.03330288762173633
0.5,1.0428447335467301,0.025520386831261215,1.0441234161069808,0.03133218478867971
0.6,1.0786000987869786,0.018119227885502853,1.0795231811362087,0.020469490808738614
0.7,1.1006131147145484,0.016898261298322396,1.1010680221795357,0.01496256304889386
0.8,1.0806923572325517,0.021645245632672647,1.0825543190650815,0.016274250491024562
0.9,1.1314910699233305,0.0031294370520927196,1.1326669783076364,0.008241958218215144
