,train_rmse_mean,train_rmse_std,train_mae_mean,train_mae_std,test_rmse_mean,test_rmse_std,test_mae_mean,test_mae_std
0.1,0.09741412,0.009201038,0.041043602,0.0008093205,0.083321914,0.0064696916,0.040524844,0.0008405929
0.2,0.095634066,0.0021060384,0.045713793,0.0008691213,0.10489979,0.0056463494,0.049141504,0.0026381717
0.3,0.093742065,0.0013740117,0.047376238,0.0003378986,0.0976726,0.0032742165,0.04946472,0.00050757144
0.4,0.1041342,0.003391487,0.05324012,0.00056399626,0.11081153,0.0052809,0.055270232,0.0012648618
0.5,0.100469306,0.0021395723,0.05600258,0.0009302699,0.11321823,0.016475875,0.058885526,0.0033234898
0.6,0.11892907,0.007884517,0.06731706,0.0024610804,0.17186041,0.083197184,0.07335591,0.0034431026
0.7,0.1270152,0.0031028986,0.07413183,0.0024370176,32891.566,65782.87,1541.8214,3083.4924
0.8,0.14447704,0.0017496658,0.084100835,0.00065661094,0.1581959,0.013945598,0.09000261,0.005277568
0.9,0.15203409,0.009171012,0.08321351,0.002095009,10782.894,21564.408,421.09058,841.9397
