,train_ML_f1_mean,train_ML_f1_std,test_ML_f1_mean,test_ML_f1_std
0.1,0.8617154667961282,0.007140732775222721,0.8425804088289184,0.022217175388804467
0.2,0.8542516302853891,0.008218446336030086,0.8281324862685228,0.03747144432259554
0.3,0.8481583400566002,0.006944489274681793,0.8349008819260535,0.024717628218593305
0.4,0.8359274410523325,0.009900915342397922,0.7992013251474839,0.02692483221069434
0.5,0.8245958072031652,0.006597758762027897,0.807064657470009,0.045338422022689624
0.6,0.8060373150869118,0.012823299150115739,0.7774760159270352,0.03381989723025539
0.7,0.759198293051796,0.025498552945682082,0.7266336072606432,0.02441021240713706
0.8,0.7287898034904247,0.020855086947825664,0.6615322000586932,0.026705526191376974
0.9,0.623424727810018,0.01666583913403681,0.5574495448024535,0.05220428132701007
