,train_ML_f1_mean,train_ML_f1_std,test_ML_f1_mean,test_ML_f1_std
0.1,0.8077948253682697,0.008912801906024665,0.802482077273579,0.040163067204226396
0.2,0.8120783215318653,0.010384205526601882,0.8043935526859702,0.045971101316287274
0.3,0.8000791603444947,0.0072360123157968505,0.7915789050574471,0.036071540338471424
0.4,0.7855339424928051,0.006376977900539447,0.7786515298916773,0.03500920466336091
0.5,0.773960426624599,0.008007272556821262,0.7666997634231552,0.054062334314694135
0.6,0.7504408940118686,0.008621918673308302,0.7378249758608416,0.052690573763300816
0.7,0.6768506683080302,0.019180896961022115,0.6740062666151209,0.03611064482141947
0.8,0.6192933725030676,0.03326643906749515,0.5936255244115427,0.027777829891044464
0.9,0.5009228756617826,0.034066148931302775,0.47389533250061033,0.05646830297136256
