,train_ML_f1_mean,train_ML_f1_std,test_ML_f1_mean,test_ML_f1_std
0.1,0.8406166303015805,0.006153202736894586,0.8325767974272731,0.03619375160128638
0.2,0.8404384454873701,0.007098124324196785,0.8336311734345949,0.04143331579600524
0.3,0.826433668100304,0.006970026093869593,0.8163509057052074,0.039584046176333196
0.4,0.8162751793164512,0.0088096387972942,0.8039856216405854,0.041985287743597666
0.5,0.8059686729056361,0.013142457941625647,0.7942730840510538,0.04587399588695707
0.6,0.7790096400515611,0.010044063687500559,0.767227487384274,0.040230418705067335
0.7,0.7133378943943383,0.024239646157586496,0.6959603616449075,0.032250508510310576
0.8,0.6145357605426284,0.04085791772015039,0.5746499986557666,0.018415497036125886
0.9,0.4290489920737038,0.03315969090127877,0.41320299805389277,0.020636996473649583
