,train_ML_rmse_mean,train_ML_rmse_std,test_ML_rmse_mean,test_ML_rmse_std
0.1,0.8605119552693374,0.016196687002194485,0.8054214783314748,0.009952518539684131
0.2,0.876921944679341,0.06358805941208628,0.8112738966650191,0.017961781870217422
0.3,0.818458842543252,0.01819542240843878,0.8176839906684064,0.015160473228388245
0.4,0.8235964428291563,0.04436772085046513,0.8335859000401523,0.02386002657970088
0.5,0.9064162001378065,0.0638217250692396,0.8391369328607403,0.014822844661193175
0.6,0.8508050185871061,0.036607116728298604,0.842106928051661,0.015277685785939516
0.7,0.8053794448158118,0.020515097897042266,0.8565100475531804,0.017074752009443184
0.8,0.8975882118387031,0.05422260320741338,0.8861759955575315,0.015112849916212952
0.9,0.8597353218508601,0.031884594809240274,3.3000093406191957,2.241418327929834
