,train_ML_f1_mean,train_ML_f1_std,test_ML_f1_mean,test_ML_f1_std
0.1,0.7491516453668206,0.06446033360930442,0.4776858435681965,0.006069967429577366
0.2,0.7325897990374841,0.058592455236964505,0.4935340926821657,0.0285752196216913
0.3,0.5332740469732868,0.04050556068370771,0.4776858435681965,0.006069967429577366
0.4,0.5445673985904079,0.09211259326299466,0.4776858435681965,0.006069967429577366
0.5,0.4773655293779311,0.001642527687711916,0.4776858435681965,0.006069967429577366
0.6,0.4773655293779311,0.001642527687711916,0.4776858435681965,0.006069967429577366
0.7,0.4773655293779311,0.001642527687711916,0.4776858435681965,0.006069967429577366
0.8,0.4773655293779311,0.001642527687711916,0.4776858435681965,0.006069967429577366
