,train_ML_f1_mean,train_ML_f1_std,test_ML_f1_mean,test_ML_f1_std
0.1,0.7920434666690664,0.03242112633017621,0.7397943068358634,0.08609722496604898
0.2,0.7582399464583076,0.026009756704079134,0.6750081562800331,0.07626645180405922
0.3,0.6578598743049107,0.07607525449123442,0.5098948546108841,0.0417711909916867
0.4,0.6888239149352209,0.08065677583930818,0.5995952235768292,0.06376435021387925
0.5,0.5345944473425341,0.031355598325112366,0.4746100260210956,0.007207109844420572
0.6,0.6394962713786603,0.04534344856092379,0.5365382411978104,0.08060710931097281
0.7,0.48374434513891823,0.013740089597202998,0.4776858435681965,0.006069967429577366
0.8,0.525285142816497,0.03134907875956035,0.5035135143494277,0.06440916042643961
