,train_ML_f1_mean,train_ML_f1_std,test_ML_f1_mean,test_ML_f1_std
0.1,0.3824592332352655,0.006732825701160455,0.35106106066899434,0.04899437609236729
0.2,0.37154615039484346,0.02295423077230539,0.3014505987398759,0.023441153050460416
0.3,0.3561984785162496,0.03379574497021154,0.27093069663149283,0.038868432796121406
0.4,0.2904909041267399,0.02477174799435055,0.2762951981716185,0.024125012641737484
0.5,0.24846417543388596,0.03433469125897789,0.2192389761792808,0.02593676683946148
0.6,0.26714121621600084,0.03967791681508614,0.20677805088244172,0.03180975585051552
0.7,0.190195162808554,0.027505990327957284,0.1664895941008619,0.03230042390970444
0.8,0.159080558573985,0.03381800974177885,0.15601664672210364,0.03416534921413567
0.9,0.09239670546306267,0.010844886292968644,0.09390949020945527,0.020147937186844843
