,train_rmse_mean,train_rmse_std,train_mae_mean,train_mae_std,test_rmse_mean,test_rmse_std,test_mae_mean,test_mae_std
0.1,0.08597861,0.0032843987,0.03348637,0.0009285824,0.08274758,0.0058146995,0.032871854,0.00087192265
0.2,0.08644451,0.0011489093,0.03434609,0.0005049706,0.08446546,0.0037556759,0.03425315,0.001357337
0.3,0.09917077,0.0021808504,0.041069005,0.0008836828,0.09982045,0.004738436,0.041267008,0.0015106464
0.4,0.10819813,0.00096258824,0.047618818,0.00069485203,0.11139347,0.0051094294,0.048667897,0.0022239946
0.5,0.12748227,0.002331687,0.061268378,0.001046754,0.12860474,0.0045611584,0.061853983,0.0013418751
0.6,0.14490469,0.0026886344,0.07772923,0.0017619908,0.14557691,0.0013285315,0.077524915,0.0012255918
0.7,0.1558362,0.0037272624,0.08468906,0.0024711129,0.15779908,0.003529538,0.08568985,0.0012435153
0.8,0.1566666,0.0013551874,0.085518315,0.0012458343,0.1570796,0.004135691,0.08577086,0.0020094537
0.9,0.15184584,0.001861836,0.08242541,0.0016124621,0.15348211,0.0025522676,0.08320009,0.001579636
