,train_ML_f1_mean,train_ML_f1_std,test_ML_f1_mean,test_ML_f1_std
0.1,0.8400964387883694,0.012158724432764773,0.8363424572768713,0.042201180682772545
0.2,0.8389771969126869,0.004772403967999369,0.8342585774966175,0.03411447847357541
0.3,0.8222680892519992,0.007531306194508081,0.7980878078789123,0.027284309881572932
0.4,0.8186423725513208,0.007659690487140112,0.803062561102059,0.035942599725153436
0.5,0.7730683253879842,0.014637331916596132,0.7482675722767496,0.033062951946128134
0.6,0.7227632983145236,0.0060282161221197296,0.7053673177306443,0.032126441034006685
0.7,0.5337619574478236,0.05452599227835917,0.4884864807783744,0.043429550767404554
0.8,0.3972315819715694,0.0016907381296862522,0.39842406976903394,0.007541615391697323
0.9,0.39808541184250207,0.0033632619056764585,0.39842406976903394,0.007541615391697323
