,train_ML_f1_mean,train_ML_f1_std,test_ML_f1_mean,test_ML_f1_std
0.1,0.9723941247978344,0.0030220345881352964,0.9689523002669782,0.009782452199260433
0.2,0.953361008864311,0.0035257280096341625,0.9513369513734528,0.01983471888595009
0.3,0.9452244115527682,0.005224230011517699,0.9384334975470342,0.013997507459467784
0.4,0.9371667649454405,0.0038105118754056836,0.9345888241818912,0.028158914258230198
0.5,0.9066876133398989,0.004614344072316571,0.8963827528627162,0.024884413122292934
0.6,0.9301797611875445,0.0037648631705019453,0.9178156419006077,0.016441797144613975
0.7,0.9448918908139863,0.0042383680608291735,0.9557026736326287,0.011149933333635965
0.8,0.8293684851466038,0.006641123838587251,0.8270984325571398,0.018911198568022654
