,train_ML_f1_mean,train_ML_f1_std,test_ML_f1_mean,test_ML_f1_std
0.1,0.9320905065473317,0.00478977880162912,0.9310719865152564,0.015494967800494051
0.2,0.9048866120132132,0.008092716728103232,0.9000314442559987,0.024122940610032065
0.3,0.8896866232736216,0.008157012359339473,0.8854798151106593,0.023449171576115802
0.4,0.854802150624747,0.009222606450299159,0.8402869078607456,0.02394803039352239
0.5,0.852472919204122,0.006842064649175207,0.8487204676503385,0.0204010863301111
0.6,0.8819451838438749,0.00915616988935886,0.8726897225510228,0.02822040825503188
0.7,0.9004158416952197,0.003508622241495684,0.8997421507586754,0.020201807169727387
0.8,0.7831232928899832,0.006026796574618063,0.7804534908029306,0.01505041155259261
