,train_ML_f1_mean,train_ML_f1_std,test_ML_f1_mean,test_ML_f1_std
0.1,0.9485326103791054,0.01906818363511649,0.7993844569482822,0.04953067089887738
0.2,0.9444131649375768,0.008306097363306906,0.7945069244353565,0.059333695503654145
0.3,0.9447986383213245,0.011267497085456678,0.7999374986777945,0.05017333588392691
0.4,0.9433903638235502,0.008770874236002207,0.8173143416717468,0.027318310983933954
0.5,0.9083639218321415,0.01928144248763425,0.7436043769135698,0.049590821762917965
0.6,0.927086216352822,0.01064819076628124,0.8023477351642281,0.027004805640140274
0.7,0.9229421275070612,0.012204921073739038,0.7599949388824179,0.07128179873390403
0.8,0.9121616052954392,0.0195929314687802,0.7794553981608643,0.040055876385590994
