,train_ML_f1_mean,train_ML_f1_std,test_ML_f1_mean,test_ML_f1_std
0.1,0.9206114022718941,0.01761439246087871,0.7742701629039295,0.09087501045271165
0.2,0.9207163660249945,0.014120036151922144,0.7635878884983744,0.10053355089318153
0.3,0.9325924802493601,0.009473573132577188,0.7744709399599911,0.10459997289734548
0.4,0.9394263085114811,0.014604770826176462,0.7721654089945685,0.049795836103583076
0.5,0.9408013293120104,0.009822561127572793,0.7409666983409284,0.06289820699597462
0.6,0.9126685244008168,0.013117018867988139,0.7290176732610485,0.07940538846136126
0.7,0.9083290874091082,0.013413150698298867,0.7773038366196235,0.10254669774736568
0.8,0.9326766603942247,0.020221711408785006,0.7862042995763926,0.032468679485207624
