,train_ML_f1_mean,train_ML_f1_std,test_ML_f1_mean,test_ML_f1_std
0.1,0.967590432212506,0.018817659281455592,0.7921614182532484,0.07799848677260916
0.2,0.9649916999265145,0.014160259088374871,0.7618487824528577,0.05539920789373734
0.3,0.9771948694144191,0.010826192595303919,0.7931922002560043,0.052764405587911775
0.4,0.95142638706502,0.00487231018195278,0.8130037393405459,0.033947008985175615
0.5,0.9501283019205957,0.0131724281955041,0.7374322739683817,0.04598931254391018
0.6,0.9353490897535831,0.012443548587728902,0.7528360041517936,0.03321634749896029
0.7,0.9353201403278076,0.009394270348952521,0.8091531751417584,0.04055569056755773
0.8,0.9433983849591352,0.012577656266761132,0.8320119847161205,0.0375432640676245
