,train_ML_f1_mean,train_ML_f1_std,test_ML_f1_mean,test_ML_f1_std
0.1,0.8649468440334568,0.016968568064113274,0.7756566740716695,0.038580563473028635
0.2,0.8622635274202987,0.020193317725641,0.7528539673858893,0.07190076901792372
0.3,0.8834753391622684,0.011992733992702268,0.7650860093718587,0.10256489207360073
0.4,0.8603220180981808,0.008551915805391882,0.7589084746154214,0.03227748238318989
0.5,0.8342967239494081,0.023147110698741324,0.6852917522251557,0.06723078747640523
0.6,0.8555965298063217,0.012070601425558953,0.7433787966804086,0.06832892540104006
0.7,0.851935916689903,0.021746358218234018,0.7761632563235393,0.08932279092575401
0.8,0.8592732540269479,0.013528493481347121,0.7729767148598155,0.012965601737330643
