,train_rmse_mean,train_rmse_std,train_mae_mean,train_mae_std,test_rmse_mean,test_rmse_std,test_mae_mean,test_mae_std
0.1,0.41836533,0.021460157,0.40232515,0.020875262,0.4174013,0.020144824,0.40153426,0.018072706
0.2,0.16807623,0.018631767,0.15406005,0.021118235,0.16649452,0.021474011,0.15251982,0.020739345
0.3,0.38206428,0.017080622,0.34748927,0.012531454,0.38051766,0.014121776,0.3460184,0.0117311375
0.4,0.36161444,0.018243778,0.3272414,0.01532357,0.36078814,0.019646415,0.32600582,0.017787913
0.5,0.33086497,0.011631755,0.30913183,0.014412482,0.3325034,0.018053995,0.31020445,0.01953811
0.6,0.4137054,0.010448897,0.38022897,0.008359275,0.41393083,0.01063053,0.38035646,0.0062637543
0.7,0.44163552,0.007431415,0.4016467,0.008056021,0.44163132,0.0040006572,0.40109667,0.005184019
0.8,0.4475337,0.017027928,0.40684277,0.017341588,0.4483195,0.019749088,0.40717334,0.020936511
