,train_ML_rmse_mean,train_ML_rmse_std,test_ML_rmse_mean,test_ML_rmse_std
0.1,11.853186905868963,0.2155466061097945,11.979353232947197,0.6051838840347182
0.2,11.954678076086756,0.26206013094567226,12.066544879529058,0.6758109338544863
0.3,12.67091686823866,0.19282520539868558,12.739045837344388,0.5006812390666523
0.4,12.967405746916217,0.271026866665578,13.096437466635162,0.5069080775179163
0.5,13.129849727382743,0.2475826536015765,13.095740691243089,0.6962904502914009
0.6,14.446447373274282,0.3559824305088847,14.473687550093596,0.7188168587885267
0.7,14.204448706605078,0.4108145244553139,14.246371003747623,0.7118392757126107
0.8,12.268445254343288,0.2576727752154344,12.364505620310464,0.7986184581253467
