,train_ML_rmse_mean,train_ML_rmse_std,test_ML_rmse_mean,test_ML_rmse_std
0.1,14.882466299881733,0.1356960367410967,14.844605696562525,0.7030669976587689
0.2,14.186430114259167,0.36399154795987765,14.157325068392996,0.564245265497781
0.3,15.454070202811684,0.23278510209342237,15.438075306362702,0.728256689801376
0.4,15.884846027679902,0.23733750957702038,15.875044021326904,0.5140965387181236
0.5,15.545003642106204,0.20391396166495046,15.486362102125847,0.6492084757368406
0.6,16.08576300141854,0.11020945621660289,16.033603121140388,0.6266018167078542
0.7,16.224784244805413,0.25918345544157023,16.204977188328407,0.44496585235455904
0.8,15.719687432092153,0.291532147314578,15.640539634958987,0.6747565612045707
