,train_ML_f1_mean,train_ML_f1_std,test_ML_f1_mean,test_ML_f1_std
0.1,0.2141006913627285,0.012216499570987376,0.20650290324575588,0.02836462314076029
0.2,0.17505554051618377,0.010604382886263662,0.16073316669110613,0.016986992272494675
0.3,0.1585053048115693,0.008173596461038104,0.1619912954772231,0.02077105130586986
0.4,0.12526205424212283,0.003211122147740148,0.12060222728838706,0.015362313142328972
0.5,0.11325832568346286,0.007124972089239986,0.10349188311680133,0.02993344469584078
0.6,0.09711165568887861,0.008931068996939172,0.10183607747885766,0.022697026824604172
0.7,0.08862672344956177,0.0021019738326464653,0.08210636488396324,0.0045108054096801575
0.8,0.12633979523685707,0.0046449230789681615,0.12261918490711757,0.018191408447193576
0.9,0.1054797679452785,0.0031828376788664813,0.10233382201089944,0.0064032036649913525
