,train_ML_f1_mean,train_ML_f1_std,test_ML_f1_mean,test_ML_f1_std
0.1,0.13566275117417306,0.02209439063326975,0.17269361763782418,0.0428807216953915
0.2,0.39112314546783783,0.013903253333990138,0.3906696864991003,0.01273399836844079
0.3,0.39148972745702765,0.021984243041960998,0.3078771357408192,0.03806568853543817
0.4,0.16042780261517442,0.04028841515956185,0.1650715717339495,0.04068846406228148
0.5,0.1084033612076172,0.01517663719600202,0.08977662667917788,0.019817474431532634
0.6,0.2919792436480827,0.02179651811607244,0.22763537315349436,0.03464266585045065
0.7,0.07944974578212063,0.016494579601947335,0.06493863026743744,0.01584613575859186
0.8,0.09354752300994298,0.018677990152900985,0.09769106896351758,0.017588274843788665
