,train_ML_f1_mean,train_ML_f1_std,test_ML_f1_mean,test_ML_f1_std
0.1,0.5896687212394026,0.007594369360343828,0.5867238068591618,0.03367581721923602
0.2,0.5868902367062246,0.022024847982211826,0.5704045248705961,0.054875032039401826
0.3,0.5782605210044329,0.02263492802237288,0.5185781542452109,0.018253584755597463
0.4,0.5944641673512564,0.014596945970257888,0.5892219432510248,0.04272145677968513
0.5,0.5604257148331369,0.025930900401815078,0.5332842302295987,0.038289602094573875
0.6,0.552440666532075,0.018995247802317948,0.5010714853813674,0.051142232619186136
0.7,0.5749825834135025,0.010715591218499451,0.5410811862837653,0.01890248708430401
0.8,0.5576474806846348,0.02428832021936343,0.5223343541693538,0.029885397043760746
