,train_ML_f1_mean,train_ML_f1_std,test_ML_f1_mean,test_ML_f1_std
0.1,0.6767720654284203,0.02750760957432021,0.4952351687240629,0.03911108948200473
0.2,0.6361747632973132,0.025481715807019526,0.47541206818506376,0.0319367053634918
0.3,0.630195993709673,0.028993602341743044,0.45819704949203804,0.0183179876096171
0.4,0.6496579585345582,0.034560320983289976,0.4758849398505626,0.00510868076050517
0.5,0.6186059367348891,0.024986485607413577,0.44546860143947614,0.02279453599231845
0.6,0.7593389382316621,0.024388838345440953,0.524757781160649,0.04054974814991447
0.7,0.6755631466817681,0.02820215273284465,0.46823557798363347,0.02716503001347184
0.8,0.7257600790401009,0.02171806565422561,0.5095643045240092,0.04343875535080113
