,train_ML_f1_mean,train_ML_f1_std,test_ML_f1_mean,test_ML_f1_std
0.1,0.6697190557591389,0.043580690906723174,0.6325898855050325,0.09640647210090011
0.2,0.5610451810582048,0.03416634724119285,0.5162208262384645,0.04791772795158865
0.3,0.5171706319515097,0.022143892174957103,0.5294088040554591,0.06896859383884273
0.4,0.483049837167502,0.010989828980642104,0.4776858435681965,0.006069967429577366
0.5,0.483049837167502,0.010989828980642104,0.4776858435681965,0.006069967429577366
0.6,0.4773655293779311,0.001642527687711916,0.4776858435681965,0.006069967429577366
0.7,0.4773655293779311,0.001642527687711916,0.4776858435681965,0.006069967429577366
0.8,0.4773655293779311,0.001642527687711916,0.4776858435681965,0.006069967429577366
0.9,0.4773655293779311,0.001642527687711916,0.4776858435681965,0.006069967429577366
