,train_ML_rmse_mean,train_ML_rmse_std,test_ML_rmse_mean,test_ML_rmse_std
0.1,0.745543207337749,0.014580159759704234,0.8357982067594373,0.05934854971830953
0.2,0.7610673960278025,0.014294789869365757,0.8925908789249866,0.0563600659352163
0.3,0.7618964241931145,0.01684229949667896,0.9647828577904006,0.0651486326083036
0.4,0.782684793261576,0.017668415117114224,1.1066678561088459,0.14298024844949142
0.5,0.7780291041039098,0.01806691282383578,1.1567940253705926,0.2306438660414085
0.6,0.9093830180971366,0.08064807272106313,1.9359333832045365,0.375053046195644
0.7,0.9718450385326893,0.08611839530689075,1.6587430128227194,0.21337365879240622
0.8,1.2237271561753875,0.143702083728784,1.834188996138415,0.40264664946988393
0.9,0.9687517929469946,0.04778808193023044,1.7999163392391586,0.27990210337992083
