,train_ML_rmse_mean,train_ML_rmse_std,test_ML_rmse_mean,test_ML_rmse_std
0.1,12.681845513450394,1.7085404990601285,11.845763119452013,1.7257950001755529
0.2,12.89426068042793,1.8283209425753106,12.447608369638573,1.6894148504440094
0.3,12.505605922524463,1.6853050224088404,11.872107712453317,1.737515521823861
0.4,15.203897187852888,1.5355739747685317,13.524259399445208,1.3767350589787108
0.5,12.69670003823885,1.8438022504416236,11.761800002410096,1.5534302114167784
0.6,13.138275184983886,1.8032073072737873,12.393105772357382,1.5267213042272862
0.7,16.400683763187278,1.7086692946009068,14.310753481416114,1.418210908065409
0.8,13.160529100052752,1.495727049553816,12.793559737743703,1.7915119070526428
