,train_ML_rmse_mean,train_ML_rmse_std,test_ML_rmse_mean,test_ML_rmse_std
0.1,9.005055094142815,0.699791557345429,8.96940667009147,0.8142600991383306
0.2,11.14552696874954,0.742771268007333,10.788934048910008,0.9284097206560147
0.3,8.988924651009237,0.755390309655446,8.987690246126757,0.7825851394482067
0.4,18.9734659838311,1.6891159320520797,15.222228541678948,0.6442639907527179
0.5,9.034363640323686,0.6888779085873771,8.960802564844428,0.7864625539460437
0.6,9.009855429269868,0.6722678850022242,8.999128753622742,0.8411649389632709
0.7,25.2385182177039,5.246574677845903,17.105426844075446,0.5393632856634017
0.8,8.973971270839943,0.7956507543011524,9.005989114259657,0.8244546977322579
