,train_ML_rmse_mean,train_ML_rmse_std,test_ML_rmse_mean,test_ML_rmse_std
0.1,10.401439103196187,0.31303046582596467,10.364448469080036,1.146876177873408
0.2,10.797651614095306,0.39111606604122195,10.808764158625326,1.7944500486382386
0.3,10.559650049332319,0.3350074816058332,10.808676663892768,1.3432614779249157
0.4,12.227056773186481,0.2631975566851594,12.308152220355003,1.1271819775097487
0.5,12.618710812999062,0.44263950612505576,12.62687541769848,2.01891525552231
0.6,13.511055928323113,0.2678043757861589,13.598576851203017,0.9520759033658381
0.7,14.417957628831847,0.38699571056725757,14.476445044555243,1.9215235915544884
0.8,14.530203338331631,0.3748069767623808,14.894954117128103,1.918835650810026
0.9,14.922788310482598,0.38974716841192886,15.283489944580584,1.6838425732060294
