,train_rmse_mean,train_rmse_std,train_mae_mean,train_mae_std,test_rmse_mean,test_rmse_std,test_mae_mean,test_mae_std
0.1,0.10428097,0.0032996482,0.044305988,0.0013646419,0.10592902,0.008385907,0.045267023,0.003999637
0.2,0.10905178,0.001671211,0.04551754,0.0006345305,0.11066866,0.010960199,0.04665929,0.003958794
0.3,0.116924524,0.0012622168,0.051548053,0.0012214136,0.11839597,0.0024095753,0.052356504,0.0022400871
0.4,0.11200227,0.0017468233,0.05136601,0.0008175939,0.11474961,0.004343364,0.052360486,0.0018020155
0.5,0.10826151,0.0018503173,0.05195601,0.0012437038,0.10960239,0.0053583737,0.052961726,0.0019955996
0.6,0.10412868,0.0008256922,0.052557744,0.0011646833,0.10526328,0.0016585671,0.053121798,0.0010244248
0.7,0.11659314,0.0017129569,0.060602676,0.001231213,0.11723675,0.0052744113,0.06099868,0.00238917
0.8,0.123212315,0.0019041508,0.066472866,0.0014464675,0.12433745,0.0036648514,0.067066714,0.0018565049
0.9,0.19010526,0.06041292,0.1145337,0.029673291,0.18828309,0.055931535,0.11373117,0.02697332
