,train_ML_f1_mean,train_ML_f1_std,test_ML_f1_mean,test_ML_f1_std
0.1,0.8241860039056619,0.004192844953261336,0.834559718472527,0.03662809358790818
0.2,0.8168953439755395,0.016268259169129124,0.808247565306778,0.04940566261152007
0.3,0.8064558824097737,0.011576744331121307,0.8002986124877438,0.04157956721208735
0.4,0.7940161840330513,0.008905587623514974,0.787213586222258,0.033914784199180495
0.5,0.7733175568603766,0.019021942392283685,0.7673217792847524,0.034033723253169876
0.6,0.7644818364934757,0.014046085664052837,0.7662895431999761,0.0384818059806107
0.7,0.7144661697956899,0.021698295208152297,0.7048386594406335,0.03324361742826644
0.8,0.6887337047587015,0.01213257195217096,0.6775766786230111,0.036999030431070216
0.9,0.5384063018283818,0.04005350642549931,0.5131631378459173,0.03683018715323895
