,train_rmse_mean,train_rmse_std,train_mae_mean,train_mae_std,test_rmse_mean,test_rmse_std,test_mae_mean,test_mae_std
0.3,0.3768704,0.0083442535,0.30885127,0.0065257913,0.36509365,0.0057275402,0.29865232,0.0044083544
0.5,0.37536255,0.0024363773,0.3079351,0.0021833167,0.37214556,0.008684392,0.3055896,0.008104163
0.7,0.3728992,0.000888084,0.3069366,0.0010487132,0.3698066,0.0020333047,0.30407166,0.002439857
