,train_ML_rmse_mean,train_ML_rmse_std,test_ML_rmse_mean,test_ML_rmse_std
0.1,16.740532907088156,0.5512914549286679,247214092.339262,15217936.74573174
0.2,16.699827424964298,0.5782552909763133,226013265.97284093,7992795.6707279775
0.3,16.69900168902936,0.5764674968283294,216445606.95600086,7358965.936477754
0.4,16.703360872447256,0.574910964713069,197848444.82873482,5272544.693414747
0.5,16.69961286729434,0.5793184821169087,180594705.31450513,12121154.896046733
0.6,16.703547968675316,0.5784003765578707,163805346.5663694,11304945.02084769
0.7,16.699767333892236,0.5760195848315426,150137469.29272693,7389765.483936506
0.8,16.693490069483445,0.5810356813975532,114371334.43407759,9265762.79545019
0.9,16.70180969848457,0.576462823974706,84173765.42383787,2714159.185332492
