,train_ML_rmse_mean,train_ML_rmse_std,test_ML_rmse_mean,test_ML_rmse_std
0.1,16.809393663972784,0.5752953577893223,16.708368759879782,0.6003833818724712
0.2,16.67066247865375,0.593484319586901,16.708368759879782,0.6003833818724712
0.3,16.728888750988485,0.5727438655183517,16.708368759879782,0.6003833818724712
0.4,16.80175726468058,0.6160096107544913,16.708368759879782,0.6003833818724712
0.5,16.712072599378345,0.6517567842499152,16.715701683521893,0.6092913396780729
0.6,16.707686208549138,0.5748426952227892,16.731713665091423,0.5889223192712512
0.7,16.84015523333891,0.6159452791868496,17.07702865720083,0.6023127659983869
0.8,16.705996096854996,0.5686329273192333,17.144234295706184,0.44596075717564915
0.9,16.7631090130953,0.5911777227929274,17.688322344606245,0.5498239291576905
