,train_ML_rmse_mean,train_ML_rmse_std,test_ML_rmse_mean,test_ML_rmse_std
0.1,39.46277476463154,0.8556153321234108,102808112.89271758,26350772.84906653
0.2,39.484554867039066,0.8676559739604567,81872781.48252818,8192608.359791856
0.3,39.528900880100096,0.8511444444052514,77735459.73421517,5489409.482335559
0.4,39.47779400979155,0.8472978992421029,71366696.71688099,7103984.250251857
0.5,39.53292505280526,0.854571661956649,62994336.785431765,1713780.548594788
0.6,39.46560600927297,0.8694360634553938,53697105.58797842,5626646.012646013
0.7,39.45496312425405,0.857839504928457,50340855.22357071,5109119.011965412
0.8,39.445170932678174,0.8398394076467426,39974200.42703934,5761311.742515799
0.9,39.446908108256345,0.8525628850275507,27074797.802869987,3989698.3949401933
