,train_rmse_mean,train_rmse_std,train_mae_mean,train_mae_std,test_rmse_mean,test_rmse_std,test_mae_mean,test_mae_std
0.3,0.12125798,0.0022733477,0.071341194,0.0016363055,0.11895963,0.0073406883,0.0694297,0.0045469385
0.5,0.14178129,0.013916014,0.08343225,0.0074625975,0.14856277,0.025541192,0.08618708,0.010219087
0.7,0.13980699,0.0098047,0.084557794,0.0049604904,0.14095661,0.0067677875,0.08501087,0.0024199882
