,train_ML_f1_mean,train_ML_f1_std,test_ML_f1_mean,test_ML_f1_std
0.1,0.7610416566430374,0.06306736436200715,0.4771642556226735,0.006733258822546334
0.2,0.5953490161244195,0.07369080820730088,0.4776858435681965,0.006069967429577366
0.3,0.5603173713884952,0.0391653658988613,0.4776858435681965,0.006069967429577366
0.4,0.4942585389342705,0.021127997732208907,0.4776858435681965,0.006069967429577366
0.5,0.5061895249719773,0.017564609401523722,0.4776858435681965,0.006069967429577366
0.6,0.4901231608999055,0.017131948110130205,0.4776858435681965,0.006069967429577366
0.7,0.4901231608999055,0.017131948110130205,0.4776858435681965,0.006069967429577366
0.8,0.4827574043920448,0.009649511672404751,0.4776858435681965,0.006069967429577366
0.9,0.483049837167502,0.010989828980642104,0.4776858435681965,0.006069967429577366
