,mean,knn,mice,XGB,mf,hyper,gain
0.1,0.81612 ± 0.008,0.84823 ± 0.011,0.77413 ± 0.010,0.77325 ± 0.009,0.79712 ± 0.009,0.74670 ± 0.010,0.80761 ± 0.019
0.2,0.85120 ± 0.011,0.87529 ± 0.010,0.81185 ± 0.014,0.81712 ± 0.012,0.84543 ± 0.008,0.76683 ± 0.009,0.84584 ± 0.016
0.3,0.90803 ± 0.011,1.06809 ± 0.009,0.87316 ± 0.008,0.88247 ± 0.014,0.91199 ± 0.012,0.81206 ± 0.009,0.90282 ± 0.028
0.4,0.94263 ± 0.011,0.99309 ± 0.010,0.94635 ± 0.042,0.95296 ± 0.049,0.95953 ± 0.011,0.86332 ± 0.007,0.94659 ± 0.017
0.5,0.98703 ± 0.008,1.03838 ± 0.006,0.99478 ± 0.049,1.15378 ± 0.127,1.01062 ± 0.011,0.92128 ± 0.014,0.99753 ± 0.008
0.6,1.03767 ± 0.009,1.08506 ± 0.008,1.01953 ± 0.005,1.03647 ± 0.006,1.05459 ± 0.008,1.01561 ± 0.009,1.07478 ± 0.027
0.7,1.06272 ± 0.010,1.10016 ± 0.011,1.06951 ± 0.011,1.09389 ± 0.021,1.08937 ± 0.014,1.06960 ± 0.013,1.11106 ± 0.025
0.8,1.08731 ± 0.009,1.10845 ± 0.010,1.11325 ± 0.018,1.21041 ± 0.146,1.10496 ± 0.011,1.10193 ± 0.017,1.08077 ± 0.018
0.9,1.12573 ± 0.006,1.13374 ± 0.005,1.13081 ± 0.014,1.19842 ± 0.111,1.13430 ± 0.005,1.15389 ± 0.015,1.13960 ± 0.007
