,mean,knn,mice,XGB,hyper,gain
0.1,0.77282 ± 0.002,0.80032 ± 0.004,0.72148 ± 0.002,0.72365 ± 0.002,0.69408 ± 0.001,0.76742 ± 0.007
0.2,0.81528 ± 0.003,0.84437 ± 0.004,0.76230 ± 0.003,0.77118 ± 0.004,0.71923 ± 0.003,0.80922 ± 0.007
0.3,0.87651 ± 0.004,1.01578 ± 0.004,0.84493 ± 0.010,0.85081 ± 0.006,0.77436 ± 0.005,0.87392 ± 0.026
0.4,0.91886 ± 0.004,0.98148 ± 0.007,0.86853 ± 0.005,0.87566 ± 0.004,0.81971 ± 0.005,0.92225 ± 0.004
0.5,0.96512 ± 0.004,1.02399 ± 0.004,0.92689 ± 0.007,0.96036 ± 0.018,0.88200 ± 0.008,0.96431 ± 0.009
0.6,1.03908 ± 0.003,1.09025 ± 0.002,1.01296 ± 0.004,1.02889 ± 0.008,1.00101 ± 0.004,1.06419 ± 0.017
0.7,1.06364 ± 0.003,1.10753 ± 0.003,1.05099 ± 0.004,1.06130 ± 0.017,1.03796 ± 0.006,1.08694 ± 0.023
0.8,1.05592 ± 0.003,1.11015 ± 0.004,1.05351 ± 0.005,1.07846 ± 0.023,1.04507 ± 0.015,1.04721 ± 0.018
0.9,1.14576 ± 0.002,1.14757 ± 0.003,1.14373 ± 0.005,1.15023 ± 0.008,1.15647 ± 0.002,1.15307 ± 0.002
