,mean,knn,mice,XGB,hyper,gain
0.1,0.77589 ± 0.011,0.80337 ± 0.011,0.72523 ± 0.009,0.72721 ± 0.008,0.70039 ± 0.009,0.76796 ± 0.010
0.2,0.81608 ± 0.010,0.84369 ± 0.010,0.76539 ± 0.009,0.77252 ± 0.009,0.72523 ± 0.010,0.81246 ± 0.012
0.3,0.87868 ± 0.013,1.01954 ± 0.014,0.84677 ± 0.009,0.85371 ± 0.013,0.78625 ± 0.012,0.87174 ± 0.025
0.4,0.92132 ± 0.014,0.98450 ± 0.012,0.87401 ± 0.012,0.87875 ± 0.013,0.84399 ± 0.006,0.92688 ± 0.018
0.5,0.96843 ± 0.010,1.02871 ± 0.006,0.93127 ± 0.013,0.97096 ± 0.022,0.91486 ± 0.016,0.96852 ± 0.014
0.6,1.04062 ± 0.009,1.09497 ± 0.009,1.01415 ± 0.004,1.03371 ± 0.007,1.02354 ± 0.016,1.07486 ± 0.037
0.7,1.06620 ± 0.013,1.11386 ± 0.014,1.05453 ± 0.017,1.06754 ± 0.028,1.08192 ± 0.017,1.09432 ± 0.027
0.8,1.05896 ± 0.009,1.11433 ± 0.011,1.05941 ± 0.015,1.08446 ± 0.027,1.12006 ± 0.022,1.05524 ± 0.010
0.9,1.14871 ± 0.009,1.15238 ± 0.010,1.14700 ± 0.010,1.16232 ± 0.024,1.17926 ± 0.017,1.15632 ± 0.009
