,mean,knn,mice,XGB,missforest,mf,hyper,gain,notmiwae,miwae,ot
0.1,0.71659 ± 0.016,0.74396 ± 0.013,0.68575 ± 0.013,0.68627 ± 0.009,0.68301 ± 0.006,0.75532 ± 0.009,0.65729 ± 0.011,0.76555 ± 0.030,0.81145 ± 0.048,0.81400 ± 0.014,0.75024 ± 0.009
0.2,0.75615 ± 0.011,0.78371 ± 0.009,0.73378 ± 0.009,0.73892 ± 0.007,0.72571 ± 0.007,0.80755 ± 0.006,0.68311 ± 0.008,0.78114 ± 0.013,0.89449 ± 0.043,0.87693 ± 0.044,0.81989 ± 0.014
0.3,0.84350 ± 0.010,0.98193 ± 0.018,0.83381 ± 0.026,0.83112 ± 0.012,0.80784 ± 0.014,0.87040 ± 0.015,0.76221 ± 0.009,0.88083 ± 0.041,0.94413 ± 0.015,0.93869 ± 0.028,0.89664 ± 0.010
0.4,0.87201 ± 0.016,0.94652 ± 0.014,0.87319 ± 0.064,1.02211 ± 0.349,0.84462 ± 0.017,0.91842 ± 0.012,0.82229 ± 0.007,0.92781 ± 0.034,0.95542 ± 0.040,0.96374 ± 0.021,0.94535 ± 0.009
0.5,0.91855 ± 0.008,0.99583 ± 0.007,0.90763 ± 0.008,0.94873 ± 0.032,0.87897 ± 0.012,0.95924 ± 0.011,0.89896 ± 0.022,0.94605 ± 0.008,1.01520 ± 0.021,1.00454 ± 0.026,0.98983 ± 0.008
0.6,1.00014 ± 0.009,1.05835 ± 0.008,0.98669 ± 0.005,1.00728 ± 0.003,0.98679 ± 0.004,1.03246 ± 0.009,1.00261 ± 0.008,1.05098 ± 0.029,1.07804 ± 0.007,1.06619 ± 0.017,1.06180 ± 0.007
0.7,1.01767 ± 0.013,1.07704 ± 0.009,1.02858 ± 0.010,1.05411 ± 0.028,1.00685 ± 0.009,1.05161 ± 0.017,1.05632 ± 0.012,1.05363 ± 0.014,1.08549 ± 0.022,1.08393 ± 0.012,1.08333 ± 0.013
0.8,1.01129 ± 0.008,1.08283 ± 0.009,1.04170 ± 0.052,1.17167 ± 0.176,1.01403 ± 0.005,1.03266 ± 0.013,1.10938 ± 0.030,1.02135 ± 0.010,1.08425 ± 0.021,1.05202 ± 0.008,1.06520 ± 0.010
0.9,1.11950 ± 0.007,1.12481 ± 0.005,1.11941 ± 0.008,1.21500 ± 0.157,1.12260 ± 0.004,1.12447 ± 0.005,1.16136 ± 0.018,1.13552 ± 0.005,1.14589 ± 0.007,1.12901 ± 0.008,1.14526 ± 0.006
