,mean,knn,mice,XGB,missforest,mf,gain,mcflow,notmiwae,miwae,tabcsdi
0.1,0.14162 ± 0.001,0.16157 ± 0.003,0.11467 ± 0.005,0 ± 0,0 ± 0,0.11872 ± 0.001,0.18035 ± 0.028,0 ± 0,0 ± 0,0 ± 0,0 ± 0
0.2,0.14347 ± 0.000,0.17160 ± 0.001,0.18491 ± 0.042,0 ± 0,0 ± 0,0.12435 ± 0.001,0.13185 ± 0.010,0 ± 0,0 ± 0,0 ± 0,0 ± 0
0.3,0.14382 ± 0.000,0.19599 ± 0.001,0.13247 ± 0.006,0 ± 0,0 ± 0,0.13756 ± 0.001,0.14363 ± 0.006,0 ± 0,0 ± 0,0 ± 0,0 ± 0
0.4,0.15102 ± 0.001,0.19736 ± 0.001,0.12739 ± 0.006,0 ± 0,0 ± 0,0.13791 ± 0.001,0.16211 ± 0.035,0 ± 0,0 ± 0,0 ± 0,0 ± 0
0.5,0.15176 ± 0.000,0.20019 ± 0.001,0.13745 ± 0.008,0 ± 0,0 ± 0,0.14508 ± 0.001,0.15292 ± 0.021,0 ± 0,0 ± 0,0 ± 0,0 ± 0
0.6,0.14755 ± 0.000,0.17907 ± 0.001,0.16186 ± 0.012,0 ± 0,0 ± 0,0.15069 ± 0.001,0.20545 ± 0.039,0 ± 0,0 ± 0,0 ± 0,0 ± 0
0.7,0.15425 ± 0.000,0.18185 ± 0.001,0.14177 ± 0.001,0 ± 0,0 ± 0,0.16106 ± 0.002,0.22862 ± 0.048,0 ± 0,0 ± 0,0 ± 0,0 ± 0
0.8,0.14686 ± 0.000,0.16694 ± 0.002,0.20036 ± 0.100,0 ± 0,0 ± 0,0.15766 ± 0.001,0.22617 ± 0.024,0 ± 0,0 ± 0,0 ± 0,0 ± 0
0.9,0.14598 ± 0.000,0.15175 ± 0.000,0.18384 ± 0.067,0 ± 0,0 ± 0,0.15593 ± 0.000,0.24234 ± 0.041,0 ± 0,0 ± 0,0 ± 0,0 ± 0
