,mean,knn,mice,XGB,missforest,mf,gain,mcflow,notmiwae,miwae,tabcsdi
0.1,0.14247 ± 0.002,0.16109 ± 0.002,0.11718 ± 0.026,0 ± 0,0 ± 0,0.12275 ± 0.001,0.18181 ± 0.027,0 ± 0,0 ± 0,0 ± 0,0 ± 0
0.2,0.14334 ± 0.001,0.17136 ± 0.002,0.16695 ± 0.076,0 ± 0,0 ± 0,0.12405 ± 0.002,0.13172 ± 0.011,0 ± 0,0 ± 0,0 ± 0,0 ± 0
0.3,0.14414 ± 0.001,0.19555 ± 0.003,0.12769 ± 0.004,0 ± 0,0 ± 0,0.13799 ± 0.002,0.14376 ± 0.007,0 ± 0,0 ± 0,0 ± 0,0 ± 0
0.4,0.15105 ± 0.001,0.19685 ± 0.002,0.12742 ± 0.006,0 ± 0,0 ± 0,0.14051 ± 0.001,0.16312 ± 0.033,0 ± 0,0 ± 0,0 ± 0,0 ± 0
0.5,0.15197 ± 0.001,0.20003 ± 0.002,0.14514 ± 0.022,0 ± 0,0 ± 0,0.14962 ± 0.002,0.15347 ± 0.022,0 ± 0,0 ± 0,0 ± 0,0 ± 0
0.6,0.14773 ± 0.001,0.17926 ± 0.001,0.15194 ± 0.019,0 ± 0,0 ± 0,0.15269 ± 0.001,0.20707 ± 0.039,0 ± 0,0 ± 0,0 ± 0,0 ± 0
0.7,0.15419 ± 0.001,0.18225 ± 0.001,0.14206 ± 0.001,0 ± 0,0 ± 0,0.16546 ± 0.001,0.22632 ± 0.047,0 ± 0,0 ± 0,0 ± 0,0 ± 0
0.8,0.14699 ± 0.000,0.16677 ± 0.002,0.15431 ± 0.007,0 ± 0,0 ± 0,0.16018 ± 0.001,0.22622 ± 0.024,0 ± 0,0 ± 0,0 ± 0,0 ± 0
0.9,0.14617 ± 0.000,0.15176 ± 0.001,0.17509 ± 0.039,0 ± 0,0 ± 0,0.15588 ± 0.001,0.24210 ± 0.040,0 ± 0,0 ± 0,0 ± 0,0 ± 0
