,train_ML_f1_mean,train_ML_f1_std,test_ML_f1_mean,test_ML_f1_std
0.1,0.4776858435681965,0.006069967429577366,0.5230593106807941,0.05835049028796717
0.2,0.4776858435681965,0.006069967429577366,0.49764850226871926,0.04188055260908069
0.3,0.4776858435681965,0.006069967429577366,0.4750822497558831,0.008480286148256671
0.4,0.4776858435681965,0.006069967429577366,0.5777313252675448,0.07197705639109807
0.5,0.4776858435681965,0.006069967429577366,0.5306793013592636,0.0668577915725773
0.6,0.4776858435681965,0.006069967429577366,0.4761055099422088,0.008322709902013323
0.7,0.4776858435681965,0.006069967429577366,0.5447553809286256,0.0629494962918332
0.8,0.4776858435681965,0.006069967429577366,0.5480598035967925,0.06526012884641338
