,train_ML_f1_mean,train_ML_f1_std,test_ML_f1_mean,test_ML_f1_std
0.1,0.7924171006676337,0.06878198184237556,0.7334363828321158,0.04488505943571134
0.2,0.8150288639003216,0.0711784098164842,0.6140122153773842,0.08331019494221155
0.3,0.7561303433107658,0.07762290995013763,0.622021130949248,0.09637478613921417
0.4,0.7717725752508361,0.08676595041671056,0.6037571021602585,0.018151427793383305
0.5,0.6870503486320741,0.09375566575946243,0.6755621179827932,0.04206479511161439
0.6,0.7472435897435897,0.0994848257914494,0.6807559988773475,0.13167641819036954
0.7,0.5304482994059493,0.04251258280228867,0.5674372450458822,0.05480156566046823
0.8,0.5765166144220175,0.06318884029634524,0.6693338992104374,0.04182323679365901
