,train_rmse_mean,train_rmse_std,train_mae_mean,train_mae_std,test_rmse_mean,test_rmse_std,test_mae_mean,test_mae_std
0.1,0.6240214505775834,0.14433193792629723,0.5191490865205375,0.139043125508673,0.6182159349171623,0.13664481666923126,0.5087677803836297,0.14144080639229328
0.2,0.34743871360360545,0.02018211663197177,0.2573039793697206,0.014358435451621326,0.34445825220332527,0.019663368109068966,0.25498002044654766,0.016733493682100566
0.3,0.33142753468491565,0.010334630626966166,0.240528450624154,0.007553108576089312,0.33466322292928913,0.01646580217960727,0.24384010793070413,0.011737928406226684
0.4,0.3509451538110632,0.009491125198042459,0.25689691551256816,0.00808609782221754,0.34364988236811617,0.010896793927817448,0.2520159516389383,0.01152874140402089
0.5,0.32955738284673897,0.017819480211293617,0.2391306092969912,0.015217414103013008,0.33280150709196715,0.025790633139172067,0.24206366492972337,0.021222164824544112
0.6,0.35637972292527903,0.011883960618703344,0.26066035019223305,0.007576238948467405,0.3539775895507351,0.007827544564933151,0.2585169295310541,0.006371123600796039
0.7,0.3821413657203098,0.014792560279724299,0.2954415862468638,0.016257955072895527,0.3846831346568019,0.01582470805276245,0.29727728183330177,0.018474299403272974
0.8,0.34839440749647893,0.025000011763033347,0.26045997148867467,0.02587874775741371,0.3474526684064136,0.025065320374143225,0.261279326767461,0.023644396320695205
0.9,0.37412235982461967,0.016815139550855254,0.28485299045013146,0.022518147706821482,0.44387802168486995,0.028408987586973092,0.3643008662160617,0.02633032098210154
