,train_ML_f1_mean,train_ML_f1_std,test_ML_f1_mean,test_ML_f1_std
0.1,0.32509975219537857,0.007278105362447362,0.3186259045269978,0.03894362528366449
0.2,0.407820614555032,0.03255974598075927,0.392824456096196,0.015742611628990617
0.3,0.36451504940977103,0.009197084068721585,0.361251335781222,0.024861657595343385
0.4,0.3237575903125903,0.011689113332265686,0.3135386922573752,0.03208341687481855
0.5,0.24936227526230717,0.04041591927328994,0.2100699763265296,0.016740777795698474
0.6,0.27950948174477563,0.011496244501241403,0.2612894077015876,0.031535867662307246
0.7,0.2035531840723166,0.034599148492899544,0.15470493041916847,0.00943520610903372
0.8,0.26109606233834953,0.0360262127540375,0.2153333012397684,0.02996255457892988
