,train_ML_rmse_mean,train_ML_rmse_std,test_ML_rmse_mean,test_ML_rmse_std
0.1,0.6486154753730504,0.005164757718112472,0.6539518972880193,0.018549977465724298
0.2,0.6544352444195078,0.00515962691289017,0.6529195938214852,0.01936578639511163
0.3,0.6518836444804822,0.004016478434480155,0.6535068643317908,0.02014218989609589
0.4,0.6457174984922813,0.0049919912858496646,0.648892389191171,0.018877891011792415
0.5,0.6803364707257715,0.005126075618965,0.6831727234865583,0.018291605597771737
0.6,0.6610907693886012,0.004951846256149462,0.6672065519673913,0.020034635548318157
0.7,0.6619879562209373,0.005416814122345539,0.6664160238067927,0.020357753650274195
0.8,0.6582766187873841,0.00523698818017157,0.6633634756696507,0.018911227201906196
