,train_ML_rmse_mean,train_ML_rmse_std,test_ML_rmse_mean,test_ML_rmse_std
0.1,0.581157713462944,0.006333488249128108,0.6419458511133358,0.01965011343002255
0.2,0.5868133510949909,0.007857872095143336,0.6467501556788728,0.024076223480898194
0.3,0.5857536742154946,0.0036010721291539695,0.6401462853894377,0.018850054173818128
0.4,0.5821945821538529,0.006867203066748597,0.6390606282916873,0.02064367324726213
0.5,0.5959127672537814,0.00816049781214544,0.6510069636999376,0.019362469706651238
0.6,0.6180182679043953,0.006822640678722662,0.678660881859491,0.025586162296357687
0.7,0.6109637569760719,0.005701495907057499,0.6729631999908368,0.015614681556388496
0.8,0.6124337633876777,0.00791156272711344,0.6715489205178804,0.013175554630970341
