,train_ML_rmse_mean,train_ML_rmse_std,test_ML_rmse_mean,test_ML_rmse_std
0.1,0.6637585349300608,0.0102806345743322,0.6732475008936539,0.026238746724929554
0.2,0.6727782846161945,0.008349588675138422,0.670934714741858,0.021755716101286505
0.3,0.664869514854997,0.009945753642159907,0.6672972734696456,0.02154175553065308
0.4,0.6730247345756177,0.016016215648799976,0.6748670558936765,0.020367324098363594
0.5,0.7004088963022627,0.009682766834885491,0.7050403465217395,0.021949562315687083
0.6,0.6947112875725907,0.012215902402201734,0.7020478429839032,0.019114549511142227
0.7,0.695812544438611,0.009873084612453328,0.7099455153386236,0.0216697281637838
0.8,0.6891693155748612,0.011789912202387193,0.6982789817522291,0.020790595941739338
