,train_ML_rmse_mean,train_ML_rmse_std,test_ML_rmse_mean,test_ML_rmse_std
0.1,14.502603842381976,0.6277471700310516,13.964447254535163,0.7025523338283778
0.2,13.338707806083132,0.6303874295575851,13.871476313850689,0.7144421728806702
0.3,14.861784263504878,0.5771847550178842,15.120862461855335,0.7420664104428197
0.4,16.406604854664504,0.6112414561015389,19.03141723009272,0.8968085774130822
0.5,14.655128528735975,0.5107537251547987,16.04520052001801,0.7277959701553435
0.6,16.44218493098045,0.5637145516594243,18.15200856923659,0.7943099816414859
0.7,18.42604212850143,0.6400129376018832,22.942226032340518,0.9979449344195698
0.8,17.153542181875537,0.5412482690719143,19.92935088365092,0.8102987753956185
