,train_ML_rmse_mean,train_ML_rmse_std,test_ML_rmse_mean,test_ML_rmse_std
0.1,10.337637098678794,0.12419848879725655,10.468632740628326,0.4815457386677544
0.2,10.645583104649182,0.14802837119814646,10.76022711629977,0.5097579958120211
0.3,12.399593093121677,0.12190023945220524,12.555969847612156,0.4917990340901942
0.4,12.596689866309637,0.06052456368635603,12.807972172046641,0.49080267777392406
0.5,11.643051655314904,0.14824723024875622,11.713354621566479,0.5681145730922874
0.6,12.468414288393376,0.22494112055595328,12.615401085197684,0.5274332649920749
0.7,11.796964680456767,0.2679422595262824,11.817875140020224,0.47238244428880943
0.8,11.099669233531015,0.14204738729328675,11.177544325773946,0.5331500948354073
