,train_ML_rmse_mean,train_ML_rmse_std,test_ML_rmse_mean,test_ML_rmse_std
0.1,14.255915321398367,0.11608037701842065,14.195581404947879,0.7393838489831953
0.2,13.63829376440699,0.11247636783014961,13.572788627878154,0.676088902020777
0.3,15.006339788393968,0.08411011281309513,14.931305764653914,0.7853732044185618
0.4,16.13474076969435,0.24494794751366764,16.05242428072973,0.7029430708691796
0.5,14.724495025426274,0.14602950303757767,14.646016184326195,0.6139571035841599
0.6,15.937906795406153,0.26418298351285857,15.95983585791122,0.6694464097458137
0.7,15.914246561317185,0.24875774275755838,15.809262142235152,0.8747897028868831
0.8,14.744471407198233,0.1660982391214434,14.634652339789898,0.7114111823452531
