,train_ML_rmse_mean,train_ML_rmse_std,test_ML_rmse_mean,test_ML_rmse_std
0.1,6.181126264107058,0.16804207225613577,7.533328319529692,0.6452298612818478
0.2,5.912970694371279,0.10638762202349268,7.191958247861537,0.5730939211312974
0.3,7.713740234816457,0.12210971599791559,9.36378804962035,0.572980464096739
0.4,8.854641645894889,0.1344088848576224,10.964495749409405,0.31100128336296023
0.5,6.530321343067916,0.08975425654201208,7.995156815058169,0.5104341395617495
0.6,7.220318509175742,0.1934617226228963,8.96980075860839,0.5493356880331987
0.7,6.8741125361365745,0.17341501133628875,8.522153646624982,0.41546455070813154
0.8,6.492851446733779,0.08042667812894463,7.9201120953827004,0.5378102051728468
