,train_ML_f1_mean,train_ML_f1_std,test_ML_f1_mean,test_ML_f1_std
0.1,0.9757950659845716,0.0123144481545557,0.8151101890914646,0.0518174477239456
0.2,0.9796914099713263,0.012230642757204528,0.8072949660523474,0.06460762639508805
0.3,0.9918890386537587,0.00281885386973305,0.8474579986578131,0.05046805916725733
0.4,0.9932100666940483,0.008625365784463613,0.8013928203911529,0.05437100826234052
0.5,0.995952728799294,0.005366926763054269,0.8336916889441349,0.03859737933046762
0.6,0.9892013490378803,0.006879907317554863,0.7971084589646171,0.050918881292873676
0.7,0.9959454276727489,0.0033110772250058078,0.8369270887061667,0.042132426731053
0.8,0.9892525657359554,0.0032484499205331216,0.8066396596427555,0.03533723537508195
