,train_rmse_mean,train_rmse_std,train_mae_mean,train_mae_std,test_rmse_mean,test_rmse_std,test_mae_mean,test_mae_std
0.1,0.04432383,0.000440373,0.03820508,0.00047548008,0.043887258,0.0017154033,0.03765603,0.0017498126
0.2,0.07270654,0.0007114908,0.062615275,0.00079554913,0.07276211,0.0027419913,0.062548794,0.0030755142
0.3,0.09674751,0.00052413513,0.08481562,0.00073697703,0.09722905,0.0027690597,0.08533071,0.0032161518
0.4,0.12502143,0.0005107413,0.10983441,0.0005651954,0.124886274,0.0018077149,0.1098117,0.0020177888
0.5,0.14430818,0.0010605508,0.12613748,0.0011637681,0.14480361,0.0037843108,0.12655959,0.0041227834
0.6,0.18619184,0.0017895232,0.16324505,0.0018818595,0.18617238,0.006373202,0.16319042,0.006926428
0.7,0.21152762,0.0013902202,0.18224292,0.001546988,0.2115036,0.0049380194,0.18223515,0.0054307566
0.8,0.25823477,0.001391533,0.21930735,0.0017731951,0.2577633,0.004949951,0.21882609,0.0061790273
