,train_ML_f1_mean,train_ML_f1_std,test_ML_f1_mean,test_ML_f1_std
0.1,0.8773135015676669,0.019345242414749983,0.774411518546058,0.07043847412958398
0.2,0.880087031027496,0.01366489239225484,0.7697250868146901,0.07868969329502573
0.3,0.8867133010915491,0.02259300053136063,0.7907214477171538,0.04631863509604921
0.4,0.8744708338088213,0.00740847242440873,0.767490847374271,0.08010833447368242
0.5,0.8733022469571704,0.01386849803076771,0.7690824967945711,0.06108666938347983
0.6,0.8754558926378723,0.007716783054338123,0.7831630925223603,0.054548759807221646
0.7,0.8795266204535526,0.015884238268356447,0.7502533629540327,0.06582809375323867
0.8,0.8717849337708209,0.019350806619974886,0.7913164173974888,0.06376997030361325
