,train_ML_f1_mean,train_ML_f1_std,test_ML_f1_mean,test_ML_f1_std
0.1,0.012115350872740002,0.018209227044262317,0.09443098451677456,0.011647728316102772
0.2,0.005400240618326336,0.006190188329434169,0.08538117431000346,0.01291545120089529
0.3,0.002229361253573436,0.002220693763911699,0.08789847595011764,0.007005821103171735
0.4,0.0025400253631070466,0.0022843758186095347,0.09336325281621746,0.008117233814686632
0.5,0.004425333765270435,0.0038372765354783207,0.08558994101630395,0.019829126440118926
0.6,0.002457587973218537,0.0025016617776921725,0.08250648801253604,0.007710761794107679
0.7,0.00877292972637505,0.006704422944166267,0.09203528848483697,0.020864008347805534
0.8,0.009985351051729057,0.01638717311322718,0.08354976609593712,0.017950792754990043
