,train_ML_f1_mean,train_ML_f1_std,test_ML_f1_mean,test_ML_f1_std
0.1,0.05752191103997103,0.04549313858777972,0.08691776401506839,0.014055553593126833
0.2,0.024575421207250436,0.022007027101676523,0.0817500748787321,0.013718450480124088
0.3,0.025362521040115615,0.017002300468699574,0.08486551423917105,0.01627841104446366
0.4,0.025010865601981968,0.012632897906546058,0.08656369442800194,0.014587907929544099
0.5,0.020975185271058697,0.004029832731779763,0.08387722494739451,0.01934100617304619
0.6,0.02098908612688968,0.0043131454332985195,0.07802745849857687,0.012866327545117464
0.7,0.032539026944726296,0.014642070056404116,0.08872880480764132,0.018387759593596655
0.8,0.04316056120105684,0.012921763006723617,0.07967121627451737,0.008386478310987322
