,random,zero,mean,knn,mice,XGB,missforest,mf,hyper,gain,notmiwae,miwae,tabcsdi,ot
0.1,0.65899,0.63216,0.63916,0.63510,0.63422,0.63446,0.63378,0.63945,0.63580,0.63440,0.66522,0.66363,0.83590,0.64262
0.2,0.74083,0.63381,0.65627,0.64522,0.64514,0.64638,0.64695,0.65631,0.64789,0.64612,0.66985,0.67262,0.83590,0.65543
0.3,0.69358,0.63748,0.64309,0.63995,0.63774,0.63824,0.63774,0.64176,0.63872,0.63723,0.66777,0.66493,0.83590,0.64346
0.4,0.68451,0.64133,0.65035,0.64303,0.63954,0.64105,0.64411,0.64918,0.64330,0.64280,0.65822,0.65429,0.83590,0.65855
0.5,0.76635,0.64798,0.68294,0.66292,0.65242,0.65622,0.66465,0.68343,0.66319,0.65735,0.69060,0.67940,0.83590,0.69661
0.6,0.75343,0.81983,0.69298,0.68406,0.67459,0.67558,0.68550,0.68844,0.68251,0.68177,0.70906,0.69179,0.83590,0.70852
0.7,0.79828,0.80684,0.71006,0.70424,0.69789,0.69794,0.71262,0.71219,0.70750,0.68906,0.72791,0.70154,0.83590,0.74194
0.8,0.72906,0.91660,0.73546,0.74752,0.74696,0.74599,0.74157,0.73239,0.74019,0.72860,0.80648,0.76409,0.83590,0.71885
