,random,zero,mean,knn,mice,XGB,missforest,mf,hyper,gain,notmiwae,miwae,tabcsdi,ot
0.1,0.67523,0.66633,0.66717,0.66619,0.66559,0.66541,0.66559,0.66740,0.66624,0.66585,0.67110,0.67175,19269831.44458,0.66878
0.2,0.74974,0.67627,0.67356,0.67005,0.66852,0.66965,0.66936,0.67542,0.66938,0.66682,0.67805,0.68406,17434328.60671,0.67118
0.3,0.71083,0.67258,0.66985,0.66857,0.66773,0.66797,0.66712,0.67122,0.66745,0.66631,0.67684,0.67010,18088384.69883,0.67083
0.4,0.70434,0.67075,0.68232,0.67430,0.66833,0.66826,0.67697,0.68379,0.67285,0.67480,0.67059,0.66578,15820017.69624,0.68276
0.5,0.84742,0.69625,0.71542,0.68774,0.67844,0.68416,0.69658,0.71905,0.69120,0.68911,0.70851,0.69479,14990681.28941,0.72782
0.6,0.93841,0.80661,0.75297,0.72175,0.69919,0.70383,0.73609,0.75758,0.73045,0.74018,0.73462,0.72700,11483469.29509,0.76147
0.7,0.96219,0.84037,0.77136,0.75706,0.73929,0.73402,0.75095,0.75931,0.76193,0.75050,0.75898,0.73445,10456279.61282,0.79458
0.8,1.06417,0.94071,0.86427,0.81333,0.76776,0.78266,0.83905,0.85165,0.83526,0.82443,0.85360,0.79982,9958769.66298,0.87116
