,random,zero,mean,knn,mice,XGB,missforest,mf,hyper,gain,notmiwae,miwae,tabcsdi,ot
0.1,0.66850 ± 0.022,0.65088 ± 0.017,0.65157 ± 0.018,0.65049 ± 0.019,0.65053 ± 0.019,0.65066 ± 0.019,0.64965 ± 0.018,0.65254 ± 0.018,0.65028 ± 0.018,0.65007 ± 0.019,0.67204 ± 0.023,0.67208 ± 0.021,11533106.34031 ± 392171.342,0.65361 ± 0.019
0.2,0.75699 ± 0.043,0.65453 ± 0.016,0.65779 ± 0.021,0.65463 ± 0.019,0.65363 ± 0.018,0.65559 ± 0.019,0.65332 ± 0.021,0.65988 ± 0.021,0.65403 ± 0.020,0.65086 ± 0.019,0.67752 ± 0.021,0.68102 ± 0.027,11225825.93517 ± 281283.786,0.65473 ± 0.022
0.3,0.70549 ± 0.043,0.65387 ± 0.016,0.65269 ± 0.020,0.65233 ± 0.020,0.65257 ± 0.019,0.65334 ± 0.020,0.65065 ± 0.020,0.65414 ± 0.020,0.65138 ± 0.019,0.65058 ± 0.018,0.67356 ± 0.025,0.67221 ± 0.023,11429317.41388 ± 388631.559,0.65456 ± 0.022
0.4,0.66886 ± 0.014,0.64986 ± 0.018,0.65237 ± 0.018,0.65082 ± 0.018,0.64998 ± 0.017,0.65087 ± 0.018,0.65159 ± 0.018,0.65185 ± 0.018,0.65112 ± 0.017,0.65200 ± 0.017,0.67030 ± 0.020,0.66458 ± 0.020,11523735.67563 ± 292686.210,0.65352 ± 0.017
0.5,0.80965 ± 0.032,0.65786 ± 0.020,0.68730 ± 0.016,0.66982 ± 0.015,0.66292 ± 0.015,0.66845 ± 0.017,0.67485 ± 0.019,0.69027 ± 0.018,0.67196 ± 0.017,0.66608 ± 0.021,0.70597 ± 0.026,0.68960 ± 0.012,10993939.11470 ± 309750.292,0.69831 ± 0.018
0.6,0.83065 ± 0.029,0.66410 ± 0.020,0.68249 ± 0.017,0.67758 ± 0.017,0.67432 ± 0.014,0.67467 ± 0.015,0.68033 ± 0.017,0.68108 ± 0.018,0.67775 ± 0.011,0.67815 ± 0.025,0.70892 ± 0.025,0.70042 ± 0.021,10559978.67455 ± 112945.782,0.69091 ± 0.018
0.7,0.85127 ± 0.036,0.67564 ± 0.017,0.69127 ± 0.016,0.69366 ± 0.013,0.68390 ± 0.015,0.68322 ± 0.015,0.68924 ± 0.017,0.68476 ± 0.016,0.69218 ± 0.011,0.68735 ± 0.014,0.70736 ± 0.021,0.70294 ± 0.015,10292869.17316 ± 160319.488,0.70823 ± 0.015
0.8,0.96115 ± 0.061,0.71600 ± 0.022,0.76009 ± 0.024,0.73910 ± 0.017,0.72714 ± 0.008,0.73042 ± 0.008,0.74913 ± 0.021,0.74423 ± 0.020,0.75121 ± 0.021,0.73564 ± 0.019,0.79277 ± 0.030,0.76111 ± 0.014,10541834.35415 ± 286464.087,0.76653 ± 0.027
