,train_rmse_mean,train_rmse_std,train_mae_mean,train_mae_std,test_rmse_mean,test_rmse_std,test_mae_mean,test_mae_std
0.1,0.40973377,0.0067878272,0.3369001,0.0061429683,0.40321684,0.006283275,0.32933718,0.008792711
0.2,0.41127092,0.0036210788,0.3355373,0.0035825265,0.40865463,0.005481681,0.33329695,0.0056210533
0.3,0.41648874,0.0033738269,0.34034124,0.0029033558,0.41668063,0.005140245,0.34102854,0.005091354
0.4,0.4166184,0.00085352757,0.34098297,0.0020420828,0.4162267,0.0059333183,0.33990508,0.005725476
0.5,0.4116141,0.0024476005,0.33507985,0.0021896698,0.41554245,0.0034958213,0.33910182,0.0035028497
0.6,0.41219902,0.0007629064,0.3364585,0.00072147395,0.41604257,0.0035879111,0.34107402,0.002653135
0.7,0.4145197,0.002719113,0.33771554,0.0023112122,0.41919246,0.0042049233,0.34331143,0.0043408107
0.8,0.41061315,0.0025325152,0.33487207,0.0023471944,0.40796494,0.0030069267,0.33235577,0.0036040444
0.9,0.41253948,0.0010592756,0.33687863,0.00069497555,0.41284388,0.004363775,0.33739024,0.004154591
