,train_ML_rmse_mean,train_ML_rmse_std,test_ML_rmse_mean,test_ML_rmse_std
0.1,0.5928593942914515,0.0047879046818852045,0.6948171431665815,0.026990078559816374
0.2,0.6015499278846328,0.008985856628326077,0.7353486738896327,0.03493809235264935
0.3,0.6216237639118255,0.009273141376096656,0.7352022443214284,0.03461661866744084
0.4,0.6395176075138788,0.0051750664573858495,0.794001010480556,0.02001470627464496
0.5,0.6348508996753587,0.01828438595425179,0.7841677789109175,0.03925045039212495
0.6,0.6532057173744737,0.014912459146719109,0.8086946227155665,0.03973895090520689
0.7,0.6741184683612469,0.009985934966106674,0.8240606477403771,0.02852787365401949
0.8,0.6696168399755249,0.007265841892275804,0.8582291046401702,0.029221948782184582
0.9,0.6698654238332261,0.0102010609885984,0.8702669626410613,0.03556225633992872
