,train_ML_f1_mean,train_ML_f1_std,test_ML_f1_mean,test_ML_f1_std
0.1,0.9730604152310347,0.00601123693101465,0.755374124008578,0.045620361688840746
0.2,0.968912119322059,0.0093023839224649,0.7208799104041297,0.05569694030959693
0.3,0.931269561489775,0.00634961380260353,0.7251211171529409,0.0686602612795673
0.4,0.9326030131092502,0.013122766766779046,0.6638835596807733,0.12003960660668314
0.5,0.9270950281778354,0.014510694238718074,0.5831745406498834,0.06585776199562057
0.6,0.9085653523625222,0.015920916075830717,0.6031350644550152,0.0077194394649157125
0.7,0.8976098075033091,0.014994423286869502,0.6489129295773813,0.04993227220993316
0.8,0.8651936343975013,0.02249979090231819,0.5524586025493542,0.05224878207797256
0.9,0.8529608387390246,0.016664403413127866,0.5469020562132969,0.07387112309406099
