,train_ML_f1_mean,train_ML_f1_std,test_ML_f1_mean,test_ML_f1_std
0.1,0.8675136851948946,0.015754507936237342,0.7517420039482463,0.045088223169161196
0.2,0.8487232007210282,0.02610612312133281,0.7345103263397936,0.03190567972102692
0.3,0.8580734134485037,0.014492020529594196,0.7401295791006065,0.05905216893086828
0.4,0.8329461161037012,0.02589419218422525,0.7323868600300528,0.09650739243268444
0.5,0.8075158228527932,0.03539068771738196,0.6127060112315189,0.07640084984138068
0.6,0.847225787860354,0.02273974668734406,0.6011376449784157,0.050256008435282724
0.7,0.8120936698320371,0.027282461385053837,0.6418314681681934,0.05343014376330276
0.8,0.7697428233790073,0.03918466334395661,0.5579266747745009,0.09212177817839319
0.9,0.7925225262111741,0.029113509959397866,0.5535348828773712,0.05191794506215164
