,train_ML_rmse_mean,train_ML_rmse_std,test_ML_rmse_mean,test_ML_rmse_std
0.1,0.9215802702118182,0.05314492449268055,0.7888050896401209,0.017832868236601667
0.2,0.8915290909065863,0.04706849227972721,0.7975939495149221,0.005062401354910773
0.3,0.9113778038503699,0.04480083457509599,0.8113694602518686,0.02118775624646272
0.4,0.9061622700909837,0.0821157041046072,0.8228009446649762,0.017779276450006543
0.5,0.9159329423864152,0.07290725125307909,0.825436685363542,0.02061237964872573
0.6,0.8376703843455624,0.031959262617560165,0.8464571338471079,0.01620399744117752
0.7,0.8230601744030075,0.047909766468972124,0.8629053406877134,0.015718599057341225
0.8,0.8281722843791522,0.011368761341406127,0.8818098618601027,0.021638570480416484
0.9,0.8406086449446267,0.021609085411436687,0.9226976913883783,0.051017881756373416
