,train_ML_f1_mean,train_ML_f1_std,test_ML_f1_mean,test_ML_f1_std
0.1,0.9948473573725554,0.004986775847837617,0.9279923542284253,0.01241980353199418
0.2,0.9933573080468625,0.005418589704195819,0.8813075837346958,0.021728641969148227
0.3,0.9801433630153568,0.0114768148606136,0.8104215325830587,0.009707088272444993
0.4,0.9794223237722839,0.00820368636007752,0.743674392096753,0.018817640334744253
0.5,0.9234801441174068,0.023424438642257156,0.7079825198544816,0.028619422268578228
0.6,0.9421292027795891,0.015851750594891648,0.6469368602481333,0.01794906379979919
0.7,0.8350019463656212,0.024199343796186983,0.5643755376565778,0.010235191211447125
0.8,0.7850179953316674,0.05996139764553168,0.4980853440994716,0.01953137470590517
0.9,0.8125610130402352,0.007785955343084902,0.5067583180595892,0.0766665002112945
