,train_ML_rmse_mean,train_ML_rmse_std,test_ML_rmse_mean,test_ML_rmse_std
0.1,0.4342014265967558,0.0011054990021178936,0.5652386249698705,0.007394858341431634
0.2,0.4342014265967558,0.0011054990021178936,0.5652386249698705,0.007394858341431634
0.3,0.4342014265967558,0.0011054990021178936,0.5652386249698705,0.007394858341431634
0.4,0.4342014265967558,0.0011054990021178936,0.5652386249698705,0.007394858341431634
0.5,0.4342014265967558,0.0011054990021178936,0.5652386249698705,0.007394858341431634
0.6,0.4342014265967558,0.0011054990021178936,0.5652386249698705,0.007394858341431634
0.7,0.4342014265967558,0.0011054990021178936,0.5652386249698705,0.007394858341431634
0.8,0.4342014265967558,0.0011054990021178936,0.5652386249698705,0.007394858341431634
