,mean,knn,mice,XGB,hyper,gain
0.1,0.67531 ± 0.007,0.67517 ± 0.007,0.67532 ± 0.007,0.67532 ± 0.007,0.67524 ± 0.007,0.68556 ± 0.010
0.2,0.68056 ± 0.007,0.67909 ± 0.006,0.67887 ± 0.007,0.67943 ± 0.007,0.67917 ± 0.007,0.69768 ± 0.030
0.3,0.68055 ± 0.007,0.67600 ± 0.006,0.67550 ± 0.006,0.67574 ± 0.006,0.67619 ± 0.007,0.69521 ± 0.033
0.4,0.67731 ± 0.007,0.67662 ± 0.007,0.67695 ± 0.007,0.67688 ± 0.007,0.67665 ± 0.007,0.69257 ± 0.014
0.5,0.68470 ± 0.007,0.67931 ± 0.007,0.67895 ± 0.008,0.67929 ± 0.008,0.67989 ± 0.007,0.69092 ± 0.016
0.6,0.87909 ± 0.012,0.94447 ± 0.008,0.89508 ± 0.015,0.89507 ± 0.011,0.92746 ± 0.023,0.89956 ± 0.013
0.7,0.87291 ± 0.010,0.89465 ± 0.008,0.88230 ± 0.012,0.86827 ± 0.014,0.92930 ± 0.043,0.91905 ± 0.081
0.8,0.90917 ± 0.009,0.90906 ± 0.011,0.91732 ± 0.013,0.92532 ± 0.012,0.95147 ± 0.025,0.90932 ± 0.025
