,mean,knn,mice,XGB,missforest,mf,hyper,gain
0.1,0.72944 ± 0.009,0.72920 ± 0.009,0.72934 ± 0.009,0.72928 ± 0.009,0.72921 ± 0.009,0.72903 ± 0.009,0.72917 ± 0.009,0.73129 ± 0.009
0.2,0.73127 ± 0.008,0.73068 ± 0.007,0.73064 ± 0.008,0.73055 ± 0.008,0.73057 ± 0.008,0.72794 ± 0.008,0.73104 ± 0.008,0.73770 ± 0.011
0.3,0.73454 ± 0.008,0.72803 ± 0.008,0.72735 ± 0.008,0.72732 ± 0.008,0.72726 ± 0.008,0.72666 ± 0.008,0.72837 ± 0.008,0.73472 ± 0.012
0.4,0.73823 ± 0.008,0.73034 ± 0.008,0.73000 ± 0.009,0.73003 ± 0.009,0.73102 ± 0.009,0.72936 ± 0.008,0.72991 ± 0.009,0.73332 ± 0.009
0.5,0.74998 ± 0.008,0.73302 ± 0.009,0.73237 ± 0.009,0.73225 ± 0.009,0.73375 ± 0.009,0.73375 ± 0.008,0.73507 ± 0.010,0.73444 ± 0.009
0.6,1.05588 ± 0.008,1.00029 ± 0.009,0.97090 ± 0.015,0.98671 ± 0.008,0.93936 ± 0.007,1.08759 ± 0.019,0.95674 ± 0.027,1.05049 ± 0.032
0.7,1.05343 ± 0.009,0.98275 ± 0.008,0.97624 ± 0.014,0.98515 ± 0.012,0.96909 ± 0.017,1.11488 ± 0.009,0.98092 ± 0.038,1.07536 ± 0.054
0.8,0.96180 ± 0.008,0.93673 ± 0.009,0.97728 ± 0.017,0.98455 ± 0.016,0.92142 ± 0.008,0.97146 ± 0.009,0.97454 ± 0.013,0.95154 ± 0.029
