,one,zero,mean,knn,mice,XGB,missforest,mf,hyper,gain,notmiwae,miwae,tabcsdi,ot
0.1,0.74266 ± 0.014,0.72954 ± 0.008,0.72944 ± 0.009,0.72920 ± 0.009,0.72934 ± 0.009,0.72928 ± 0.009,0.72921 ± 0.009,0.72903 ± 0.009,0.72917 ± 0.009,0.73129 ± 0.009,0.81775 ± 0.032,0.78359 ± 0.036,1.15355 ± 0.006,0.72950 ± 0.009
0.2,0.73220 ± 0.009,0.72717 ± 0.008,0.73127 ± 0.008,0.73068 ± 0.007,0.73064 ± 0.008,0.73055 ± 0.008,0.73057 ± 0.008,0.72794 ± 0.008,0.73104 ± 0.008,0.73770 ± 0.011,0.78772 ± 0.018,0.78160 ± 0.028,1.15366 ± 0.006,0.73232 ± 0.008
0.3,0.80358 ± 0.011,0.72885 ± 0.008,0.73454 ± 0.008,0.72803 ± 0.008,0.72735 ± 0.008,0.72732 ± 0.008,0.72726 ± 0.008,0.72666 ± 0.008,0.72837 ± 0.008,0.73472 ± 0.012,0.77735 ± 0.022,0.79615 ± 0.019,1.15373 ± 0.006,0.73669 ± 0.007
0.4,0.71386 ± 0.008,0.72908 ± 0.008,0.73823 ± 0.008,0.73034 ± 0.008,0.73000 ± 0.009,0.73003 ± 0.009,0.73102 ± 0.009,0.72936 ± 0.008,0.72991 ± 0.009,0.73332 ± 0.009,0.78300 ± 0.029,0.80581 ± 0.024,1.15363 ± 0.006,0.73845 ± 0.008
0.5,0.73099 ± 0.012,0.72854 ± 0.009,0.74998 ± 0.008,0.73302 ± 0.009,0.73237 ± 0.009,0.73225 ± 0.009,0.73375 ± 0.009,0.73375 ± 0.008,0.73507 ± 0.010,0.73444 ± 0.009,0.79599 ± 0.027,0.79107 ± 0.026,1.15364 ± 0.006,0.75346 ± 0.009
0.6,0.96209 ± 0.008,0.76187 ± 0.008,1.05588 ± 0.008,1.00029 ± 0.009,0.97090 ± 0.015,0.98671 ± 0.008,0.93936 ± 0.007,1.08759 ± 0.019,0.95674 ± 0.027,1.05049 ± 0.032,1.07155 ± 0.019,1.06063 ± 0.059,1.15292 ± 0.007,1.10703 ± 0.009
0.7,0.96002 ± 0.007,0.78550 ± 0.005,1.05343 ± 0.009,0.98275 ± 0.008,0.97624 ± 0.014,0.98515 ± 0.012,0.96909 ± 0.017,1.11488 ± 0.009,0.98092 ± 0.038,1.07536 ± 0.054,1.05375 ± 0.037,1.06476 ± 0.033,1.15233 ± 0.007,1.10715 ± 0.008
0.8,0.85993 ± 0.008,0.79134 ± 0.010,0.96180 ± 0.008,0.93673 ± 0.009,0.97728 ± 0.017,0.98455 ± 0.016,0.92142 ± 0.008,0.97146 ± 0.009,0.97454 ± 0.013,0.95154 ± 0.029,1.08367 ± 0.036,1.06094 ± 0.034,1.15209 ± 0.007,0.99161 ± 0.007
