,mean,knn,mice,XGB,hyper,gain
0.1,0.67315 ± 0.002,0.67287 ± 0.002,0.67306 ± 0.002,0.67307 ± 0.002,0.67304 ± 0.002,0.67682 ± 0.006
0.2,0.67850 ± 0.002,0.67673 ± 0.002,0.67659 ± 0.001,0.67727 ± 0.002,0.67661 ± 0.002,0.67968 ± 0.004
0.3,0.67833 ± 0.002,0.67369 ± 0.002,0.67321 ± 0.002,0.67345 ± 0.002,0.67338 ± 0.002,0.67618 ± 0.004
0.4,0.67518 ± 0.002,0.67454 ± 0.002,0.67484 ± 0.002,0.67479 ± 0.002,0.67466 ± 0.002,0.67701 ± 0.005
0.5,0.68253 ± 0.002,0.67720 ± 0.002,0.67650 ± 0.002,0.67670 ± 0.001,0.67678 ± 0.002,0.67804 ± 0.003
0.6,0.87684 ± 0.004,0.94336 ± 0.003,0.89220 ± 0.005,0.89333 ± 0.005,0.87195 ± 0.020,0.89098 ± 0.011
0.7,0.87071 ± 0.003,0.89254 ± 0.003,0.87984 ± 0.016,0.87076 ± 0.002,0.86260 ± 0.012,0.89564 ± 0.053
0.8,0.90442 ± 0.004,0.90610 ± 0.004,0.91280 ± 0.014,0.91966 ± 0.003,0.91692 ± 0.012,0.89392 ± 0.031
