,random,zero,mean,knn,mice,XGB,missforest,mf,hyper,gain,notmiwae,miwae,tabcsdi,ot
0.1,0.53858 ± 0.065,0.00043 ± 0.000,0.25961 ± 0.019,0.15935 ± 0.085,0.13417 ± 0.028,0.13641 ± 0.029,0.17621 ± 0.041,0.20264 ± 0.074,0.13902 ± 0.063,0.19638 ± 0.083,0.18961 ± 0.046,0.18740 ± 0.059,0.16530 ± 0.047,0.29861 ± 0.067
0.2,0.57157 ± 0.003,0.01096 ± 0.000,0.05583 ± 0.007,0.04329 ± 0.007,0.04731 ± 0.008,0.04839 ± 0.008,0.04823 ± 0.007,0.05802 ± 0.006,0.04165 ± 0.008,0.02630 ± 0.005,0.05269 ± 0.007,0.05034 ± 0.008,0.05702 ± 0.007,0.11418 ± 0.004
0.3,0.55219 ± 0.012,0.01388 ± 0.000,0.16875 ± 0.006,0.06158 ± 0.016,0.05968 ± 0.012,0.05915 ± 0.013,0.07267 ± 0.012,0.07108 ± 0.012,0.05140 ± 0.010,0.05720 ± 0.017,0.06247 ± 0.016,0.06034 ± 0.017,0.06829 ± 0.011,0.19281 ± 0.009
0.4,0.56818 ± 0.003,0.01408 ± 0.000,0.05594 ± 0.003,0.03869 ± 0.002,0.03453 ± 0.004,0.03527 ± 0.004,0.04318 ± 0.003,0.05096 ± 0.002,0.03633 ± 0.004,0.02939 ± 0.011,0.04360 ± 0.003,0.04309 ± 0.004,0.03911 ± 0.004,0.11442 ± 0.001
0.5,0.56285 ± 0.002,0.02056 ± 0.000,0.04956 ± 0.002,0.02940 ± 0.001,0.03057 ± 0.004,0.02399 ± 0.002,0.02894 ± 0.001,0.03973 ± 0.001,0.03129 ± 0.004,0.02467 ± 0.004,0.04268 ± 0.004,0.03355 ± 0.007,0.01877 ± 0.001,0.11198 ± 0.001
0.6,0.51856 ± 0.002,0.10737 ± 0.001,0.22478 ± 0.001,0.12670 ± 0.003,0.11071 ± 0.002,0.12407 ± 0.001,0.12308 ± 0.001,0.20248 ± 0.004,0.11675 ± 0.003,0.19624 ± 0.025,0.19596 ± 0.010,0.16813 ± 0.019,0.05940 ± 0.001,0.24636 ± 0.002
0.7,0.51650 ± 0.002,0.11364 ± 0.000,0.22584 ± 0.002,0.14541 ± 0.002,0.11569 ± 0.008,0.12647 ± 0.003,0.14738 ± 0.004,0.22029 ± 0.006,0.13660 ± 0.005,0.20377 ± 0.046,0.19956 ± 0.008,0.18141 ± 0.011,0.05980 ± 0.001,0.24689 ± 0.002
0.8,0.49642 ± 0.002,0.18647 ± 0.001,0.22813 ± 0.001,0.20284 ± 0.002,0.22327 ± 0.012,0.22540 ± 0.006,0.20990 ± 0.001,0.23900 ± 0.003,0.21553 ± 0.003,0.25464 ± 0.015,0.23116 ± 0.003,0.22359 ± 0.003,0.12960 ± 0.002,0.24949 ± 0.003
