,mean,knn,mice,XGB,missforest,mf,gain,mcflow,notmiwae,miwae,tabcsdi
0.1,0.25961 ± 0.019,0.15935 ± 0.085,0.13417 ± 0.028,0.13641 ± 0.029,0 ± 0,0.20264 ± 0.074,0.19638 ± 0.083,0 ± 0,0 ± 0,0 ± 0,0 ± 0
0.2,0.05583 ± 0.007,0.04329 ± 0.007,0.04731 ± 0.008,0.04839 ± 0.008,0 ± 0,0.05802 ± 0.006,0.02630 ± 0.005,0 ± 0,0 ± 0,0 ± 0,0 ± 0
0.3,0.16875 ± 0.006,0.06158 ± 0.016,0.05968 ± 0.012,0.05915 ± 0.013,0 ± 0,0.07108 ± 0.012,0.05720 ± 0.017,0 ± 0,0 ± 0,0 ± 0,0 ± 0
0.4,0.05594 ± 0.003,0.03869 ± 0.002,0.03453 ± 0.004,0.03527 ± 0.004,0 ± 0,0.05096 ± 0.002,0.02939 ± 0.011,0 ± 0,0 ± 0,0 ± 0,0 ± 0
0.5,0.04956 ± 0.002,0.02940 ± 0.001,0.03057 ± 0.004,0.02399 ± 0.002,0 ± 0,0.03973 ± 0.001,0.02467 ± 0.004,0 ± 0,0 ± 0,0 ± 0,0 ± 0
0.6,0.22478 ± 0.001,0.12670 ± 0.003,0.11071 ± 0.002,0.12407 ± 0.001,0 ± 0,0.20248 ± 0.004,0.19624 ± 0.025,0 ± 0,0 ± 0,0 ± 0,0 ± 0
0.7,0.22584 ± 0.002,0.14541 ± 0.002,0.11569 ± 0.008,0.12647 ± 0.003,0 ± 0,0.22029 ± 0.006,0.20377 ± 0.046,0 ± 0,0 ± 0,0 ± 0,0 ± 0
0.8,0.22813 ± 0.001,0.20284 ± 0.002,0.22327 ± 0.012,0.22540 ± 0.006,0 ± 0,0.23900 ± 0.003,0.25464 ± 0.015,0 ± 0,0 ± 0,0 ± 0,0 ± 0
