,mean,knn,mice,XGB,missforest,mf,gain,mcflow,notmiwae,miwae,tabcsdi
0.1,0.26256 ± 0.006,0.17279 ± 0.022,0.14144 ± 0.009,0.14257 ± 0.010,0 ± 0,0.19661 ± 0.016,0.15396 ± 0.069,0 ± 0,0 ± 0,0 ± 0,0 ± 0
0.2,0.05520 ± 0.002,0.04423 ± 0.001,0.04784 ± 0.002,0.04892 ± 0.001,0 ± 0,0.05498 ± 0.002,0.02579 ± 0.006,0 ± 0,0 ± 0,0 ± 0,0 ± 0
0.3,0.16901 ± 0.003,0.06330 ± 0.005,0.05986 ± 0.003,0.05934 ± 0.004,0 ± 0,0.06453 ± 0.003,0.05711 ± 0.015,0 ± 0,0 ± 0,0 ± 0,0 ± 0
0.4,0.05538 ± 0.001,0.03848 ± 0.001,0.03463 ± 0.001,0.03532 ± 0.001,0 ± 0,0.04732 ± 0.001,0.02946 ± 0.011,0 ± 0,0 ± 0,0 ± 0,0 ± 0
0.5,0.04914 ± 0.001,0.02912 ± 0.001,0.03024 ± 0.003,0.02392 ± 0.001,0 ± 0,0.03532 ± 0.000,0.02398 ± 0.004,0 ± 0,0 ± 0,0 ± 0,0 ± 0
0.6,0.22475 ± 0.001,0.12696 ± 0.002,0.11069 ± 0.002,0.12421 ± 0.001,0 ± 0,0.16369 ± 0.002,0.19853 ± 0.024,0 ± 0,0 ± 0,0 ± 0,0 ± 0
0.7,0.22591 ± 0.001,0.14571 ± 0.001,0.11566 ± 0.008,0.12621 ± 0.002,0 ± 0,0.17958 ± 0.002,0.20467 ± 0.046,0 ± 0,0 ± 0,0 ± 0,0 ± 0
0.8,0.22774 ± 0.001,0.20208 ± 0.000,0.21854 ± 0.002,0.22273 ± 0.002,0 ± 0,0.23623 ± 0.002,0.25364 ± 0.016,0 ± 0,0 ± 0,0 ± 0,0 ± 0
