,train_ML_rmse_mean,train_ML_rmse_std,test_ML_rmse_mean,test_ML_rmse_std
0.1,11.05794898014554,0.2515695346680407,10.948971504973802,0.7099876717313364
0.2,10.459109169441357,0.2904101278845092,10.312010958512312,0.6322291091190363
0.3,12.71736953791397,0.15758052813791693,12.749399061819679,0.5765618206911167
0.4,12.559890563910821,0.15113120787218468,12.647685476912084,0.5610758638738851
0.5,11.977442468153816,0.11638884716174881,12.08330027231285,0.343603674240776
0.6,12.583808246990326,0.20733198177819234,12.748417656317082,0.46234495575612367
0.7,11.752037180215444,0.16571644326377866,11.855356698911772,0.6242101319096034
0.8,11.721841772638403,0.1406730957987559,11.791900902309624,0.6298880194937613
