,train_rmse_mean,train_rmse_std,train_mae_mean,train_mae_std,test_rmse_mean,test_rmse_std,test_mae_mean,test_mae_std
0.1,0.5748383,0.0048754844,0.49483338,0.0055399076,0.5727728,0.016445883,0.4951139,0.018275872
0.2,0.5828365,0.003270549,0.50113666,0.0058924435,0.5598638,0.022157546,0.48441076,0.023047537
0.3,0.56703645,0.010773889,0.48810166,0.011352304,0.5629505,0.01696809,0.4822018,0.023642687
0.4,0.5650807,0.004409648,0.48552132,0.004509529,0.55926,0.014910534,0.47830668,0.018263193
0.5,0.54113376,0.006891198,0.45899028,0.009203385,0.55211866,0.018987518,0.4707617,0.01458322
0.6,0.49723005,0.0060384767,0.41438788,0.0059613064,0.50767016,0.005921572,0.42881098,0.004036353
0.7,0.49698186,0.0067622033,0.41369376,0.00719612,0.49522513,0.006971149,0.41346774,0.0049881088
0.8,0.48484167,0.003183747,0.40195504,0.0038750938,0.48195806,0.00702686,0.39813936,0.007884919
