,train_ML_rmse_mean,train_ML_rmse_std,test_ML_rmse_mean,test_ML_rmse_std
0.1,14.154492717995856,0.2525480905283357,14.180171815931487,0.6452267479073248
0.2,14.299608083206593,0.09722381104256034,14.194216120687742,0.669824312366586
0.3,14.90530772116793,0.24986839403860298,14.819441802893044,0.6822454704208535
0.4,16.570618551170064,0.21911952942155377,16.34907569847248,0.7535410322429567
0.5,15.155147840964986,0.15986582093152338,15.013138158674838,0.692640210495018
0.6,16.089141381330606,0.23550135699577526,16.08196857302703,0.7408469562721761
0.7,16.729082305911724,0.146877066205989,16.85614761121632,0.49105484108485387
0.8,15.447712305292146,0.24746036575937655,15.527016435934474,0.7303678100133116
