,train_ML_f1_mean,train_ML_f1_std,test_ML_f1_mean,test_ML_f1_std
0.1,0.9380786233045875,0.0033311273882242845,0.9347466556036679,0.014124015972885859
0.2,0.9107744806796368,0.006371532113989735,0.9060627201847021,0.022508928599426735
0.3,0.9123504265288179,0.007081034256431367,0.9121775119072784,0.017594943758121012
0.4,0.8490299291768529,0.00577875661879396,0.8372220215749697,0.04026928664932402
0.5,0.8622916835636445,0.0032975128916588733,0.8561277608627215,0.025259593911301455
0.6,0.8668710824087696,0.030457038462128445,0.8715384120379843,0.029252723335882993
0.7,0.9485477418398636,0.004024981631798178,0.9490259781261269,0.023090931341648555
0.8,0.7874473912287018,0.005908533937463562,0.7852518743613229,0.020516497796189997
