,train_ML_f1_mean,train_ML_f1_std,test_ML_f1_mean,test_ML_f1_std
0.1,0.947025626990966,0.0018221538472478946,0.9397989455412749,0.011326704276325952
0.2,0.9281980731273514,0.004798066842444277,0.924217686428262,0.017468962334415868
0.3,0.9228727260879385,0.007213984992233218,0.9237720367395669,0.012741476889967504
0.4,0.8721121326923942,0.006569715721704037,0.8594709318219543,0.035046390381573
0.5,0.8845814191870348,0.003577210620623471,0.8720185580618166,0.024377469015387607
0.6,0.9054275617919748,0.020953673910181266,0.902796663499957,0.015065502755963286
0.7,0.9567317331899703,0.0026878661705122325,0.9541645133456533,0.02538484791863199
0.8,0.8135760763681656,0.010972244390094112,0.8063261831479975,0.02636480520834908
