,train_rmse_mean,train_rmse_std,train_mae_mean,train_mae_std,test_rmse_mean,test_rmse_std,test_mae_mean,test_mae_std
0.1,0.115949675,0.008747604,0.07364905,0.0069289054,0.11922391,0.015453228,0.076788634,0.009380264
0.2,0.1472021,0.00996577,0.09287535,0.006643195,0.15000746,0.012675659,0.09556695,0.010878636
0.3,0.1437567,0.011726513,0.09569128,0.0077953087,0.14757061,0.009892665,0.09801133,0.0063935295
0.4,0.14420214,0.0152421985,0.092786655,0.011687014,0.14645699,0.015573064,0.093878,0.011224736
0.5,0.16605416,0.015417421,0.10674119,0.0113345245,0.16818145,0.019885523,0.10892036,0.013023629
0.6,0.15840629,0.019777337,0.10252626,0.016606249,0.16188984,0.020538913,0.10636995,0.01669553
0.7,0.17386499,0.008169189,0.111647055,0.0034009707,0.17931089,0.021902999,0.11822556,0.015696475
0.8,0.17079294,0.015258092,0.11146952,0.013873832,0.2266248,0.041236397,0.15590027,0.026531989
0.9,0.16472556,0.019576663,0.10822888,0.015834538,0.2539506,0.030598074,0.18954386,0.029021308
