,train_ML_f1_mean,train_ML_f1_std,test_ML_f1_mean,test_ML_f1_std
0.1,0.47897908975062575,0.03498831056894302,0.36749055675314596,0.07171275409292709
0.2,0.41859328343966207,0.032503132018935815,0.3091252360845694,0.05359766716115848
0.3,0.364165451008191,0.03378601319580083,0.283454141444763,0.04745138647880778
0.4,0.2843559637372162,0.019465969671269994,0.2853818588716293,0.04805444392694575
0.5,0.22217953787471592,0.034394722360335854,0.18502547456792184,0.02911653855978659
0.6,0.20473858349139346,0.028431082975577015,0.19383318736486874,0.04372040099397681
0.7,0.15671292400374465,0.012866283863940328,0.11587227366812339,0.016547802710617645
0.8,0.15183530094332517,0.018743341638082733,0.14606435873210333,0.036663483925111165
0.9,0.07543945846639466,0.005563241318338496,0.06333264483382958,0.024348419430924775
