,RD,ZR,Mean,KNN,MF,Mice,MisF,XGB,OT,HI,GAIN,Mi,NMi,CSDI
0.3,0.37649,0.34166,0.14926,0.14926,0.13386,0.14926,0.14926,0.14926,0.16541,0.1341,0.3757,0.16056,5.44515,0.12848
0.5,0.41688,0.45925,0.15067,0.15067,0.21725,0.15067,0.15067,0.15067,0.16211,0.12801,0.36318,0.19735,7.01138,0.13073
0.7,0.45766,0.38055,0.16383,0.16383,0.22307,0.16383,0.16383,0.16383,0.19258,0.16273,0.34169,0.1907,8.99744,0.11796
