,train_ML_f1_mean,train_ML_f1_std,test_ML_f1_mean,test_ML_f1_std
0.1,0.5053512560717119,0.0414873748593543,0.46422264396304563,0.07719484884465734
0.2,0.44509133286537156,0.03571660625691999,0.3945867959252737,0.0366149169862742
0.3,0.38191907715990037,0.022914806415186957,0.34376203988715825,0.050868620141353835
0.4,0.32158878545684405,0.026324369147042892,0.27782358389238493,0.016403959791597235
0.5,0.2864702420016446,0.026267807159738497,0.2508177726333441,0.061701707322735694
0.6,0.27436725616906565,0.02459392141543202,0.2312039077106836,0.037661618228499255
0.7,0.20473309667048892,0.014934681410052185,0.15860724039518886,0.021326649693996332
0.8,0.19348672619308954,0.03481609737846465,0.14620192533418735,0.041849881017234164
0.9,0.07386089506764659,0.0058006600710647895,0.07611216254829077,0.021360949120839464
