,train_ML_f1_mean,train_ML_f1_std,test_ML_f1_mean,test_ML_f1_std
0.1,0.9419191723704776,0.004384662739800864,0.9424702424908837,0.007519907141132146
0.2,0.9022147981878744,0.005066861635444135,0.902962025271931,0.016762942680062502
0.3,0.8332151222991058,0.006361799105337741,0.8239556703976477,0.011352505394442656
0.4,0.8034245337212452,0.004189189484347643,0.8021466534606947,0.013790780973495466
0.5,0.7415418892844381,0.012366187570277574,0.7297345812408,0.01600998906382277
0.6,0.692875943800192,0.011224403571470733,0.6809493595477174,0.02501197734605871
0.7,0.664149643954995,0.01504006634133307,0.621603855239813,0.014719177550850582
0.8,0.5319164272130514,0.03022330958223702,0.49789891007226766,0.0169181696534904
0.9,0.4879361418513176,0.04185649217659791,0.457417824539084,0.06192757257098038
