,train_ML_f1_mean,train_ML_f1_std,test_ML_f1_mean,test_ML_f1_std
0.1,0.9089320671917918,0.0044594377837489365,0.9092440622450407,0.007180250863826259
0.2,0.872180130174913,0.011300424352020078,0.8694498695981785,0.028571162080148853
0.3,0.7921114960366085,0.004723930798458963,0.7859921627318449,0.018392942827519798
0.4,0.7473966738216838,0.005277476144041157,0.7513679482551058,0.03723308795304767
0.5,0.7158038441595982,0.008184479329150686,0.7137682467136328,0.027638845951517305
0.6,0.6552115112975175,0.011596540738961133,0.6609373682683637,0.028849987737912322
0.7,0.6395804354743165,0.011154527581239908,0.6338261163239995,0.014111005755904273
0.8,0.547334672111363,0.0091045687087989,0.5347858709867214,0.01972486160041705
0.9,0.5279425368936297,0.04090159340252125,0.49483329022122274,0.06606090718488764
