,train_ML_f1_mean,train_ML_f1_std,test_ML_f1_mean,test_ML_f1_std
0.1,0.8923819907449382,0.0029562294426139692,0.893320071123911,0.009638632263401491
0.2,0.8591895988889456,0.007974134869649414,0.8507723864070457,0.031804435163304993
0.3,0.7803983784130575,0.0056219604529242065,0.7777275088416571,0.015098154258280082
0.4,0.7317592028203027,0.005146805860586197,0.735918537181797,0.02660112039084046
0.5,0.7103347128315972,0.00847679598826172,0.7167939328885048,0.02370020374589512
0.6,0.6569251597526359,0.0135812837952769,0.6527006195436769,0.02841489735554408
0.7,0.6338759207278909,0.0050581209311485725,0.629548549352716,0.011810011442160546
0.8,0.5356803629861118,0.013384804374850439,0.5235934329432144,0.028616403155525477
0.9,0.5234699914948479,0.034076234036437315,0.5001479336627465,0.061092410953588985
