,train_ML_f1_mean,train_ML_f1_std,test_ML_f1_mean,test_ML_f1_std
0.1,0.41015634892220276,0.015225607115389013,0.39842406976903394,0.007541615391697323
0.2,0.41933256733967383,0.018885199132531384,0.608926051352654,0.0862849913160038
0.3,0.5536005989792765,0.058589440334781646,0.39842406976903394,0.007541615391697323
0.4,0.5237606390431291,0.04390441563494348,0.39842406976903394,0.007541615391697323
0.5,0.40472431433225947,0.014044740635875906,0.39842406976903394,0.007541615391697323
0.6,0.407353006001341,0.023115903547640818,0.39842406976903394,0.007541615391697323
0.7,0.39842406976903394,0.007541615391697323,0.39842406976903394,0.007541615391697323
0.8,0.39842406976903394,0.007541615391697323,0.39842406976903394,0.007541615391697323
