,train_rmse_mean,train_rmse_std,train_mae_mean,train_mae_std,test_rmse_mean,test_rmse_std,test_mae_mean,test_mae_std
0.3,0.24326523,0.0027474898,0.19449794,0.0061679035,0.2481229,0.010506908,0.1928122,0.010211515
0.5,0.29130954,0.011107074,0.20712562,0.019695086,0.29216236,0.025890894,0.19699354,0.026679639
0.7,0.2910096,0.0017523242,0.19999143,0.008137144,0.3028494,0.014978352,0.20933151,0.020360734
