,train_ML_rmse_mean,train_ML_rmse_std,test_ML_rmse_mean,test_ML_rmse_std
0.1,11.543689412043708,0.5952823464269345,14.834876699875768,0.9324997180154944
0.2,12.614434107447476,0.5190880681167599,18.004234872542987,0.8485283592625945
0.3,13.039592002334256,0.5548172413531035,21.399719724342738,0.5624135033456095
0.4,13.853439383151317,0.4428599571851348,23.53560762770855,0.7959603203573197
0.5,14.326723039396523,0.5288761706376643,28.571222452966897,2.480587037518888
0.6,14.86344408921866,0.4886326849812099,30.113023954181585,1.1422927314475213
0.7,15.337018121510761,0.7654970564118548,33.34242888824826,1.0487815228033017
0.8,15.993527016202261,0.5640371365647276,36.81632178257978,0.7973165851475624
0.9,16.523512294177408,0.47912143265491913,39.36520438066228,1.2094799931097624
