,train_ML_rmse_mean,train_ML_rmse_std,test_ML_rmse_mean,test_ML_rmse_std
0.1,11.599360017917416,0.5061306078392548,12.367815490326342,0.4550323053929247
0.2,12.364950695178967,0.49779709104261344,13.501331756745724,0.6536086021461646
0.3,13.182640039905442,0.4965396246014905,14.75945699754092,0.6729054822039178
0.4,13.671804327448092,0.47649824132506213,16.057884533549107,0.4939967128667448
0.5,14.678601371495716,0.6533167328364792,16.40128982466952,0.5084782647930544
0.6,14.875353669222372,0.5538813005342347,17.130076840839795,0.6917040885916599
0.7,15.494577336073306,0.774740334551149,17.62440225849094,0.6195926987527205
0.8,16.223370456163686,0.5507271750980408,17.90497043383408,0.29759796990931164
0.9,16.911425536234002,0.5008771162639664,18.424197784688705,0.5180683081122235
