,train_ML_rmse_mean,train_ML_rmse_std,test_ML_rmse_mean,test_ML_rmse_std
0.1,13.680629519774238,0.6138786994055403,14.203486072130449,0.37162000660542266
0.2,14.43424095742671,0.6401471111053245,15.268617897415345,0.6875539202611903
0.3,15.048219289645516,0.6090848176965117,17.39433366577167,0.8039317754610203
0.4,15.534903805745472,0.5790761112390859,18.51208467525832,0.8374717977003349
0.5,16.48233583883114,0.5933654893412941,21.30154444406413,1.254802839399421
0.6,16.50847612321947,0.5467331962651143,22.337967366052908,0.8838858992194305
0.7,17.01199098768077,0.6099130436211418,24.29202263107487,0.6415150615199504
0.8,17.873807077668207,0.6329925412092247,26.196110301759347,0.9755916092390339
0.9,18.27884934710541,0.7313623659927155,28.359248703952158,0.5156326463378375
