,train_ML_rmse_mean,train_ML_rmse_std,test_ML_rmse_mean,test_ML_rmse_std
0.1,0.6738968409339059,0.026617040790976952,0.6757256617881016,0.021324482752586627
0.2,0.6785719777297985,0.02738069626982645,0.689069755029777,0.018970897393081634
0.3,0.7033440739374255,0.029630684456514095,0.6786208114396703,0.02784689933938514
0.4,0.7294571221908032,0.03605251888221332,0.7050748389113466,0.026837461865814854
0.5,0.7098168040488245,0.02430861417968631,0.7265287608392297,0.026885198817780193
0.6,0.7413624029307156,0.03322993771989558,0.7255656363837079,0.016237003046621897
0.7,0.7662666688757807,0.052279255966424944,0.7748566650568722,0.037270497298311195
0.8,0.7899911757473232,0.047922011831187154,0.7955610494614705,0.03254105556879664
0.9,0.8156450054526759,0.04674744061010746,0.8059740058187131,0.033812625732989154
