,train_ML_rmse_mean,train_ML_rmse_std,test_ML_rmse_mean,test_ML_rmse_std
0.1,0.6360056729361945,0.01971608746214477,0.6411044450652611,0.01745113338880012
0.2,0.6432147910249517,0.01851843740945056,0.6554794870224683,0.015084884401777588
0.3,0.6524665025118959,0.011197196933537176,0.6657300368426711,0.023188142429214652
0.4,0.6506073902782857,0.019810015250321413,0.6867744319374852,0.019296839343970786
0.5,0.6632247167423723,0.01689917379793742,0.715910958473262,0.03876045561054661
0.6,0.675598297037497,0.02263517446095018,0.7205298454729603,0.017688209864870776
0.7,0.6906285238691424,0.025421645793989724,0.7685822958153323,0.03175389265328663
0.8,0.7244157125550345,0.033229118502368815,0.7915775710854493,0.03066387032643087
0.9,0.7445023009832931,0.05043689237117432,0.8034835875812707,0.028683243183889227
