,train_ML_f1_mean,train_ML_f1_std,test_ML_f1_mean,test_ML_f1_std
0.1,0.4392697874840887,0.06705839716673906,0.4315554684640309,0.07235461530104545
0.2,0.2794961538582704,0.04480855398477933,0.31657501693661666,0.03675432871007876
0.3,0.22612253009434893,0.039445374846273716,0.2212531224897027,0.020223668527517613
0.4,0.19123965425443606,0.040387372631717294,0.24079134583937342,0.03704021359234592
0.5,0.21308575834411622,0.0320066496478163,0.15494431832651478,0.04140187981754884
0.6,0.2113603970452444,0.03613519101077928,0.12614490864783162,0.029535553591547907
0.7,0.2312629858254048,0.037167039996886496,0.12028376149846313,0.04624754140540493
0.8,0.15392884135415527,0.04691251625722204,0.09693843393844033,0.03402829112373437
0.9,0.06859624802101419,0.02121520005403311,0.04385937750430237,0.01960896600238725
